set names cp1251;

/* project */

INSERT INTO project VALUES('zodino_pns','Жодино ПНС №20');

/* channel */

INSERT INTO channel VALUES('zodino_pns.1','ictp','com');

/* object */

INSERT INTO object VALUES('zodino_pns.zodino_pns_20','zodino_pns','zodino_pns.1','Жодино ПНС №20',NULL,NULL);


/* device */

INSERT INTO device VALUES('zodino_pns.zodino_pns_20.gsm','zodino_pns.zodino_pns_20',NULL,'GSM');
INSERT INTO device VALUES('zodino_pns.zodino_pns_20.as','zodino_pns.zodino_pns_20',NULL,'Датчик аварий');
INSERT INTO device VALUES('zodino_pns.zodino_pns_20.gprs','zodino_pns.zodino_pns_20',NULL,'GPRS');
INSERT INTO device VALUES('zodino_pns.zodino_pns_20.ps_1','zodino_pns.zodino_pns_20',NULL,'Датчик давления №1');
INSERT INTO device VALUES('zodino_pns.zodino_pns_20.ps_2','zodino_pns.zodino_pns_20',NULL,'Датчик давления №2');
INSERT INTO device VALUES('zodino_pns.zodino_pns_20.p1','zodino_pns.zodino_pns_20',NULL,'Насос 1');
INSERT INTO device VALUES('zodino_pns.zodino_pns_20.p2','zodino_pns.zodino_pns_20',NULL,'Насос 2');
INSERT INTO device VALUES('zodino_pns.zodino_pns_20.p3','zodino_pns.zodino_pns_20',NULL,'Насос 3');
INSERT INTO device VALUES('zodino_pns.zodino_pns_20.p4','zodino_pns.zodino_pns_20',NULL,'Насос 4');
INSERT INTO device VALUES('zodino_pns.zodino_pns_20.p5','zodino_pns.zodino_pns_20',NULL,'Насос 5');
INSERT INTO device VALUES('zodino_pns.zodino_pns_20.fc','zodino_pns.zodino_pns_20',NULL,'ПЧТ');
INSERT INTO device VALUES('zodino_pns.zodino_pns_20.rs','zodino_pns.zodino_pns_20',NULL,'Датчик ротации');
INSERT INTO device VALUES('zodino_pns.zodino_pns_20.cs_rsm0503','zodino_pns.zodino_pns_20',NULL,'Датчик расхода РСМ0503');
INSERT INTO device VALUES('zodino_pns.zodino_pns_20.zodino_pns_20','zodino_pns.zodino_pns_20',NULL,'Контроллер');
INSERT INTO device VALUES('zodino_pns.zodino_pns_20.abb_acs580_2','zodino_pns.zodino_pns_20',NULL,'Частотный привод abb_acs580 №2');
INSERT INTO device VALUES('zodino_pns.zodino_pns_20.abb_acs580_1','zodino_pns.zodino_pns_20',NULL,'Частотный привод abb_acs580 №1');
INSERT INTO device VALUES('zodino_pns.zodino_pns_20.abb_acs580_3','zodino_pns.zodino_pns_20',NULL,'Частотный привод abb_acs580 №3');
INSERT INTO device VALUES('zodino_pns.zodino_pns_20.abb_acs580_4','zodino_pns.zodino_pns_20',NULL,'Частотный привод abb_acs580 №4');
INSERT INTO device VALUES('zodino_pns.zodino_pns_20.abb_acs580_5','zodino_pns.zodino_pns_20',NULL,'Частотный привод abb_acs580 №5');
INSERT INTO device VALUES('zodino_pns.zodino_pns_20.ts','zodino_pns.zodino_pns_20',NULL,'Датчик температуры');

/* argument, enum_value */

INSERT INTO argument VALUES('zodino_pns.zodino_pns_20.gsm.gsm_lvl_signal_gsm','zodino_pns.zodino_pns_20.gsm','uint',8,'Уровень сигнала GSM',NULL,NULL);
INSERT INTO argument VALUES('zodino_pns.zodino_pns_20.gsm.gsm_num_phone_ascii','zodino_pns.zodino_pns_20.gsm','str',88,'Номер телефона',NULL,NULL);
INSERT INTO argument VALUES('zodino_pns.zodino_pns_20.gsm.gsm_flag_disable_sms','zodino_pns.zodino_pns_20.gsm','bool',1,'Флаг запрета SMS',NULL,NULL);
INSERT INTO argument VALUES('zodino_pns.zodino_pns_20.gsm.gsm_flag_disable_sms_limiter','zodino_pns.zodino_pns_20.gsm','bool',1,'Флаг запрета SMS по ограничителю',NULL,NULL);
INSERT INTO argument VALUES('zodino_pns.zodino_pns_20.gsm.gsm_limiter_sms_messages','zodino_pns.zodino_pns_20.gsm','uint',8,'Ограничитель SMS в сообщениях',NULL,NULL);
INSERT INTO argument VALUES('zodino_pns.zodino_pns_20.gsm.gsm_counter_send_sms','zodino_pns.zodino_pns_20.gsm','uint',16,'Счетчик отправленных SMS',NULL,NULL);
INSERT INTO argument VALUES('zodino_pns.zodino_pns_20.as.as_flag_disable_alm','zodino_pns.zodino_pns_20.as','bool',1,'Флаг запрета обработки аварий',NULL,NULL);
INSERT INTO argument VALUES('zodino_pns.zodino_pns_20.as.as_time_block_alm','zodino_pns.zodino_pns_20.as','uint',16,'Время блокировки аварий',NULL,NULL);
INSERT INTO argument VALUES('zodino_pns.zodino_pns_20.gprs.gprs_name_apn_srv','zodino_pns.zodino_pns_20.gprs','asciz',240,'Имя APN сервера',NULL,NULL);
INSERT INTO argument VALUES('zodino_pns.zodino_pns_20.gprs.gprs_name_apn_user','zodino_pns.zodino_pns_20.gprs','asciz',128,'Имя APN пользователя',NULL,NULL);
INSERT INTO argument VALUES('zodino_pns.zodino_pns_20.gprs.gprs_apn_pass','zodino_pns.zodino_pns_20.gprs','asciz',128,'APN пароль',NULL,NULL);
INSERT INTO argument VALUES('zodino_pns.zodino_pns_20.gprs.gprs_name_tcp_srv','zodino_pns.zodino_pns_20.gprs','asciz',128,'Имя TCP сервера',NULL,NULL);
INSERT INTO argument VALUES('zodino_pns.zodino_pns_20.gprs.gprs_name_tcp_port','zodino_pns.zodino_pns_20.gprs','asciz',48,'Имя TCP порта',NULL,NULL);
INSERT INTO argument VALUES('zodino_pns.zodino_pns_20.gprs.gprs_name_object_autorization','zodino_pns.zodino_pns_20.gprs','asciz',112,'Имя объекта авторизации',NULL,NULL);
INSERT INTO argument VALUES('zodino_pns.zodino_pns_20.gprs.gprs_name_user_autorization','zodino_pns.zodino_pns_20.gprs','asciz',88,'Имя пользователя авторизации',NULL,NULL);
INSERT INTO argument VALUES('zodino_pns.zodino_pns_20.gprs.gprs_pass_autorization','zodino_pns.zodino_pns_20.gprs','asciz',88,'Пароль авторизации',NULL,NULL);
INSERT INTO argument VALUES('zodino_pns.zodino_pns_20.ps_1.ps1_value','zodino_pns.zodino_pns_20.ps_1','uint',8,'Значение датчика давления №1',NULL,NULL);
INSERT INTO argument VALUES('zodino_pns.zodino_pns_20.ps_1.ps1_min_value','zodino_pns.zodino_pns_20.ps_1','uint',8,'Значение минимального предела датчика давления №1',NULL,NULL);
INSERT INTO argument VALUES('zodino_pns.zodino_pns_20.ps_1.ps1_max_value','zodino_pns.zodino_pns_20.ps_1','uint',8,'Значение максимального предела датчика давления №1',NULL,NULL);
INSERT INTO argument VALUES('zodino_pns.zodino_pns_20.ps_1.ps1_min_use','zodino_pns.zodino_pns_20.ps_1','bool',1,'Использование минимума датчика давления №1',NULL,NULL);
INSERT INTO argument VALUES('zodino_pns.zodino_pns_20.ps_1.ps1_max_use','zodino_pns.zodino_pns_20.ps_1','bool',1,'Использование максимума датчика давления №1',NULL,NULL);
INSERT INTO argument VALUES('zodino_pns.zodino_pns_20.ps_1.ps1_min_alm','zodino_pns.zodino_pns_20.ps_1','bool',1,'Достигнут минимальный предел датчика давления №1',NULL,NULL);
INSERT INTO argument VALUES('zodino_pns.zodino_pns_20.ps_1.ps1_max_alm','zodino_pns.zodino_pns_20.ps_1','bool',1,'Достигнут максимальный предел датчика давления №1',NULL,NULL);
INSERT INTO argument VALUES('zodino_pns.zodino_pns_20.ps_2.ps2_value','zodino_pns.zodino_pns_20.ps_2','uint',8,'Значение датчика давления №2',NULL,NULL);
INSERT INTO argument VALUES('zodino_pns.zodino_pns_20.ps_2.ps2_min_value','zodino_pns.zodino_pns_20.ps_2','uint',8,'Значение минимального предела датчика давления №2',NULL,NULL);
INSERT INTO argument VALUES('zodino_pns.zodino_pns_20.ps_2.ps2_max_value','zodino_pns.zodino_pns_20.ps_2','uint',8,'Значение максимального предела датчика давления №2',NULL,NULL);
INSERT INTO argument VALUES('zodino_pns.zodino_pns_20.ps_2.ps2_min_use','zodino_pns.zodino_pns_20.ps_2','bool',1,'Использование минимума датчика давления №2',NULL,NULL);
INSERT INTO argument VALUES('zodino_pns.zodino_pns_20.ps_2.ps2_max_use','zodino_pns.zodino_pns_20.ps_2','bool',1,'Использование максимума датчика давления №2',NULL,NULL);
INSERT INTO argument VALUES('zodino_pns.zodino_pns_20.ps_2.ps2_min_alm','zodino_pns.zodino_pns_20.ps_2','bool',1,'Достигнут минимальный предел датчика давления №2',NULL,NULL);
INSERT INTO argument VALUES('zodino_pns.zodino_pns_20.ps_2.ps2_max_alm','zodino_pns.zodino_pns_20.ps_2','bool',1,'Достигнут максимальный предел датчика давления №2',NULL,NULL);
INSERT INTO argument VALUES('zodino_pns.zodino_pns_20.p1.p1_value','zodino_pns.zodino_pns_20.p1','uint',8,'Насос 1. Значение тока насоса',NULL,NULL);
INSERT INTO argument VALUES('zodino_pns.zodino_pns_20.p1.p1_min_value','zodino_pns.zodino_pns_20.p1','uint',8,'Насос 1. Значение минимального предела насоса',NULL,NULL);
INSERT INTO argument VALUES('zodino_pns.zodino_pns_20.p1.p1_max_value','zodino_pns.zodino_pns_20.p1','uint',8,'Насос 1. Значение максимального предела насоса',NULL,NULL);
INSERT INTO argument VALUES('zodino_pns.zodino_pns_20.p1.p1_min_use','zodino_pns.zodino_pns_20.p1','bool',1,'Насос 1. Использовать анализ минимального предела насоса',NULL,NULL);
INSERT INTO argument VALUES('zodino_pns.zodino_pns_20.p1.p1_max_use','zodino_pns.zodino_pns_20.p1','bool',1,'Насос 1. Использовать анализ максимального предела насоса',NULL,NULL);
INSERT INTO argument VALUES('zodino_pns.zodino_pns_20.p1.p1_min_alm','zodino_pns.zodino_pns_20.p1','bool',1,'Насос 1. Достигнут минимальный предел  насоса',NULL,NULL);
INSERT INTO argument VALUES('zodino_pns.zodino_pns_20.p1.p1_max_alm','zodino_pns.zodino_pns_20.p1','bool',1,'Насос 1. Достигнут максимальный предел  насоса',NULL,NULL);
INSERT INTO argument VALUES('zodino_pns.zodino_pns_20.p1.p1_use_auto_off_on_event','zodino_pns.zodino_pns_20.p1','bool',1,'Использовать автовыключение насоса по событию (0 – не использовать) P1',NULL,NULL);
INSERT INTO argument VALUES('zodino_pns.zodino_pns_20.p1.p1_on','zodino_pns.zodino_pns_20.p1','bool',1,'Состояние P1(0 – выключен1 – включен)',NULL,NULL);
INSERT INTO argument VALUES('zodino_pns.zodino_pns_20.p1.p1_state_on','zodino_pns.zodino_pns_20.p1','bool',1,'Состояние включения P1(0 – не включается1 – включается)',NULL,NULL);
INSERT INTO argument VALUES('zodino_pns.zodino_pns_20.p1.p1_state_off','zodino_pns.zodino_pns_20.p1','bool',1,'Состояние выключения P1(0 – не выключается1 – выключается)',NULL,NULL);
INSERT INTO argument VALUES('zodino_pns.zodino_pns_20.p2.p2_value','zodino_pns.zodino_pns_20.p2','uint',8,'Насос 2. Значение тока насоса',NULL,NULL);
INSERT INTO argument VALUES('zodino_pns.zodino_pns_20.p2.p2_min_value','zodino_pns.zodino_pns_20.p2','uint',8,'Насос 2. Значение минимального предела насоса',NULL,NULL);
INSERT INTO argument VALUES('zodino_pns.zodino_pns_20.p2.p2_max_value','zodino_pns.zodino_pns_20.p2','uint',8,'Насос 2. Значение максимального предела насоса',NULL,NULL);
INSERT INTO argument VALUES('zodino_pns.zodino_pns_20.p2.p2_min_use','zodino_pns.zodino_pns_20.p2','bool',1,'Насос 2. Использовать анализ минимального предела насоса',NULL,NULL);
INSERT INTO argument VALUES('zodino_pns.zodino_pns_20.p2.p2_max_use','zodino_pns.zodino_pns_20.p2','bool',1,'Насос 2. Использовать анализ максимального предела насоса',NULL,NULL);
INSERT INTO argument VALUES('zodino_pns.zodino_pns_20.p2.p2_min_alm','zodino_pns.zodino_pns_20.p2','bool',1,'Насос 2. Достигнут минимальный предел  насоса',NULL,NULL);
INSERT INTO argument VALUES('zodino_pns.zodino_pns_20.p2.p2_max_alm','zodino_pns.zodino_pns_20.p2','bool',1,'Насос 2. Достигнут максимальный предел  насоса',NULL,NULL);
INSERT INTO argument VALUES('zodino_pns.zodino_pns_20.p2.p2_use_auto_off_on_event','zodino_pns.zodino_pns_20.p2','bool',1,'Насос 2. Использовать автовыключение насоса по событию',NULL,NULL);
INSERT INTO argument VALUES('zodino_pns.zodino_pns_20.p2.p2_on','zodino_pns.zodino_pns_20.p2','bool',1,'Насос 2. Насос включен',NULL,NULL);
INSERT INTO argument VALUES('zodino_pns.zodino_pns_20.p2.p2_state_on','zodino_pns.zodino_pns_20.p2','bool',1,'Насос 2. Состояние включения насоса - включается',NULL,NULL);
INSERT INTO argument VALUES('zodino_pns.zodino_pns_20.p2.p2_state_off','zodino_pns.zodino_pns_20.p2','bool',1,'Насос 2. Состояние выключения насоса - выключается',NULL,NULL);
INSERT INTO argument VALUES('zodino_pns.zodino_pns_20.p3.p3_value','zodino_pns.zodino_pns_20.p3','uint',8,'Насос 3. Значение тока насоса',NULL,NULL);
INSERT INTO argument VALUES('zodino_pns.zodino_pns_20.p3.p3_min_value','zodino_pns.zodino_pns_20.p3','uint',8,'Насос 3. Значение минимального предела насоса',NULL,NULL);
INSERT INTO argument VALUES('zodino_pns.zodino_pns_20.p3.p3_max_value','zodino_pns.zodino_pns_20.p3','uint',8,'Насос 3. Значение максимального предела насоса',NULL,NULL);
INSERT INTO argument VALUES('zodino_pns.zodino_pns_20.p3.p3_min_use','zodino_pns.zodino_pns_20.p3','bool',1,'Насос 3. Использовать анализ минимального предела насоса',NULL,NULL);
INSERT INTO argument VALUES('zodino_pns.zodino_pns_20.p3.p3_max_use','zodino_pns.zodino_pns_20.p3','bool',1,'Насос 3. Использовать анализ максимального предела насоса',NULL,NULL);
INSERT INTO argument VALUES('zodino_pns.zodino_pns_20.p3.p3_min_alm','zodino_pns.zodino_pns_20.p3','bool',1,'Насос 3. Достигнут минимальный предел  насоса',NULL,NULL);
INSERT INTO argument VALUES('zodino_pns.zodino_pns_20.p3.p3_max_alm','zodino_pns.zodino_pns_20.p3','bool',1,'Насос 3. Достигнут максимальный предел  насоса',NULL,NULL);
INSERT INTO argument VALUES('zodino_pns.zodino_pns_20.p3.p3_use_auto_off_on_event','zodino_pns.zodino_pns_20.p3','bool',1,'Насос 3. Использовать автовыключение насоса по событию',NULL,NULL);
INSERT INTO argument VALUES('zodino_pns.zodino_pns_20.p3.p3_on','zodino_pns.zodino_pns_20.p3','bool',1,'Насос 3. Насос включен',NULL,NULL);
INSERT INTO argument VALUES('zodino_pns.zodino_pns_20.p3.p3_state_on','zodino_pns.zodino_pns_20.p3','bool',1,'Насос 3. Состояние включения насоса - включается',NULL,NULL);
INSERT INTO argument VALUES('zodino_pns.zodino_pns_20.p3.p3_state_off','zodino_pns.zodino_pns_20.p3','bool',1,'Насос 3. Состояние выключения насоса - выключается',NULL,NULL);
INSERT INTO argument VALUES('zodino_pns.zodino_pns_20.p4.p4_value','zodino_pns.zodino_pns_20.p4','uint',8,'Насос 4. Значение тока насоса',NULL,NULL);
INSERT INTO argument VALUES('zodino_pns.zodino_pns_20.p4.p4_min_value','zodino_pns.zodino_pns_20.p4','uint',8,'Насос 4. Значение минимального предела насоса',NULL,NULL);
INSERT INTO argument VALUES('zodino_pns.zodino_pns_20.p4.p4_max_value','zodino_pns.zodino_pns_20.p4','uint',8,'Насос 4. Значение максимального предела насоса',NULL,NULL);
INSERT INTO argument VALUES('zodino_pns.zodino_pns_20.p4.p4_min_use','zodino_pns.zodino_pns_20.p4','bool',1,'Насос 4. Использовать анализ минимального предела насоса',NULL,NULL);
INSERT INTO argument VALUES('zodino_pns.zodino_pns_20.p4.p4_max_use','zodino_pns.zodino_pns_20.p4','bool',1,'Насос 4. Использовать анализ максимального предела насоса',NULL,NULL);
INSERT INTO argument VALUES('zodino_pns.zodino_pns_20.p4.p4_min_alm','zodino_pns.zodino_pns_20.p4','bool',1,'Насос 4. Достигнут минимальный предел  насоса',NULL,NULL);
INSERT INTO argument VALUES('zodino_pns.zodino_pns_20.p4.p4_max_alm','zodino_pns.zodino_pns_20.p4','bool',1,'Насос 4. Достигнут максимальный предел  насоса',NULL,NULL);
INSERT INTO argument VALUES('zodino_pns.zodino_pns_20.p4.p4_use_auto_off_on_event','zodino_pns.zodino_pns_20.p4','bool',1,'Насос 4. Использовать автовыключение насоса по событию',NULL,NULL);
INSERT INTO argument VALUES('zodino_pns.zodino_pns_20.p4.p4_on','zodino_pns.zodino_pns_20.p4','bool',1,'Насос 4. Насос включен',NULL,NULL);
INSERT INTO argument VALUES('zodino_pns.zodino_pns_20.p4.p4_state_on','zodino_pns.zodino_pns_20.p4','bool',1,'Насос 4. Состояние включения насоса - включается',NULL,NULL);
INSERT INTO argument VALUES('zodino_pns.zodino_pns_20.p4.p4_state_off','zodino_pns.zodino_pns_20.p4','bool',1,'Насос 4. Состояние выключения насоса - выключается',NULL,NULL);
INSERT INTO argument VALUES('zodino_pns.zodino_pns_20.p5.p5_value','zodino_pns.zodino_pns_20.p5','uint',8,'Насос 5. Значение тока насоса',NULL,NULL);
INSERT INTO argument VALUES('zodino_pns.zodino_pns_20.p5.p5_min_value','zodino_pns.zodino_pns_20.p5','uint',8,'Насос 5. Значение минимального предела насоса',NULL,NULL);
INSERT INTO argument VALUES('zodino_pns.zodino_pns_20.p5.p5_max_value','zodino_pns.zodino_pns_20.p5','uint',8,'Насос 5. Значение максимального предела насоса',NULL,NULL);
INSERT INTO argument VALUES('zodino_pns.zodino_pns_20.p5.p5_min_use','zodino_pns.zodino_pns_20.p5','bool',1,'Насос 5. Использовать анализ минимального предела насоса',NULL,NULL);
INSERT INTO argument VALUES('zodino_pns.zodino_pns_20.p5.p5_max_use','zodino_pns.zodino_pns_20.p5','bool',1,'Насос 5. Использовать анализ максимального предела насоса',NULL,NULL);
INSERT INTO argument VALUES('zodino_pns.zodino_pns_20.p5.p5_min_alm','zodino_pns.zodino_pns_20.p5','bool',1,'Насос 5. Достигнут минимальный предел  насоса',NULL,NULL);
INSERT INTO argument VALUES('zodino_pns.zodino_pns_20.p5.p5_max_alm','zodino_pns.zodino_pns_20.p5','bool',1,'Насос 5. Достигнут максимальный предел  насоса',NULL,NULL);
INSERT INTO argument VALUES('zodino_pns.zodino_pns_20.p5.p5_use_auto_off_on_event','zodino_pns.zodino_pns_20.p5','bool',1,'Насос 5. Использовать автовыключение насоса по событию',NULL,NULL);
INSERT INTO argument VALUES('zodino_pns.zodino_pns_20.p5.p5_on','zodino_pns.zodino_pns_20.p5','bool',1,'Насос 5. Насос включен',NULL,NULL);
INSERT INTO argument VALUES('zodino_pns.zodino_pns_20.p5.p5_state_on','zodino_pns.zodino_pns_20.p5','bool',1,'Насос 5. Состояние включения насоса - включается',NULL,NULL);
INSERT INTO argument VALUES('zodino_pns.zodino_pns_20.p5.p5_state_off','zodino_pns.zodino_pns_20.p5','bool',1,'Насос 5. Состояние выключения насоса - выключается',NULL,NULL);
INSERT INTO argument VALUES('zodino_pns.zodino_pns_20.fc.fc_current_task','zodino_pns.zodino_pns_20.fc','uint',8,'Текущее задание',NULL,NULL);
INSERT INTO argument VALUES('zodino_pns.zodino_pns_20.fc.fc_work_mode','zodino_pns.zodino_pns_20.fc','uint',2,'Режим работы',NULL,NULL);
INSERT INTO enum_value VALUES('zodino_pns.zodino_pns_20.fc.fc_work_mode',0,'По ручному заданию');
INSERT INTO enum_value VALUES('zodino_pns.zodino_pns_20.fc.fc_work_mode',1,'По суточному графику');
INSERT INTO enum_value VALUES('zodino_pns.zodino_pns_20.fc.fc_work_mode',2,'По недельному графику');
INSERT INTO argument VALUES('zodino_pns.zodino_pns_20.fc.fc_day_num','zodino_pns.zodino_pns_20.fc','uint',3,'Номер дня (0-7, 0 – суточный график)',NULL,NULL);
INSERT INTO argument VALUES('zodino_pns.zodino_pns_20.fc.fc_halfhour_task','zodino_pns.zodino_pns_20.fc','bytes',384,'Задание на получас',NULL,NULL);
INSERT INTO argument VALUES('zodino_pns.zodino_pns_20.fc.fc_task','zodino_pns.zodino_pns_20.fc','uint',8,'Задание',NULL,NULL);
INSERT INTO argument VALUES('zodino_pns.zodino_pns_20.fc.fc_week_graph','zodino_pns.zodino_pns_20.fc','bytes',2688,'Недельный график',NULL,NULL);
INSERT INTO argument VALUES('zodino_pns.zodino_pns_20.rs.rs_time_rotation_hour','zodino_pns.zodino_pns_20.rs','uint',8,'Значение времени ротации (час)',NULL,NULL);
INSERT INTO argument VALUES('zodino_pns.zodino_pns_20.rs.rs_time_rotation_minute','zodino_pns.zodino_pns_20.rs','uint',8,'Значение времени ротации (минута)',NULL,NULL);
INSERT INTO argument VALUES('zodino_pns.zodino_pns_20.rs.rs_period_rotation','zodino_pns.zodino_pns_20.rs','uint',16,'Значение периода ротации (в часах)',NULL,NULL);
INSERT INTO argument VALUES('zodino_pns.zodino_pns_20.rs.rs_p1_use_rotation','zodino_pns.zodino_pns_20.rs','bool',1,'Насос 1 используется в ротации',NULL,NULL);
INSERT INTO argument VALUES('zodino_pns.zodino_pns_20.rs.rs_p2_use_rotation','zodino_pns.zodino_pns_20.rs','bool',1,'Насос 2 используется в ротации',NULL,NULL);
INSERT INTO argument VALUES('zodino_pns.zodino_pns_20.rs.rs_p3_use_rotation','zodino_pns.zodino_pns_20.rs','bool',1,'Насос 3 используется в ротации',NULL,NULL);
INSERT INTO argument VALUES('zodino_pns.zodino_pns_20.rs.rs_p4_use_rotation','zodino_pns.zodino_pns_20.rs','bool',1,'Насос 4 используется в ротации',NULL,NULL);
INSERT INTO argument VALUES('zodino_pns.zodino_pns_20.rs.rs_p5_use_rotation','zodino_pns.zodino_pns_20.rs','bool',1,'Насос 5 используется в ротации',NULL,NULL);
INSERT INTO argument VALUES('zodino_pns.zodino_pns_20.rs.rs_use_time_rotation','zodino_pns.zodino_pns_20.rs','bool',1,'Использовать ротацию по времени',NULL,NULL);
INSERT INTO argument VALUES('zodino_pns.zodino_pns_20.rs.rs_use_rotation_via_period','zodino_pns.zodino_pns_20.rs','bool',1,'Использовать ротацию через период',NULL,NULL);
INSERT INTO argument VALUES('zodino_pns.zodino_pns_20.rs.rs_need_rotation','zodino_pns.zodino_pns_20.rs','bool',1,'Необходима ротация',NULL,NULL);
INSERT INTO argument VALUES('zodino_pns.zodino_pns_20.rs.reserve','zodino_pns.zodino_pns_20.rs','bool',1,'Резерв',NULL,NULL);
INSERT INTO argument VALUES('zodino_pns.zodino_pns_20.cs_rsm0503.rsm0503_cs_value','zodino_pns.zodino_pns_20.cs_rsm0503','float',32,'РСМ0503. Значение текущего расхода',NULL,NULL);
INSERT INTO argument VALUES('zodino_pns.zodino_pns_20.cs_rsm0503.rsm0503_cs_acc_value','zodino_pns.zodino_pns_20.cs_rsm0503','uint',32,'РСМ0503. Значение накопленного расхода',NULL,NULL);
INSERT INTO argument VALUES('zodino_pns.zodino_pns_20.cs_rsm0503.rsm0503_cs_address','zodino_pns.zodino_pns_20.cs_rsm0503','uint',8,'РСМ0503. Адрес датчика',NULL,NULL);
INSERT INTO argument VALUES('zodino_pns.zodino_pns_20.cs_rsm0503.rsm0503_cs_common_alm','zodino_pns.zodino_pns_20.cs_rsm0503','bool',1,'РСМ0503. Общая ошибка',NULL,NULL);
INSERT INTO argument VALUES('zodino_pns.zodino_pns_20.cs_rsm0503.rsm0503_cs_not_answer','zodino_pns.zodino_pns_20.cs_rsm0503','bool',1,'РСМ0503. Датчик не отвечает',NULL,NULL);
INSERT INTO argument VALUES('zodino_pns.zodino_pns_20.cs_rsm0503.rsm0503_cs_use','zodino_pns.zodino_pns_20.cs_rsm0503','bool',1,'РСМ0503. Использовать датчик',NULL,NULL);
INSERT INTO argument VALUES('zodino_pns.zodino_pns_20.zodino_pns_20.system_code','zodino_pns.zodino_pns_20.zodino_pns_20','uint',8,'Системный ответ',NULL,NULL);
INSERT INTO enum_value VALUES('zodino_pns.zodino_pns_20.zodino_pns_20.system_code',0,'Ошибка LRC');
INSERT INTO enum_value VALUES('zodino_pns.zodino_pns_20.zodino_pns_20.system_code',1,'Ошибка типа устройства');
INSERT INTO enum_value VALUES('zodino_pns.zodino_pns_20.zodino_pns_20.system_code',2,'Ошибка номера устройства');
INSERT INTO enum_value VALUES('zodino_pns.zodino_pns_20.zodino_pns_20.system_code',3,'Неопределенная операция');
INSERT INTO enum_value VALUES('zodino_pns.zodino_pns_20.zodino_pns_20.system_code',4,'Неправильное количество параметров');
INSERT INTO enum_value VALUES('zodino_pns.zodino_pns_20.zodino_pns_20.system_code',5,'Неправильные параметры');
INSERT INTO enum_value VALUES('zodino_pns.zodino_pns_20.zodino_pns_20.system_code',6,'Запрещенная операция');
INSERT INTO enum_value VALUES('zodino_pns.zodino_pns_20.zodino_pns_20.system_code',7,'Занятая операция');
INSERT INTO argument VALUES('zodino_pns.zodino_pns_20.zodino_pns_20.version','zodino_pns.zodino_pns_20.zodino_pns_20','str',255,'Версия',NULL,NULL);
INSERT INTO argument VALUES('zodino_pns.zodino_pns_20.zodino_pns_20.date_time','zodino_pns.zodino_pns_20.zodino_pns_20','date',56,'Дата/время',NULL,NULL);
INSERT INTO argument VALUES('zodino_pns.zodino_pns_20.zodino_pns_20.as_flag_disable_alm','zodino_pns.zodino_pns_20.zodino_pns_20','bool',1,'Флаг заперта обработки аварий - запрещено',NULL,NULL);
INSERT INTO argument VALUES('zodino_pns.zodino_pns_20.zodino_pns_20.as_time_block_alm','zodino_pns.zodino_pns_20.zodino_pns_20','uint',16,'Время блокировки аварий, в секундах ( 0 – 3600 сек; 0 – не использовать)',NULL,NULL);
INSERT INTO argument VALUES('zodino_pns.zodino_pns_20.zodino_pns_20.gsm_lvl_signal_gsm','zodino_pns.zodino_pns_20.zodino_pns_20','uint',8,'Уровень сигнала GSM',NULL,NULL);
INSERT INTO argument VALUES('zodino_pns.zodino_pns_20.zodino_pns_20.gsm_limiter_sms_messages','zodino_pns.zodino_pns_20.zodino_pns_20','uint',8,'Ограничитель SMS в сообщениях',NULL,NULL);
INSERT INTO argument VALUES('zodino_pns.zodino_pns_20.zodino_pns_20.gsm_counter_send_sms','zodino_pns.zodino_pns_20.zodino_pns_20','uint',16,'Счетчик отправленных SMS',NULL,NULL);
INSERT INTO argument VALUES('zodino_pns.zodino_pns_20.zodino_pns_20.gsm_flag_disable_sms','zodino_pns.zodino_pns_20.zodino_pns_20','bool',1,'Флаг запрета SMS - запрещены',NULL,NULL);
INSERT INTO argument VALUES('zodino_pns.zodino_pns_20.zodino_pns_20.gsm_flag_disable_sms_limiter','zodino_pns.zodino_pns_20.zodino_pns_20','bool',1,'Флаг запрета SMS по ограничителю  - запрещены',NULL,NULL);
INSERT INTO argument VALUES('zodino_pns.zodino_pns_20.zodino_pns_20.step_stat','zodino_pns.zodino_pns_20.zodino_pns_20','uint',8,'Шаг статистики',NULL,NULL);
INSERT INTO argument VALUES('zodino_pns.zodino_pns_20.zodino_pns_20.count_block_stat','zodino_pns.zodino_pns_20.zodino_pns_20','uint',16,'Количество блоков статистики',NULL,NULL);
INSERT INTO argument VALUES('zodino_pns.zodino_pns_20.zodino_pns_20.save_alm_stat','zodino_pns.zodino_pns_20.zodino_pns_20','bool',1,'Сохранение аварийной статистики',NULL,NULL);
INSERT INTO argument VALUES('zodino_pns.zodino_pns_20.zodino_pns_20.save_stat_send_sms','zodino_pns.zodino_pns_20.zodino_pns_20','bool',1,'Сохранение статистики по отправке SMS',NULL,NULL);
INSERT INTO argument VALUES('zodino_pns.zodino_pns_20.zodino_pns_20.save_stat_event','zodino_pns.zodino_pns_20.zodino_pns_20','bool',1,'Сохранение статистики по событию',NULL,NULL);
INSERT INTO argument VALUES('zodino_pns.zodino_pns_20.zodino_pns_20.alm_memory','zodino_pns.zodino_pns_20.zodino_pns_20','bool',1,'Авария заполненности памяти для статистики',NULL,NULL);
INSERT INTO argument VALUES('zodino_pns.zodino_pns_20.zodino_pns_20.ps1_value','zodino_pns.zodino_pns_20.zodino_pns_20','uint',8,'Значение датчика давления воды 1',NULL,NULL);
INSERT INTO argument VALUES('zodino_pns.zodino_pns_20.zodino_pns_20.ps1_min_value','zodino_pns.zodino_pns_20.zodino_pns_20','uint',8,'Значение минимального предела PS1',NULL,NULL);
INSERT INTO argument VALUES('zodino_pns.zodino_pns_20.zodino_pns_20.ps1_max_value','zodino_pns.zodino_pns_20.zodino_pns_20','uint',8,'Значение максимального предела PS1',NULL,NULL);
INSERT INTO argument VALUES('zodino_pns.zodino_pns_20.zodino_pns_20.ps1_min_use','zodino_pns.zodino_pns_20.zodino_pns_20','bool',1,'Использовать минимум датчика давления воды 1',NULL,NULL);
INSERT INTO argument VALUES('zodino_pns.zodino_pns_20.zodino_pns_20.ps1_max_use','zodino_pns.zodino_pns_20.zodino_pns_20','bool',1,'Использовать максимум датчика давления воды 1',NULL,NULL);
INSERT INTO argument VALUES('zodino_pns.zodino_pns_20.zodino_pns_20.ps1_min_alm','zodino_pns.zodino_pns_20.zodino_pns_20','bool',1,'Достигнут минимальный предел (0 – не достигнут) PS1',NULL,NULL);
INSERT INTO argument VALUES('zodino_pns.zodino_pns_20.zodino_pns_20.ps1_max_alm','zodino_pns.zodino_pns_20.zodino_pns_20','bool',1,'Достигнут максимальный предел (0 – не достигнут) PS1',NULL,NULL);
INSERT INTO argument VALUES('zodino_pns.zodino_pns_20.zodino_pns_20.ps2_value','zodino_pns.zodino_pns_20.zodino_pns_20','uint',8,'Значение датчика PS2',NULL,NULL);
INSERT INTO argument VALUES('zodino_pns.zodino_pns_20.zodino_pns_20.ps2_min_value','zodino_pns.zodino_pns_20.zodino_pns_20','uint',8,'Значение минимального предела PS2',NULL,NULL);
INSERT INTO argument VALUES('zodino_pns.zodino_pns_20.zodino_pns_20.ps2_max_value','zodino_pns.zodino_pns_20.zodino_pns_20','uint',8,'Значение максимального предела PS2',NULL,NULL);
INSERT INTO argument VALUES('zodino_pns.zodino_pns_20.zodino_pns_20.ps2_min_use','zodino_pns.zodino_pns_20.zodino_pns_20','bool',1,'Использовать анализ минимального предела (0 – не использовать) PS2',NULL,NULL);
INSERT INTO argument VALUES('zodino_pns.zodino_pns_20.zodino_pns_20.ps2_max_use','zodino_pns.zodino_pns_20.zodino_pns_20','bool',1,'Использовать анализ максимального предела (0 – не использовать) PS2',NULL,NULL);
INSERT INTO argument VALUES('zodino_pns.zodino_pns_20.zodino_pns_20.ps2_min_alm','zodino_pns.zodino_pns_20.zodino_pns_20','bool',1,'Достигнут минимальный предел (0 – не достигнут) PS2',NULL,NULL);
INSERT INTO argument VALUES('zodino_pns.zodino_pns_20.zodino_pns_20.ps2_max_alm','zodino_pns.zodino_pns_20.zodino_pns_20','bool',1,'Достигнут максимальный предел (0 – не достигнут) PS2',NULL,NULL);
INSERT INTO argument VALUES('zodino_pns.zodino_pns_20.zodino_pns_20.rsm0503_cs_value','zodino_pns.zodino_pns_20.zodino_pns_20','float',32,'РСМ0503. Значение текущего расхода',NULL,NULL);
INSERT INTO argument VALUES('zodino_pns.zodino_pns_20.zodino_pns_20.rsm0503_cs_acc_value','zodino_pns.zodino_pns_20.zodino_pns_20','uint',32,'РСМ0503. Значение накопленного расхода',NULL,NULL);
INSERT INTO argument VALUES('zodino_pns.zodino_pns_20.zodino_pns_20.rsm0503_cs_address','zodino_pns.zodino_pns_20.zodino_pns_20','uint',8,'РСМ0503. Адрес датчика',NULL,NULL);
INSERT INTO argument VALUES('zodino_pns.zodino_pns_20.zodino_pns_20.rsm0503_use_responce_analysis','zodino_pns.zodino_pns_20.zodino_pns_20','bool',1,'РСМ0503. Использовать анализ ответа датчика ',NULL,NULL);
INSERT INTO argument VALUES('zodino_pns.zodino_pns_20.zodino_pns_20.rsm0503_cs_common_alm','zodino_pns.zodino_pns_20.zodino_pns_20','bool',1,'РСМ0503. Ошибка устройства ',NULL,NULL);
INSERT INTO argument VALUES('zodino_pns.zodino_pns_20.zodino_pns_20.rsm0503_cs_not_answer','zodino_pns.zodino_pns_20.zodino_pns_20','bool',1,'РСМ0503. Датчик не отвечает',NULL,NULL);
INSERT INTO argument VALUES('zodino_pns.zodino_pns_20.zodino_pns_20.rsm0503_cs_use','zodino_pns.zodino_pns_20.zodino_pns_20','bool',1,'РСМ0503. Использовать датчик',NULL,NULL);
INSERT INTO argument VALUES('zodino_pns.zodino_pns_20.zodino_pns_20.ts_value','zodino_pns.zodino_pns_20.zodino_pns_20','int',8,'Значение датчика температуры',NULL,NULL);
INSERT INTO argument VALUES('zodino_pns.zodino_pns_20.zodino_pns_20.ts_min_value','zodino_pns.zodino_pns_20.zodino_pns_20','int',8,'Значение минимального предела датчика температуры',NULL,NULL);
INSERT INTO argument VALUES('zodino_pns.zodino_pns_20.zodino_pns_20.ts_max_value','zodino_pns.zodino_pns_20.zodino_pns_20','int',8,'Значение максимального предела датчика температуры',NULL,NULL);
INSERT INTO argument VALUES('zodino_pns.zodino_pns_20.zodino_pns_20.ts_min_use','zodino_pns.zodino_pns_20.zodino_pns_20','bool',1,'Использовать анализ минимального предела (0 – не использовать) TS',NULL,NULL);
INSERT INTO argument VALUES('zodino_pns.zodino_pns_20.zodino_pns_20.ts_max_use','zodino_pns.zodino_pns_20.zodino_pns_20','bool',1,'Использовать анализ максимального предела (0 – не использовать) TS',NULL,NULL);
INSERT INTO argument VALUES('zodino_pns.zodino_pns_20.zodino_pns_20.ts_min_alm','zodino_pns.zodino_pns_20.zodino_pns_20','bool',1,'Достигнут минимальный предел датчика температуры',NULL,NULL);
INSERT INTO argument VALUES('zodino_pns.zodino_pns_20.zodino_pns_20.ts_max_alm','zodino_pns.zodino_pns_20.zodino_pns_20','bool',1,'Достигнут максимальный предел датчика температуры',NULL,NULL);
INSERT INTO argument VALUES('zodino_pns.zodino_pns_20.zodino_pns_20.p1_use_auto_off_on_event','zodino_pns.zodino_pns_20.zodino_pns_20','bool',1,'Насос 1. Использовать автовыключение насоса по событию',NULL,NULL);
INSERT INTO argument VALUES('zodino_pns.zodino_pns_20.zodino_pns_20.p1_on','zodino_pns.zodino_pns_20.zodino_pns_20','bool',1,'Насос 1. Насос включен',NULL,NULL);
INSERT INTO argument VALUES('zodino_pns.zodino_pns_20.zodino_pns_20.p1_state_on','zodino_pns.zodino_pns_20.zodino_pns_20','bool',1,'Насос 1. Состояние включения насоса - включается',NULL,NULL);
INSERT INTO argument VALUES('zodino_pns.zodino_pns_20.zodino_pns_20.p1_state_off','zodino_pns.zodino_pns_20.zodino_pns_20','bool',1,'Насос 1. Состояние выключения насоса - выключается',NULL,NULL);
INSERT INTO argument VALUES('zodino_pns.zodino_pns_20.zodino_pns_20.p2_use_auto_off_on_event','zodino_pns.zodino_pns_20.zodino_pns_20','bool',1,'Насос 2. Использовать автовыключение насоса по событию',NULL,NULL);
INSERT INTO argument VALUES('zodino_pns.zodino_pns_20.zodino_pns_20.p2_on','zodino_pns.zodino_pns_20.zodino_pns_20','bool',1,'Насос 2. Насос включен',NULL,NULL);
INSERT INTO argument VALUES('zodino_pns.zodino_pns_20.zodino_pns_20.p2_state_on','zodino_pns.zodino_pns_20.zodino_pns_20','bool',1,'Насос 2. Состояние включения насоса - включается',NULL,NULL);
INSERT INTO argument VALUES('zodino_pns.zodino_pns_20.zodino_pns_20.p2_state_off','zodino_pns.zodino_pns_20.zodino_pns_20','bool',1,'Насос 2. Состояние выключения насоса - выключается',NULL,NULL);
INSERT INTO argument VALUES('zodino_pns.zodino_pns_20.zodino_pns_20.p3_use_auto_off_on_event','zodino_pns.zodino_pns_20.zodino_pns_20','bool',1,'Насос 3. Использовать автовыключение насоса по событию',NULL,NULL);
INSERT INTO argument VALUES('zodino_pns.zodino_pns_20.zodino_pns_20.p3_on','zodino_pns.zodino_pns_20.zodino_pns_20','bool',1,'Насос 3. Насос включен',NULL,NULL);
INSERT INTO argument VALUES('zodino_pns.zodino_pns_20.zodino_pns_20.p3_state_on','zodino_pns.zodino_pns_20.zodino_pns_20','bool',1,'Насос 3. Состояние включения насоса - включается',NULL,NULL);
INSERT INTO argument VALUES('zodino_pns.zodino_pns_20.zodino_pns_20.p3_state_off','zodino_pns.zodino_pns_20.zodino_pns_20','bool',1,'Насос 3. Состояние выключения насоса - выключается',NULL,NULL);
INSERT INTO argument VALUES('zodino_pns.zodino_pns_20.zodino_pns_20.p4_use_auto_off_on_event','zodino_pns.zodino_pns_20.zodino_pns_20','bool',1,'Насос 4. Использовать автовыключение насоса по событию',NULL,NULL);
INSERT INTO argument VALUES('zodino_pns.zodino_pns_20.zodino_pns_20.p4_on','zodino_pns.zodino_pns_20.zodino_pns_20','bool',1,'Насос 4. Насос включен',NULL,NULL);
INSERT INTO argument VALUES('zodino_pns.zodino_pns_20.zodino_pns_20.p4_state_on','zodino_pns.zodino_pns_20.zodino_pns_20','bool',1,'Насос 4. Состояние включения насоса - включается',NULL,NULL);
INSERT INTO argument VALUES('zodino_pns.zodino_pns_20.zodino_pns_20.p4_state_off','zodino_pns.zodino_pns_20.zodino_pns_20','bool',1,'Насос 4. Состояние выключения насоса - выключается',NULL,NULL);
INSERT INTO argument VALUES('zodino_pns.zodino_pns_20.zodino_pns_20.p5_use_auto_off_on_event','zodino_pns.zodino_pns_20.zodino_pns_20','bool',1,'Насос 5. Использовать автовыключение насоса по событию',NULL,NULL);
INSERT INTO argument VALUES('zodino_pns.zodino_pns_20.zodino_pns_20.p5_on','zodino_pns.zodino_pns_20.zodino_pns_20','bool',1,'Насос 5. Насос включен',NULL,NULL);
INSERT INTO argument VALUES('zodino_pns.zodino_pns_20.zodino_pns_20.p5_state_on','zodino_pns.zodino_pns_20.zodino_pns_20','bool',1,'Насос 5. Состояние включения насоса - включается',NULL,NULL);
INSERT INTO argument VALUES('zodino_pns.zodino_pns_20.zodino_pns_20.p5_state_off','zodino_pns.zodino_pns_20.zodino_pns_20','bool',1,'Насос 5. Состояние выключения насоса - выключается',NULL,NULL);
INSERT INTO argument VALUES('zodino_pns.zodino_pns_20.zodino_pns_20.abb_acs580_1_output_freq','zodino_pns.zodino_pns_20.zodino_pns_20','uint',32,'abb_acs580 №1. Выходная частота, Гц',NULL,NULL);
INSERT INTO argument VALUES('zodino_pns.zodino_pns_20.zodino_pns_20.abb_acs580_1_speed_engine','zodino_pns.zodino_pns_20.zodino_pns_20','uint',32,'abb_acs580 №1. Скорость двигателя, об/мин',NULL,NULL);
INSERT INTO argument VALUES('zodino_pns.zodino_pns_20.zodino_pns_20.abb_acs580_1_amperage_engine','zodino_pns.zodino_pns_20.zodino_pns_20','uint',32,'abb_acs580 №1. Ток двигателя, А',NULL,NULL);
INSERT INTO argument VALUES('zodino_pns.zodino_pns_20.zodino_pns_20.abb_acs580_1_voltage_engine','zodino_pns.zodino_pns_20.zodino_pns_20','uint',16,'abb_acs580 №1. Выходное напряжение, В',NULL,NULL);
INSERT INTO argument VALUES('zodino_pns.zodino_pns_20.zodino_pns_20.abb_acs580_1_power_engine','zodino_pns.zodino_pns_20.zodino_pns_20','uint',32,'abb_acs580 №1. Мощность двигателя, %',NULL,NULL);
INSERT INTO argument VALUES('zodino_pns.zodino_pns_20.zodino_pns_20.abb_acs580_1_invertor_power_gigawatt','zodino_pns.zodino_pns_20.zodino_pns_20','uint',16,'abb_acs580 №1. Счетчик ГВт*ч инвертера, ГВт*ч',NULL,NULL);
INSERT INTO argument VALUES('zodino_pns.zodino_pns_20.zodino_pns_20.abb_acs580_1_invertor_power_megawatt','zodino_pns.zodino_pns_20.zodino_pns_20','uint',16,'abb_acs580 №1. Счетчик МВт*ч инвертера, MВт*ч',NULL,NULL);
INSERT INTO argument VALUES('zodino_pns.zodino_pns_20.zodino_pns_20.abb_acs580_1_invertor_power_kilowatt','zodino_pns.zodino_pns_20.zodino_pns_20','uint',16,'abb_acs580 №1. Счетчик кВт*ч инвертера, кВт*ч',NULL,NULL);
INSERT INTO argument VALUES('zodino_pns.zodino_pns_20.zodino_pns_20.abb_acs580_1_disconnecion_reason','zodino_pns.zodino_pns_20.zodino_pns_20','uint',16,'abb_acs580 №1. Отказ, вызвавший отключения',NULL,NULL);
INSERT INTO argument VALUES('zodino_pns.zodino_pns_20.zodino_pns_20.abb_acs580_1_set_freq','zodino_pns.zodino_pns_20.zodino_pns_20','uint',32,'abb_acs580 №1. Задание частоты, Гц',NULL,NULL);
INSERT INTO argument VALUES('zodino_pns.zodino_pns_20.zodino_pns_20.abb_acs580_1_fact_value','zodino_pns.zodino_pns_20.zodino_pns_20','uint',32,'abb_acs580 №1. Фактическое значение регулируемой величины',NULL,NULL);
INSERT INTO argument VALUES('zodino_pns.zodino_pns_20.zodino_pns_20.abb_acs580_1_set_pid','zodino_pns.zodino_pns_20.zodino_pns_20','uint',32,'abb_acs580 №1. Задание ПИД',NULL,NULL);
INSERT INTO argument VALUES('zodino_pns.zodino_pns_20.zodino_pns_20.abb_acs580_1_ready','zodino_pns.zodino_pns_20.zodino_pns_20','bool',1,'abb_acs580 №1. Готов к включению',NULL,NULL);
INSERT INTO argument VALUES('zodino_pns.zodino_pns_20.zodino_pns_20.abb_acs580_1_ready_to_run','zodino_pns.zodino_pns_20.zodino_pns_20','bool',1,'abb_acs580 №1. Готов к пуску',NULL,NULL);
INSERT INTO argument VALUES('zodino_pns.zodino_pns_20.zodino_pns_20.abb_acs580_1_ready_for_task','zodino_pns.zodino_pns_20.zodino_pns_20','bool',1,'abb_acs580 №1. Готов по заданию',NULL,NULL);
INSERT INTO argument VALUES('zodino_pns.zodino_pns_20.zodino_pns_20.abb_acs580_1_rejection','zodino_pns.zodino_pns_20.zodino_pns_20','bool',1,'abb_acs580 №1. Отказ',NULL,NULL);
INSERT INTO argument VALUES('zodino_pns.zodino_pns_20.zodino_pns_20.abb_acs580_1_switch_2_inactiv','zodino_pns.zodino_pns_20.zodino_pns_20','bool',1,'abb_acs580 №1. Выключатель 2 не активен',NULL,NULL);
INSERT INTO argument VALUES('zodino_pns.zodino_pns_20.zodino_pns_20.abb_acs580_1_switch_3_inactiv','zodino_pns.zodino_pns_20.zodino_pns_20','bool',1,'abb_acs580 №1. Выключатель 3 не активен',NULL,NULL);
INSERT INTO argument VALUES('zodino_pns.zodino_pns_20.zodino_pns_20.abb_acs580_1_forbid_to_on','zodino_pns.zodino_pns_20.zodino_pns_20','bool',1,'abb_acs580 №1. Включение запрещено',NULL,NULL);
INSERT INTO argument VALUES('zodino_pns.zodino_pns_20.zodino_pns_20.abb_acs580_1_alert','zodino_pns.zodino_pns_20.zodino_pns_20','bool',1,'abb_acs580 №1. Предупреждение',NULL,NULL);
INSERT INTO argument VALUES('zodino_pns.zodino_pns_20.zodino_pns_20.abb_acs580_1_drive_on_setting','zodino_pns.zodino_pns_20.zodino_pns_20','bool',1,'abb_acs580 №1. Привод на уставке',NULL,NULL);
INSERT INTO argument VALUES('zodino_pns.zodino_pns_20.zodino_pns_20.abb_acs580_1_remote_mode','zodino_pns.zodino_pns_20.zodino_pns_20','bool',1,'abb_acs580 №1. Режим управление - дистанционный',NULL,NULL);
INSERT INTO argument VALUES('zodino_pns.zodino_pns_20.zodino_pns_20.abb_acs580_1_too_high_speed_or_frequency','zodino_pns.zodino_pns_20.zodino_pns_20','bool',1,'abb_acs580 №1. Превышено ограничение скорости/частоты',NULL,NULL);
INSERT INTO argument VALUES('zodino_pns.zodino_pns_20.zodino_pns_20.abb_acs580_1_custom1','zodino_pns.zodino_pns_20.zodino_pns_20','bool',1,'abb_acs580 №1. Пользовательский 1',NULL,NULL);
INSERT INTO argument VALUES('zodino_pns.zodino_pns_20.zodino_pns_20.abb_acs580_1_custom2','zodino_pns.zodino_pns_20.zodino_pns_20','bool',1,'abb_acs580 №1. Пользовательский 2',NULL,NULL);
INSERT INTO argument VALUES('zodino_pns.zodino_pns_20.zodino_pns_20.abb_acs580_1_custom3','zodino_pns.zodino_pns_20.zodino_pns_20','bool',1,'abb_acs580 №1. Пользовательский 3',NULL,NULL);
INSERT INTO argument VALUES('zodino_pns.zodino_pns_20.zodino_pns_20.abb_acs580_1_custom4','zodino_pns.zodino_pns_20.zodino_pns_20','bool',1,'abb_acs580 №1. Пользовательский 4',NULL,NULL);
INSERT INTO argument VALUES('zodino_pns.zodino_pns_20.zodino_pns_20.abb_acs580_1_address','zodino_pns.zodino_pns_20.zodino_pns_20','uint',8,'abb_acs580 №1. Адрес устройства',NULL,NULL);
INSERT INTO argument VALUES('zodino_pns.zodino_pns_20.zodino_pns_20.abb_acs580_1_use_answer','zodino_pns.zodino_pns_20.zodino_pns_20','bool',1,'abb_acs580 №1. Использовать анализ ответа устройства',NULL,NULL);
INSERT INTO argument VALUES('zodino_pns.zodino_pns_20.zodino_pns_20.abb_acs580_1_common_alm','zodino_pns.zodino_pns_20.zodino_pns_20','bool',1,'abb_acs580 №1. Общая авария устройства',NULL,NULL);
INSERT INTO argument VALUES('zodino_pns.zodino_pns_20.zodino_pns_20.abb_acs580_1_not_answer','zodino_pns.zodino_pns_20.zodino_pns_20','bool',1,'abb_acs580 №1. Устройство не отвечает',NULL,NULL);
INSERT INTO argument VALUES('zodino_pns.zodino_pns_20.zodino_pns_20.abb_acs580_1_use','zodino_pns.zodino_pns_20.zodino_pns_20','bool',1,'abb_acs580 №1. Использовать устройство',NULL,NULL);
INSERT INTO argument VALUES('zodino_pns.zodino_pns_20.zodino_pns_20.abb_acs580_2_output_freq','zodino_pns.zodino_pns_20.zodino_pns_20','uint',32,'abb_acs580 №2. Выходная частота, Гц',NULL,NULL);
INSERT INTO argument VALUES('zodino_pns.zodino_pns_20.zodino_pns_20.abb_acs580_2_speed_engine','zodino_pns.zodino_pns_20.zodino_pns_20','uint',32,'abb_acs580 №2. Скорость двигателя, об/мин',NULL,NULL);
INSERT INTO argument VALUES('zodino_pns.zodino_pns_20.zodino_pns_20.abb_acs580_2_amperage_engine','zodino_pns.zodino_pns_20.zodino_pns_20','uint',32,'abb_acs580 №2. Ток двигателя, А',NULL,NULL);
INSERT INTO argument VALUES('zodino_pns.zodino_pns_20.zodino_pns_20.abb_acs580_2_voltage_engine','zodino_pns.zodino_pns_20.zodino_pns_20','uint',16,'abb_acs580 №2. Выходное напряжение, В',NULL,NULL);
INSERT INTO argument VALUES('zodino_pns.zodino_pns_20.zodino_pns_20.abb_acs580_2_power_engine','zodino_pns.zodino_pns_20.zodino_pns_20','uint',32,'abb_acs580 №2. Мощность двигателя, %',NULL,NULL);
INSERT INTO argument VALUES('zodino_pns.zodino_pns_20.zodino_pns_20.abb_acs580_2_invertor_power_gigawatt','zodino_pns.zodino_pns_20.zodino_pns_20','uint',16,'abb_acs580 №2. Счетчик ГВт*ч инвертера, ГВт*ч',NULL,NULL);
INSERT INTO argument VALUES('zodino_pns.zodino_pns_20.zodino_pns_20.abb_acs580_2_invertor_power_megawatt','zodino_pns.zodino_pns_20.zodino_pns_20','uint',16,'abb_acs580 №2. Счетчик МВт*ч инвертера, MВт*ч',NULL,NULL);
INSERT INTO argument VALUES('zodino_pns.zodino_pns_20.zodino_pns_20.abb_acs580_2_invertor_power_kilowatt','zodino_pns.zodino_pns_20.zodino_pns_20','uint',16,'abb_acs580 №2. Счетчик кВт*ч инвертера, кВт*ч',NULL,NULL);
INSERT INTO argument VALUES('zodino_pns.zodino_pns_20.zodino_pns_20.abb_acs580_2_disconnecion_reason','zodino_pns.zodino_pns_20.zodino_pns_20','uint',16,'abb_acs580 №2. Отказ, вызвавший отключения',NULL,NULL);
INSERT INTO argument VALUES('zodino_pns.zodino_pns_20.zodino_pns_20.abb_acs580_2_set_freq','zodino_pns.zodino_pns_20.zodino_pns_20','uint',32,'abb_acs580 №2. Задание частоты, Гц',NULL,NULL);
INSERT INTO argument VALUES('zodino_pns.zodino_pns_20.zodino_pns_20.abb_acs580_2_fact_value','zodino_pns.zodino_pns_20.zodino_pns_20','uint',32,'abb_acs580 №2. Фактическое значение регулируемой величины',NULL,NULL);
INSERT INTO argument VALUES('zodino_pns.zodino_pns_20.zodino_pns_20.abb_acs580_2_set_pid','zodino_pns.zodino_pns_20.zodino_pns_20','uint',32,'abb_acs580 №2. Задание ПИД',NULL,NULL);
INSERT INTO argument VALUES('zodino_pns.zodino_pns_20.zodino_pns_20.abb_acs580_2_ready','zodino_pns.zodino_pns_20.zodino_pns_20','bool',1,'abb_acs580 №2. Готов к включению',NULL,NULL);
INSERT INTO argument VALUES('zodino_pns.zodino_pns_20.zodino_pns_20.abb_acs580_2_ready_to_run','zodino_pns.zodino_pns_20.zodino_pns_20','bool',1,'abb_acs580 №2. Готов к пуску',NULL,NULL);
INSERT INTO argument VALUES('zodino_pns.zodino_pns_20.zodino_pns_20.abb_acs580_2_ready_for_task','zodino_pns.zodino_pns_20.zodino_pns_20','bool',1,'abb_acs580 №2. Готов по заданию',NULL,NULL);
INSERT INTO argument VALUES('zodino_pns.zodino_pns_20.zodino_pns_20.abb_acs580_2_rejection','zodino_pns.zodino_pns_20.zodino_pns_20','bool',1,'abb_acs580 №2. Отказ',NULL,NULL);
INSERT INTO argument VALUES('zodino_pns.zodino_pns_20.zodino_pns_20.abb_acs580_2_switch_2_inactiv','zodino_pns.zodino_pns_20.zodino_pns_20','bool',1,'abb_acs580 №2. Выключатель 2 не активен',NULL,NULL);
INSERT INTO argument VALUES('zodino_pns.zodino_pns_20.zodino_pns_20.abb_acs580_2_switch_3_inactiv','zodino_pns.zodino_pns_20.zodino_pns_20','bool',1,'abb_acs580 №2. Выключатель 3 не активен',NULL,NULL);
INSERT INTO argument VALUES('zodino_pns.zodino_pns_20.zodino_pns_20.abb_acs580_2_forbid_to_on','zodino_pns.zodino_pns_20.zodino_pns_20','bool',1,'abb_acs580 №2. Включение запрещено',NULL,NULL);
INSERT INTO argument VALUES('zodino_pns.zodino_pns_20.zodino_pns_20.abb_acs580_2_alert','zodino_pns.zodino_pns_20.zodino_pns_20','bool',1,'abb_acs580 №2. Предупреждение',NULL,NULL);
INSERT INTO argument VALUES('zodino_pns.zodino_pns_20.zodino_pns_20.abb_acs580_2_drive_on_setting','zodino_pns.zodino_pns_20.zodino_pns_20','bool',1,'abb_acs580 №2. Привод на уставке',NULL,NULL);
INSERT INTO argument VALUES('zodino_pns.zodino_pns_20.zodino_pns_20.abb_acs580_2_remote_mode','zodino_pns.zodino_pns_20.zodino_pns_20','bool',1,'abb_acs580 №2. Режим управление - дистанционный',NULL,NULL);
INSERT INTO argument VALUES('zodino_pns.zodino_pns_20.zodino_pns_20.abb_acs580_2_too_high_speed_or_frequency','zodino_pns.zodino_pns_20.zodino_pns_20','bool',1,'abb_acs580 №2. Превышено ограничение скорости/частоты',NULL,NULL);
INSERT INTO argument VALUES('zodino_pns.zodino_pns_20.zodino_pns_20.abb_acs580_2_custom1','zodino_pns.zodino_pns_20.zodino_pns_20','bool',1,'abb_acs580 №2. Пользовательский 1',NULL,NULL);
INSERT INTO argument VALUES('zodino_pns.zodino_pns_20.zodino_pns_20.abb_acs580_2_custom2','zodino_pns.zodino_pns_20.zodino_pns_20','bool',1,'abb_acs580 №2. Пользовательский 2',NULL,NULL);
INSERT INTO argument VALUES('zodino_pns.zodino_pns_20.zodino_pns_20.abb_acs580_2_custom3','zodino_pns.zodino_pns_20.zodino_pns_20','bool',1,'abb_acs580 №2. Пользовательский 3',NULL,NULL);
INSERT INTO argument VALUES('zodino_pns.zodino_pns_20.zodino_pns_20.abb_acs580_2_custom4','zodino_pns.zodino_pns_20.zodino_pns_20','bool',1,'abb_acs580 №2. Пользовательский 4',NULL,NULL);
INSERT INTO argument VALUES('zodino_pns.zodino_pns_20.zodino_pns_20.abb_acs580_2_address','zodino_pns.zodino_pns_20.zodino_pns_20','uint',8,'abb_acs580 №2. Адрес устройства',NULL,NULL);
INSERT INTO argument VALUES('zodino_pns.zodino_pns_20.zodino_pns_20.abb_acs580_2_use_answer','zodino_pns.zodino_pns_20.zodino_pns_20','bool',1,'abb_acs580 №2. Использовать анализ ответа устройства',NULL,NULL);
INSERT INTO argument VALUES('zodino_pns.zodino_pns_20.zodino_pns_20.abb_acs580_2_common_alm','zodino_pns.zodino_pns_20.zodino_pns_20','bool',1,'abb_acs580 №2. Общая авария устройства',NULL,NULL);
INSERT INTO argument VALUES('zodino_pns.zodino_pns_20.zodino_pns_20.abb_acs580_2_not_answer','zodino_pns.zodino_pns_20.zodino_pns_20','bool',1,'abb_acs580 №2. Устройство не отвечает',NULL,NULL);
INSERT INTO argument VALUES('zodino_pns.zodino_pns_20.zodino_pns_20.abb_acs580_2_use','zodino_pns.zodino_pns_20.zodino_pns_20','bool',1,'abb_acs580 №2. Использовать устройство',NULL,NULL);
INSERT INTO argument VALUES('zodino_pns.zodino_pns_20.zodino_pns_20.abb_acs580_3_output_freq','zodino_pns.zodino_pns_20.zodino_pns_20','uint',32,'abb_acs580 №3. Выходная частота, Гц',NULL,NULL);
INSERT INTO argument VALUES('zodino_pns.zodino_pns_20.zodino_pns_20.abb_acs580_3_speed_engine','zodino_pns.zodino_pns_20.zodino_pns_20','uint',32,'abb_acs580 №3. Скорость двигателя, об/мин',NULL,NULL);
INSERT INTO argument VALUES('zodino_pns.zodino_pns_20.zodino_pns_20.abb_acs580_3_amperage_engine','zodino_pns.zodino_pns_20.zodino_pns_20','uint',32,'abb_acs580 №3. Ток двигателя, А',NULL,NULL);
INSERT INTO argument VALUES('zodino_pns.zodino_pns_20.zodino_pns_20.abb_acs580_3_voltage_engine','zodino_pns.zodino_pns_20.zodino_pns_20','uint',16,'abb_acs580 №3. Выходное напряжение, В',NULL,NULL);
INSERT INTO argument VALUES('zodino_pns.zodino_pns_20.zodino_pns_20.abb_acs580_3_power_engine','zodino_pns.zodino_pns_20.zodino_pns_20','uint',32,'abb_acs580 №3. Мощность двигателя, %',NULL,NULL);
INSERT INTO argument VALUES('zodino_pns.zodino_pns_20.zodino_pns_20.abb_acs580_3_invertor_power_gigawatt','zodino_pns.zodino_pns_20.zodino_pns_20','uint',16,'abb_acs580 №3. Счетчик ГВт*ч инвертера, ГВт*ч',NULL,NULL);
INSERT INTO argument VALUES('zodino_pns.zodino_pns_20.zodino_pns_20.abb_acs580_3_invertor_power_megawatt','zodino_pns.zodino_pns_20.zodino_pns_20','uint',16,'abb_acs580 №3. Счетчик МВт*ч инвертера, MВт*ч',NULL,NULL);
INSERT INTO argument VALUES('zodino_pns.zodino_pns_20.zodino_pns_20.abb_acs580_3_invertor_power_kilowatt','zodino_pns.zodino_pns_20.zodino_pns_20','uint',16,'abb_acs580 №3. Счетчик кВт*ч инвертера, кВт*ч',NULL,NULL);
INSERT INTO argument VALUES('zodino_pns.zodino_pns_20.zodino_pns_20.abb_acs580_3_disconnecion_reason','zodino_pns.zodino_pns_20.zodino_pns_20','uint',16,'abb_acs580 №3. Отказ, вызвавший отключения',NULL,NULL);
INSERT INTO argument VALUES('zodino_pns.zodino_pns_20.zodino_pns_20.abb_acs580_3_set_freq','zodino_pns.zodino_pns_20.zodino_pns_20','uint',32,'abb_acs580 №3. Задание частоты, Гц',NULL,NULL);
INSERT INTO argument VALUES('zodino_pns.zodino_pns_20.zodino_pns_20.abb_acs580_3_fact_value','zodino_pns.zodino_pns_20.zodino_pns_20','uint',32,'abb_acs580 №3. Фактическое значение регулируемой величины',NULL,NULL);
INSERT INTO argument VALUES('zodino_pns.zodino_pns_20.zodino_pns_20.abb_acs580_3_set_pid','zodino_pns.zodino_pns_20.zodino_pns_20','uint',32,'abb_acs580 №3. Задание ПИД',NULL,NULL);
INSERT INTO argument VALUES('zodino_pns.zodino_pns_20.zodino_pns_20.abb_acs580_3_ready','zodino_pns.zodino_pns_20.zodino_pns_20','bool',1,'abb_acs580 №3. Готов к включению',NULL,NULL);
INSERT INTO argument VALUES('zodino_pns.zodino_pns_20.zodino_pns_20.abb_acs580_3_ready_to_run','zodino_pns.zodino_pns_20.zodino_pns_20','bool',1,'abb_acs580 №3. Готов к пуску',NULL,NULL);
INSERT INTO argument VALUES('zodino_pns.zodino_pns_20.zodino_pns_20.abb_acs580_3_ready_for_task','zodino_pns.zodino_pns_20.zodino_pns_20','bool',1,'abb_acs580 №3. Готов по заданию',NULL,NULL);
INSERT INTO argument VALUES('zodino_pns.zodino_pns_20.zodino_pns_20.abb_acs580_3_rejection','zodino_pns.zodino_pns_20.zodino_pns_20','bool',1,'abb_acs580 №3. Отказ',NULL,NULL);
INSERT INTO argument VALUES('zodino_pns.zodino_pns_20.zodino_pns_20.abb_acs580_3_switch_2_inactiv','zodino_pns.zodino_pns_20.zodino_pns_20','bool',1,'abb_acs580 №3. Выключатель 2 не активен',NULL,NULL);
INSERT INTO argument VALUES('zodino_pns.zodino_pns_20.zodino_pns_20.abb_acs580_3_switch_3_inactiv','zodino_pns.zodino_pns_20.zodino_pns_20','bool',1,'abb_acs580 №3. Выключатель 3 не активен',NULL,NULL);
INSERT INTO argument VALUES('zodino_pns.zodino_pns_20.zodino_pns_20.abb_acs580_3_forbid_to_on','zodino_pns.zodino_pns_20.zodino_pns_20','bool',1,'abb_acs580 №3. Включение запрещено',NULL,NULL);
INSERT INTO argument VALUES('zodino_pns.zodino_pns_20.zodino_pns_20.abb_acs580_3_alert','zodino_pns.zodino_pns_20.zodino_pns_20','bool',1,'abb_acs580 №3. Предупреждение',NULL,NULL);
INSERT INTO argument VALUES('zodino_pns.zodino_pns_20.zodino_pns_20.abb_acs580_3_drive_on_setting','zodino_pns.zodino_pns_20.zodino_pns_20','bool',1,'abb_acs580 №3. Привод на уставке',NULL,NULL);
INSERT INTO argument VALUES('zodino_pns.zodino_pns_20.zodino_pns_20.abb_acs580_3_remote_mode','zodino_pns.zodino_pns_20.zodino_pns_20','bool',1,'abb_acs580 №3. Режим управление - дистанционный',NULL,NULL);
INSERT INTO argument VALUES('zodino_pns.zodino_pns_20.zodino_pns_20.abb_acs580_3_too_high_speed_or_frequency','zodino_pns.zodino_pns_20.zodino_pns_20','bool',1,'abb_acs580 №3. Превышено ограничение скорости/частоты',NULL,NULL);
INSERT INTO argument VALUES('zodino_pns.zodino_pns_20.zodino_pns_20.abb_acs580_3_custom1','zodino_pns.zodino_pns_20.zodino_pns_20','bool',1,'abb_acs580 №3. Пользовательский 1',NULL,NULL);
INSERT INTO argument VALUES('zodino_pns.zodino_pns_20.zodino_pns_20.abb_acs580_3_custom2','zodino_pns.zodino_pns_20.zodino_pns_20','bool',1,'abb_acs580 №3. Пользовательский 2',NULL,NULL);
INSERT INTO argument VALUES('zodino_pns.zodino_pns_20.zodino_pns_20.abb_acs580_3_custom3','zodino_pns.zodino_pns_20.zodino_pns_20','bool',1,'abb_acs580 №3. Пользовательский 3',NULL,NULL);
INSERT INTO argument VALUES('zodino_pns.zodino_pns_20.zodino_pns_20.abb_acs580_3_custom4','zodino_pns.zodino_pns_20.zodino_pns_20','bool',1,'abb_acs580 №3. Пользовательский 4',NULL,NULL);
INSERT INTO argument VALUES('zodino_pns.zodino_pns_20.zodino_pns_20.abb_acs580_3_address','zodino_pns.zodino_pns_20.zodino_pns_20','uint',8,'abb_acs580 №3. Адрес устройства',NULL,NULL);
INSERT INTO argument VALUES('zodino_pns.zodino_pns_20.zodino_pns_20.abb_acs580_3_use_answer','zodino_pns.zodino_pns_20.zodino_pns_20','bool',1,'abb_acs580 №3. Использовать анализ ответа устройства',NULL,NULL);
INSERT INTO argument VALUES('zodino_pns.zodino_pns_20.zodino_pns_20.abb_acs580_3_common_alm','zodino_pns.zodino_pns_20.zodino_pns_20','bool',1,'abb_acs580 №3. Общая авария устройства',NULL,NULL);
INSERT INTO argument VALUES('zodino_pns.zodino_pns_20.zodino_pns_20.abb_acs580_3_not_answer','zodino_pns.zodino_pns_20.zodino_pns_20','bool',1,'abb_acs580 №3. Устройство не отвечает',NULL,NULL);
INSERT INTO argument VALUES('zodino_pns.zodino_pns_20.zodino_pns_20.abb_acs580_3_use','zodino_pns.zodino_pns_20.zodino_pns_20','bool',1,'abb_acs580 №3. Использовать устройство',NULL,NULL);
INSERT INTO argument VALUES('zodino_pns.zodino_pns_20.zodino_pns_20.abb_acs580_4_output_freq','zodino_pns.zodino_pns_20.zodino_pns_20','uint',32,'abb_acs580 №4. Выходная частота, Гц',NULL,NULL);
INSERT INTO argument VALUES('zodino_pns.zodino_pns_20.zodino_pns_20.abb_acs580_4_speed_engine','zodino_pns.zodino_pns_20.zodino_pns_20','uint',32,'abb_acs580 №4. Скорость двигателя, об/мин',NULL,NULL);
INSERT INTO argument VALUES('zodino_pns.zodino_pns_20.zodino_pns_20.abb_acs580_4_amperage_engine','zodino_pns.zodino_pns_20.zodino_pns_20','uint',32,'abb_acs580 №4. Ток двигателя, А',NULL,NULL);
INSERT INTO argument VALUES('zodino_pns.zodino_pns_20.zodino_pns_20.abb_acs580_4_voltage_engine','zodino_pns.zodino_pns_20.zodino_pns_20','uint',16,'abb_acs580 №4. Выходное напряжение, В',NULL,NULL);
INSERT INTO argument VALUES('zodino_pns.zodino_pns_20.zodino_pns_20.abb_acs580_4_power_engine','zodino_pns.zodino_pns_20.zodino_pns_20','uint',32,'abb_acs580 №4. Мощность двигателя, %',NULL,NULL);
INSERT INTO argument VALUES('zodino_pns.zodino_pns_20.zodino_pns_20.abb_acs580_4_invertor_power_gigawatt','zodino_pns.zodino_pns_20.zodino_pns_20','uint',16,'abb_acs580 №4. Счетчик ГВт*ч инвертера, ГВт*ч',NULL,NULL);
INSERT INTO argument VALUES('zodino_pns.zodino_pns_20.zodino_pns_20.abb_acs580_4_invertor_power_megawatt','zodino_pns.zodino_pns_20.zodino_pns_20','uint',16,'abb_acs580 №4. Счетчик МВт*ч инвертера, MВт*ч',NULL,NULL);
INSERT INTO argument VALUES('zodino_pns.zodino_pns_20.zodino_pns_20.abb_acs580_4_invertor_power_kilowatt','zodino_pns.zodino_pns_20.zodino_pns_20','uint',16,'abb_acs580 №4. Счетчик кВт*ч инвертера, кВт*ч',NULL,NULL);
INSERT INTO argument VALUES('zodino_pns.zodino_pns_20.zodino_pns_20.abb_acs580_4_disconnecion_reason','zodino_pns.zodino_pns_20.zodino_pns_20','uint',16,'abb_acs580 №4. Отказ, вызвавший отключения',NULL,NULL);
INSERT INTO argument VALUES('zodino_pns.zodino_pns_20.zodino_pns_20.abb_acs580_4_set_freq','zodino_pns.zodino_pns_20.zodino_pns_20','uint',32,'abb_acs580 №4. Задание частоты, Гц',NULL,NULL);
INSERT INTO argument VALUES('zodino_pns.zodino_pns_20.zodino_pns_20.abb_acs580_4_fact_value','zodino_pns.zodino_pns_20.zodino_pns_20','uint',32,'abb_acs580 №4. Фактическое значение регулируемой величины',NULL,NULL);
INSERT INTO argument VALUES('zodino_pns.zodino_pns_20.zodino_pns_20.abb_acs580_4_set_pid','zodino_pns.zodino_pns_20.zodino_pns_20','uint',32,'abb_acs580 №4. Задание ПИД',NULL,NULL);
INSERT INTO argument VALUES('zodino_pns.zodino_pns_20.zodino_pns_20.abb_acs580_4_ready','zodino_pns.zodino_pns_20.zodino_pns_20','bool',1,'abb_acs580 №4. Готов к включению',NULL,NULL);
INSERT INTO argument VALUES('zodino_pns.zodino_pns_20.zodino_pns_20.abb_acs580_4_ready_to_run','zodino_pns.zodino_pns_20.zodino_pns_20','bool',1,'abb_acs580 №4. Готов к пуску',NULL,NULL);
INSERT INTO argument VALUES('zodino_pns.zodino_pns_20.zodino_pns_20.abb_acs580_4_ready_for_task','zodino_pns.zodino_pns_20.zodino_pns_20','bool',1,'abb_acs580 №4. Готов по заданию',NULL,NULL);
INSERT INTO argument VALUES('zodino_pns.zodino_pns_20.zodino_pns_20.abb_acs580_4_rejection','zodino_pns.zodino_pns_20.zodino_pns_20','bool',1,'abb_acs580 №4. Отказ',NULL,NULL);
INSERT INTO argument VALUES('zodino_pns.zodino_pns_20.zodino_pns_20.abb_acs580_4_switch_2_inactiv','zodino_pns.zodino_pns_20.zodino_pns_20','bool',1,'abb_acs580 №4. Выключатель 2 не активен',NULL,NULL);
INSERT INTO argument VALUES('zodino_pns.zodino_pns_20.zodino_pns_20.abb_acs580_4_switch_3_inactiv','zodino_pns.zodino_pns_20.zodino_pns_20','bool',1,'abb_acs580 №4. Выключатель 3 не активен',NULL,NULL);
INSERT INTO argument VALUES('zodino_pns.zodino_pns_20.zodino_pns_20.abb_acs580_4_forbid_to_on','zodino_pns.zodino_pns_20.zodino_pns_20','bool',1,'abb_acs580 №4. Включение запрещено',NULL,NULL);
INSERT INTO argument VALUES('zodino_pns.zodino_pns_20.zodino_pns_20.abb_acs580_4_alert','zodino_pns.zodino_pns_20.zodino_pns_20','bool',1,'abb_acs580 №4. Предупреждение',NULL,NULL);
INSERT INTO argument VALUES('zodino_pns.zodino_pns_20.zodino_pns_20.abb_acs580_4_drive_on_setting','zodino_pns.zodino_pns_20.zodino_pns_20','bool',1,'abb_acs580 №4. Привод на уставке',NULL,NULL);
INSERT INTO argument VALUES('zodino_pns.zodino_pns_20.zodino_pns_20.abb_acs580_4_remote_mode','zodino_pns.zodino_pns_20.zodino_pns_20','bool',1,'abb_acs580 №4. Режим управление - дистанционный',NULL,NULL);
INSERT INTO argument VALUES('zodino_pns.zodino_pns_20.zodino_pns_20.abb_acs580_4_too_high_speed_or_frequency','zodino_pns.zodino_pns_20.zodino_pns_20','bool',1,'abb_acs580 №4. Превышено ограничение скорости/частоты',NULL,NULL);
INSERT INTO argument VALUES('zodino_pns.zodino_pns_20.zodino_pns_20.abb_acs580_4_custom1','zodino_pns.zodino_pns_20.zodino_pns_20','bool',1,'abb_acs580 №4. Пользовательский 1',NULL,NULL);
INSERT INTO argument VALUES('zodino_pns.zodino_pns_20.zodino_pns_20.abb_acs580_4_custom2','zodino_pns.zodino_pns_20.zodino_pns_20','bool',1,'abb_acs580 №4. Пользовательский 2',NULL,NULL);
INSERT INTO argument VALUES('zodino_pns.zodino_pns_20.zodino_pns_20.abb_acs580_4_custom3','zodino_pns.zodino_pns_20.zodino_pns_20','bool',1,'abb_acs580 №4. Пользовательский 3',NULL,NULL);
INSERT INTO argument VALUES('zodino_pns.zodino_pns_20.zodino_pns_20.abb_acs580_4_custom4','zodino_pns.zodino_pns_20.zodino_pns_20','bool',1,'abb_acs580 №4. Пользовательский 4',NULL,NULL);
INSERT INTO argument VALUES('zodino_pns.zodino_pns_20.zodino_pns_20.abb_acs580_4_address','zodino_pns.zodino_pns_20.zodino_pns_20','uint',8,'abb_acs580 №4. Адрес устройства',NULL,NULL);
INSERT INTO argument VALUES('zodino_pns.zodino_pns_20.zodino_pns_20.abb_acs580_4_use_answer','zodino_pns.zodino_pns_20.zodino_pns_20','bool',1,'abb_acs580 №4. Использовать анализ ответа устройства',NULL,NULL);
INSERT INTO argument VALUES('zodino_pns.zodino_pns_20.zodino_pns_20.abb_acs580_4_common_alm','zodino_pns.zodino_pns_20.zodino_pns_20','bool',1,'abb_acs580 №4. Общая авария устройства',NULL,NULL);
INSERT INTO argument VALUES('zodino_pns.zodino_pns_20.zodino_pns_20.abb_acs580_4_not_answer','zodino_pns.zodino_pns_20.zodino_pns_20','bool',1,'abb_acs580 №4. Устройство не отвечает',NULL,NULL);
INSERT INTO argument VALUES('zodino_pns.zodino_pns_20.zodino_pns_20.abb_acs580_4_use','zodino_pns.zodino_pns_20.zodino_pns_20','bool',1,'abb_acs580 №4. Использовать устройство',NULL,NULL);
INSERT INTO argument VALUES('zodino_pns.zodino_pns_20.zodino_pns_20.abb_acs580_5_output_freq','zodino_pns.zodino_pns_20.zodino_pns_20','uint',32,'abb_acs580 №5. Выходная частота, Гц',NULL,NULL);
INSERT INTO argument VALUES('zodino_pns.zodino_pns_20.zodino_pns_20.abb_acs580_5_speed_engine','zodino_pns.zodino_pns_20.zodino_pns_20','uint',32,'abb_acs580 №5. Скорость двигателя, об/мин',NULL,NULL);
INSERT INTO argument VALUES('zodino_pns.zodino_pns_20.zodino_pns_20.abb_acs580_5_amperage_engine','zodino_pns.zodino_pns_20.zodino_pns_20','uint',32,'abb_acs580 №5. Ток двигателя, А',NULL,NULL);
INSERT INTO argument VALUES('zodino_pns.zodino_pns_20.zodino_pns_20.abb_acs580_5_voltage_engine','zodino_pns.zodino_pns_20.zodino_pns_20','uint',16,'abb_acs580 №5. Выходное напряжение, В',NULL,NULL);
INSERT INTO argument VALUES('zodino_pns.zodino_pns_20.zodino_pns_20.abb_acs580_5_power_engine','zodino_pns.zodino_pns_20.zodino_pns_20','uint',32,'abb_acs580 №5. Мощность двигателя, %',NULL,NULL);
INSERT INTO argument VALUES('zodino_pns.zodino_pns_20.zodino_pns_20.abb_acs580_5_invertor_power_gigawatt','zodino_pns.zodino_pns_20.zodino_pns_20','uint',16,'abb_acs580 №5. Счетчик ГВт*ч инвертера, ГВт*ч',NULL,NULL);
INSERT INTO argument VALUES('zodino_pns.zodino_pns_20.zodino_pns_20.abb_acs580_5_invertor_power_megawatt','zodino_pns.zodino_pns_20.zodino_pns_20','uint',16,'abb_acs580 №5. Счетчик МВт*ч инвертера, MВт*ч',NULL,NULL);
INSERT INTO argument VALUES('zodino_pns.zodino_pns_20.zodino_pns_20.abb_acs580_5_invertor_power_kilowatt','zodino_pns.zodino_pns_20.zodino_pns_20','uint',16,'abb_acs580 №5. Счетчик кВт*ч инвертера, кВт*ч',NULL,NULL);
INSERT INTO argument VALUES('zodino_pns.zodino_pns_20.zodino_pns_20.abb_acs580_5_disconnecion_reason','zodino_pns.zodino_pns_20.zodino_pns_20','uint',16,'abb_acs580 №5. Отказ, вызвавший отключения',NULL,NULL);
INSERT INTO argument VALUES('zodino_pns.zodino_pns_20.zodino_pns_20.abb_acs580_5_set_freq','zodino_pns.zodino_pns_20.zodino_pns_20','uint',32,'abb_acs580 №5. Задание частоты, Гц',NULL,NULL);
INSERT INTO argument VALUES('zodino_pns.zodino_pns_20.zodino_pns_20.abb_acs580_5_fact_value','zodino_pns.zodino_pns_20.zodino_pns_20','uint',32,'abb_acs580 №5. Фактическое значение регулируемой величины',NULL,NULL);
INSERT INTO argument VALUES('zodino_pns.zodino_pns_20.zodino_pns_20.abb_acs580_5_set_pid','zodino_pns.zodino_pns_20.zodino_pns_20','uint',32,'abb_acs580 №5. Задание ПИД',NULL,NULL);
INSERT INTO argument VALUES('zodino_pns.zodino_pns_20.zodino_pns_20.abb_acs580_5_ready','zodino_pns.zodino_pns_20.zodino_pns_20','bool',1,'abb_acs580 №5. Готов к включению',NULL,NULL);
INSERT INTO argument VALUES('zodino_pns.zodino_pns_20.zodino_pns_20.abb_acs580_5_ready_to_run','zodino_pns.zodino_pns_20.zodino_pns_20','bool',1,'abb_acs580 №5. Готов к пуску',NULL,NULL);
INSERT INTO argument VALUES('zodino_pns.zodino_pns_20.zodino_pns_20.abb_acs580_5_ready_for_task','zodino_pns.zodino_pns_20.zodino_pns_20','bool',1,'abb_acs580 №5. Готов по заданию',NULL,NULL);
INSERT INTO argument VALUES('zodino_pns.zodino_pns_20.zodino_pns_20.abb_acs580_5_rejection','zodino_pns.zodino_pns_20.zodino_pns_20','bool',1,'abb_acs580 №5. Отказ',NULL,NULL);
INSERT INTO argument VALUES('zodino_pns.zodino_pns_20.zodino_pns_20.abb_acs580_5_switch_2_inactiv','zodino_pns.zodino_pns_20.zodino_pns_20','bool',1,'abb_acs580 №5. Выключатель 2 не активен',NULL,NULL);
INSERT INTO argument VALUES('zodino_pns.zodino_pns_20.zodino_pns_20.abb_acs580_5_switch_3_inactiv','zodino_pns.zodino_pns_20.zodino_pns_20','bool',1,'abb_acs580 №5. Выключатель 3 не активен',NULL,NULL);
INSERT INTO argument VALUES('zodino_pns.zodino_pns_20.zodino_pns_20.abb_acs580_5_forbid_to_on','zodino_pns.zodino_pns_20.zodino_pns_20','bool',1,'abb_acs580 №5. Включение запрещено',NULL,NULL);
INSERT INTO argument VALUES('zodino_pns.zodino_pns_20.zodino_pns_20.abb_acs580_5_alert','zodino_pns.zodino_pns_20.zodino_pns_20','bool',1,'abb_acs580 №5. Предупреждение',NULL,NULL);
INSERT INTO argument VALUES('zodino_pns.zodino_pns_20.zodino_pns_20.abb_acs580_5_drive_on_setting','zodino_pns.zodino_pns_20.zodino_pns_20','bool',1,'abb_acs580 №5. Привод на уставке',NULL,NULL);
INSERT INTO argument VALUES('zodino_pns.zodino_pns_20.zodino_pns_20.abb_acs580_5_remote_mode','zodino_pns.zodino_pns_20.zodino_pns_20','bool',1,'abb_acs580 №5. Режим управление - дистанционный',NULL,NULL);
INSERT INTO argument VALUES('zodino_pns.zodino_pns_20.zodino_pns_20.abb_acs580_5_too_high_speed_or_frequency','zodino_pns.zodino_pns_20.zodino_pns_20','bool',1,'abb_acs580 №5. Превышено ограничение скорости/частоты',NULL,NULL);
INSERT INTO argument VALUES('zodino_pns.zodino_pns_20.zodino_pns_20.abb_acs580_5_custom1','zodino_pns.zodino_pns_20.zodino_pns_20','bool',1,'abb_acs580 №5. Пользовательский 1',NULL,NULL);
INSERT INTO argument VALUES('zodino_pns.zodino_pns_20.zodino_pns_20.abb_acs580_5_custom2','zodino_pns.zodino_pns_20.zodino_pns_20','bool',1,'abb_acs580 №5. Пользовательский 2',NULL,NULL);
INSERT INTO argument VALUES('zodino_pns.zodino_pns_20.zodino_pns_20.abb_acs580_5_custom3','zodino_pns.zodino_pns_20.zodino_pns_20','bool',1,'abb_acs580 №5. Пользовательский 3',NULL,NULL);
INSERT INTO argument VALUES('zodino_pns.zodino_pns_20.zodino_pns_20.abb_acs580_5_custom4','zodino_pns.zodino_pns_20.zodino_pns_20','bool',1,'abb_acs580 №5. Пользовательский 4',NULL,NULL);
INSERT INTO argument VALUES('zodino_pns.zodino_pns_20.zodino_pns_20.abb_acs580_5_address','zodino_pns.zodino_pns_20.zodino_pns_20','uint',8,'abb_acs580 №5. Адрес устройства',NULL,NULL);
INSERT INTO argument VALUES('zodino_pns.zodino_pns_20.zodino_pns_20.abb_acs580_5_use_answer','zodino_pns.zodino_pns_20.zodino_pns_20','bool',1,'abb_acs580 №5. Использовать анализ ответа устройства',NULL,NULL);
INSERT INTO argument VALUES('zodino_pns.zodino_pns_20.zodino_pns_20.abb_acs580_5_common_alm','zodino_pns.zodino_pns_20.zodino_pns_20','bool',1,'abb_acs580 №5. Общая авария устройства',NULL,NULL);
INSERT INTO argument VALUES('zodino_pns.zodino_pns_20.zodino_pns_20.abb_acs580_5_not_answer','zodino_pns.zodino_pns_20.zodino_pns_20','bool',1,'abb_acs580 №5. Устройство не отвечает',NULL,NULL);
INSERT INTO argument VALUES('zodino_pns.zodino_pns_20.zodino_pns_20.abb_acs580_5_use','zodino_pns.zodino_pns_20.zodino_pns_20','bool',1,'abb_acs580 №5. Использовать устройство',NULL,NULL);
INSERT INTO argument VALUES('zodino_pns.zodino_pns_20.zodino_pns_20.fc_current_task','zodino_pns.zodino_pns_20.zodino_pns_20','uint',8,'Текущее задание',NULL,NULL);
INSERT INTO argument VALUES('zodino_pns.zodino_pns_20.zodino_pns_20.fc_work_mode','zodino_pns.zodino_pns_20.zodino_pns_20','uint',2,'Режим работы',NULL,NULL);
INSERT INTO enum_value VALUES('zodino_pns.zodino_pns_20.zodino_pns_20.fc_work_mode',0,'По ручному заданию');
INSERT INTO enum_value VALUES('zodino_pns.zodino_pns_20.zodino_pns_20.fc_work_mode',1,'По суточному графику');
INSERT INTO enum_value VALUES('zodino_pns.zodino_pns_20.zodino_pns_20.fc_work_mode',2,'По недельному графику');
INSERT INTO argument VALUES('zodino_pns.zodino_pns_20.zodino_pns_20.rs_time_rotation_hour','zodino_pns.zodino_pns_20.zodino_pns_20','uint',8,'Значение времени ротации (час)',NULL,NULL);
INSERT INTO argument VALUES('zodino_pns.zodino_pns_20.zodino_pns_20.rs_time_rotation_minute','zodino_pns.zodino_pns_20.zodino_pns_20','uint',8,'Значение времени ротации (минута)',NULL,NULL);
INSERT INTO argument VALUES('zodino_pns.zodino_pns_20.zodino_pns_20.rs_period_rotation','zodino_pns.zodino_pns_20.zodino_pns_20','uint',16,'Значение периода ротации (в часах)',NULL,NULL);
INSERT INTO argument VALUES('zodino_pns.zodino_pns_20.zodino_pns_20.rs_p1_use_rotation','zodino_pns.zodino_pns_20.zodino_pns_20','bool',1,'Насос 1 используется в ротации',NULL,NULL);
INSERT INTO argument VALUES('zodino_pns.zodino_pns_20.zodino_pns_20.rs_p2_use_rotation','zodino_pns.zodino_pns_20.zodino_pns_20','bool',1,'Насос 2 используется в ротации',NULL,NULL);
INSERT INTO argument VALUES('zodino_pns.zodino_pns_20.zodino_pns_20.rs_p3_use_rotation','zodino_pns.zodino_pns_20.zodino_pns_20','bool',1,'Насос 3 используется в ротации',NULL,NULL);
INSERT INTO argument VALUES('zodino_pns.zodino_pns_20.zodino_pns_20.rs_p4_use_rotation','zodino_pns.zodino_pns_20.zodino_pns_20','bool',1,'Насос 4 используется в ротации',NULL,NULL);
INSERT INTO argument VALUES('zodino_pns.zodino_pns_20.zodino_pns_20.rs_p5_use_rotation','zodino_pns.zodino_pns_20.zodino_pns_20','bool',1,'Насос 5 используется в ротации',NULL,NULL);
INSERT INTO argument VALUES('zodino_pns.zodino_pns_20.zodino_pns_20.rs_use_time_rotation','zodino_pns.zodino_pns_20.zodino_pns_20','bool',1,'Использовать ротацию по времени',NULL,NULL);
INSERT INTO argument VALUES('zodino_pns.zodino_pns_20.zodino_pns_20.rs_use_rotation_via_period','zodino_pns.zodino_pns_20.zodino_pns_20','bool',1,'Использовать ротацию через период',NULL,NULL);
INSERT INTO argument VALUES('zodino_pns.zodino_pns_20.zodino_pns_20.rs_need_rotation','zodino_pns.zodino_pns_20.zodino_pns_20','bool',1,'Необходима ротация',NULL,NULL);
INSERT INTO argument VALUES('zodino_pns.zodino_pns_20.zodino_pns_20.alm_time_incorrect','zodino_pns.zodino_pns_20.zodino_pns_20','bool',1,'Время некорректно',NULL,NULL);
INSERT INTO argument VALUES('zodino_pns.zodino_pns_20.zodino_pns_20.alm_water','zodino_pns.zodino_pns_20.zodino_pns_20','bool',1,'Затопление',NULL,NULL);
INSERT INTO argument VALUES('zodino_pns.zodino_pns_20.zodino_pns_20.alm_nsd','zodino_pns.zodino_pns_20.zodino_pns_20','bool',1,'НСД',NULL,NULL);
INSERT INTO argument VALUES('zodino_pns.zodino_pns_20.zodino_pns_20.alm_power','zodino_pns.zodino_pns_20.zodino_pns_20','bool',1,'Авария ИБП',NULL,NULL);
INSERT INTO argument VALUES('zodino_pns.zodino_pns_20.zodino_pns_20.alm_block_di1_not_answer','zodino_pns.zodino_pns_20.zodino_pns_20','bool',1,'Блок Di1 не отвечает',NULL,NULL);
INSERT INTO argument VALUES('zodino_pns.zodino_pns_20.zodino_pns_20.alm_block_di2_not_answer','zodino_pns.zodino_pns_20.zodino_pns_20','bool',1,'Блок Di2 не отвечает',NULL,NULL);
INSERT INTO argument VALUES('zodino_pns.zodino_pns_20.zodino_pns_20.alm_block_do1_not_answer','zodino_pns.zodino_pns_20.zodino_pns_20','bool',1,'Блок Do1 не отвечает',NULL,NULL);
INSERT INTO argument VALUES('zodino_pns.zodino_pns_20.zodino_pns_20.alm_block_rs485_1_not_answer','zodino_pns.zodino_pns_20.zodino_pns_20','bool',1,'Блок RS485 №1 не отвечает',NULL,NULL);
INSERT INTO argument VALUES('zodino_pns.zodino_pns_20.zodino_pns_20.alm_block_rs485_2_not_answer','zodino_pns.zodino_pns_20.zodino_pns_20','bool',1,'Блок RS485 №2 не отвечает',NULL,NULL);
INSERT INTO argument VALUES('zodino_pns.zodino_pns_20.zodino_pns_20.mode_alm_nsd','zodino_pns.zodino_pns_20.zodino_pns_20','bool',1,'Режим обработки НСД ',NULL,NULL);
INSERT INTO argument VALUES('zodino_pns.zodino_pns_20.zodino_pns_20.p1_mode','zodino_pns.zodino_pns_20.zodino_pns_20','bool',1,'Режим работы Н1 (1 – авто; 0 – ручной)',NULL,NULL);
INSERT INTO argument VALUES('zodino_pns.zodino_pns_20.zodino_pns_20.p2_mode','zodino_pns.zodino_pns_20.zodino_pns_20','bool',1,'Режим работы Н2 (1 – авто; 0 – ручной)',NULL,NULL);
INSERT INTO argument VALUES('zodino_pns.zodino_pns_20.zodino_pns_20.p3_mode','zodino_pns.zodino_pns_20.zodino_pns_20','bool',1,'Режим работы Н3 (1 – авто; 0 – ручной)',NULL,NULL);
INSERT INTO argument VALUES('zodino_pns.zodino_pns_20.zodino_pns_20.p4_mode','zodino_pns.zodino_pns_20.zodino_pns_20','bool',1,'Режим работы Н4 (1 – авто; 0 – ручной)',NULL,NULL);
INSERT INTO argument VALUES('zodino_pns.zodino_pns_20.zodino_pns_20.p5_mode','zodino_pns.zodino_pns_20.zodino_pns_20','bool',1,'Режим работы Н5 (1 – авто; 0 – ручной)',NULL,NULL);
INSERT INTO argument VALUES('zodino_pns.zodino_pns_20.zodino_pns_20.p1_state','zodino_pns.zodino_pns_20.zodino_pns_20','bool',1,'Состояние Н1',NULL,NULL);
INSERT INTO argument VALUES('zodino_pns.zodino_pns_20.zodino_pns_20.p2_state','zodino_pns.zodino_pns_20.zodino_pns_20','bool',1,'Состояние Н2',NULL,NULL);
INSERT INTO argument VALUES('zodino_pns.zodino_pns_20.zodino_pns_20.p3_state','zodino_pns.zodino_pns_20.zodino_pns_20','bool',1,'Состояние Н3',NULL,NULL);
INSERT INTO argument VALUES('zodino_pns.zodino_pns_20.zodino_pns_20.p4_state','zodino_pns.zodino_pns_20.zodino_pns_20','bool',1,'Состояние Н4',NULL,NULL);
INSERT INTO argument VALUES('zodino_pns.zodino_pns_20.zodino_pns_20.p5_state','zodino_pns.zodino_pns_20.zodino_pns_20','bool',1,'Состояние Н5',NULL,NULL);
INSERT INTO argument VALUES('zodino_pns.zodino_pns_20.zodino_pns_20.time_work_p1_minute','zodino_pns.zodino_pns_20.zodino_pns_20','uint',8,'Наработка насоса 1(мин)',NULL,NULL);
INSERT INTO argument VALUES('zodino_pns.zodino_pns_20.zodino_pns_20.time_work_p2_minute','zodino_pns.zodino_pns_20.zodino_pns_20','uint',8,'Наработка насоса 2(мин)',NULL,NULL);
INSERT INTO argument VALUES('zodino_pns.zodino_pns_20.zodino_pns_20.time_work_p3_minute','zodino_pns.zodino_pns_20.zodino_pns_20','uint',8,'Наработка насоса 3(мин)',NULL,NULL);
INSERT INTO argument VALUES('zodino_pns.zodino_pns_20.zodino_pns_20.time_work_p4_minute','zodino_pns.zodino_pns_20.zodino_pns_20','uint',8,'Наработка насоса 4(мин)',NULL,NULL);
INSERT INTO argument VALUES('zodino_pns.zodino_pns_20.zodino_pns_20.time_work_p5_minute','zodino_pns.zodino_pns_20.zodino_pns_20','uint',8,'Наработка насоса 5(мин)',NULL,NULL);
INSERT INTO argument VALUES('zodino_pns.zodino_pns_20.zodino_pns_20.time_work_p1_hour','zodino_pns.zodino_pns_20.zodino_pns_20','uint',16,'Наработка насоса 1(часы)',NULL,NULL);
INSERT INTO argument VALUES('zodino_pns.zodino_pns_20.zodino_pns_20.time_work_p2_hour','zodino_pns.zodino_pns_20.zodino_pns_20','uint',16,'Наработка насоса 2(часы)',NULL,NULL);
INSERT INTO argument VALUES('zodino_pns.zodino_pns_20.zodino_pns_20.time_work_p3_hour','zodino_pns.zodino_pns_20.zodino_pns_20','uint',16,'Наработка насоса 3(часы)',NULL,NULL);
INSERT INTO argument VALUES('zodino_pns.zodino_pns_20.zodino_pns_20.time_work_p4_hour','zodino_pns.zodino_pns_20.zodino_pns_20','uint',16,'Наработка насоса 4(часы)',NULL,NULL);
INSERT INTO argument VALUES('zodino_pns.zodino_pns_20.zodino_pns_20.time_work_p5_hour','zodino_pns.zodino_pns_20.zodino_pns_20','uint',16,'Наработка насоса 5(часы)',NULL,NULL);
INSERT INTO argument VALUES('zodino_pns.zodino_pns_20.zodino_pns_20.num_main_pump','zodino_pns.zodino_pns_20.zodino_pns_20','uint',8,'Номер насоса с ПЧТ (1-5)',NULL,NULL);
INSERT INTO enum_value VALUES('zodino_pns.zodino_pns_20.zodino_pns_20.num_main_pump',1,'Первый');
INSERT INTO enum_value VALUES('zodino_pns.zodino_pns_20.zodino_pns_20.num_main_pump',2,'Второй');
INSERT INTO enum_value VALUES('zodino_pns.zodino_pns_20.zodino_pns_20.num_main_pump',3,'Третий');
INSERT INTO enum_value VALUES('zodino_pns.zodino_pns_20.zodino_pns_20.num_main_pump',4,'Четвертый');
INSERT INTO enum_value VALUES('zodino_pns.zodino_pns_20.zodino_pns_20.num_main_pump',5,'Пятый');
INSERT INTO argument VALUES('zodino_pns.zodino_pns_20.zodino_pns_20.correction_to_fc_task','zodino_pns.zodino_pns_20.zodino_pns_20','int',8,'Поправка к заданию ПЧТ',NULL,NULL);
INSERT INTO argument VALUES('zodino_pns.zodino_pns_20.zodino_pns_20.mode_autokeep_ps','zodino_pns.zodino_pns_20.zodino_pns_20','bool',1,'Режим поддержания давления',NULL,NULL);
INSERT INTO argument VALUES('zodino_pns.zodino_pns_20.zodino_pns_20.p1_use','zodino_pns.zodino_pns_20.zodino_pns_20','bool',1,'Использовать насос 1',NULL,NULL);
INSERT INTO argument VALUES('zodino_pns.zodino_pns_20.zodino_pns_20.p2_use','zodino_pns.zodino_pns_20.zodino_pns_20','bool',1,'Использовать насос 2',NULL,NULL);
INSERT INTO argument VALUES('zodino_pns.zodino_pns_20.zodino_pns_20.p3_use','zodino_pns.zodino_pns_20.zodino_pns_20','bool',1,'Использовать насос 3',NULL,NULL);
INSERT INTO argument VALUES('zodino_pns.zodino_pns_20.zodino_pns_20.p4_use','zodino_pns.zodino_pns_20.zodino_pns_20','bool',1,'Использовать насос 4',NULL,NULL);
INSERT INTO argument VALUES('zodino_pns.zodino_pns_20.zodino_pns_20.p5_use','zodino_pns.zodino_pns_20.zodino_pns_20','bool',1,'Использовать насос 5',NULL,NULL);
INSERT INTO argument VALUES('zodino_pns.zodino_pns_20.zodino_pns_20.delta_autokeep_ps','zodino_pns.zodino_pns_20.zodino_pns_20','uint',8,'Гистерезис на автоподдержание давления',NULL,NULL);
INSERT INTO argument VALUES('zodino_pns.zodino_pns_20.zodino_pns_20.delay_stabilization_system_autokeep','zodino_pns.zodino_pns_20.zodino_pns_20','uint',16,'Таймаут на стабилизацию системы в секундах',NULL,NULL);
INSERT INTO argument VALUES('zodino_pns.zodino_pns_20.zodino_pns_20.p2_off_low_frequency','zodino_pns.zodino_pns_20.zodino_pns_20','uint',32,'нижняя  частота выключения Н2',NULL,NULL);
INSERT INTO argument VALUES('zodino_pns.zodino_pns_20.zodino_pns_20.p2_on_high_frequency','zodino_pns.zodino_pns_20.zodino_pns_20','uint',32,'верхняя  частота включения Н2',NULL,NULL);
INSERT INTO argument VALUES('zodino_pns.zodino_pns_20.zodino_pns_20.p3_off_low_frequency','zodino_pns.zodino_pns_20.zodino_pns_20','uint',32,'нижняя  частота выключения Н3',NULL,NULL);
INSERT INTO argument VALUES('zodino_pns.zodino_pns_20.zodino_pns_20.p3_on_high_frequency','zodino_pns.zodino_pns_20.zodino_pns_20','uint',32,'верхняя  частота включения Н3',NULL,NULL);
INSERT INTO argument VALUES('zodino_pns.zodino_pns_20.zodino_pns_20.p4_off_low_frequency','zodino_pns.zodino_pns_20.zodino_pns_20','uint',32,'нижняя  частота выключения Н4',NULL,NULL);
INSERT INTO argument VALUES('zodino_pns.zodino_pns_20.zodino_pns_20.p4_on_high_frequency','zodino_pns.zodino_pns_20.zodino_pns_20','uint',32,'верхняя  частота включения Н4',NULL,NULL);
INSERT INTO argument VALUES('zodino_pns.zodino_pns_20.zodino_pns_20.p5_off_low_frequency','zodino_pns.zodino_pns_20.zodino_pns_20','uint',32,'нижняя  частота выключения Н5',NULL,NULL);
INSERT INTO argument VALUES('zodino_pns.zodino_pns_20.zodino_pns_20.p5_on_high_frequency','zodino_pns.zodino_pns_20.zodino_pns_20','uint',32,'верхняя  частота включения Н5',NULL,NULL);
INSERT INTO argument VALUES('zodino_pns.zodino_pns_20.zodino_pns_20.freq_time_analys_sec','zodino_pns.zodino_pns_20.zodino_pns_20','uint',16,'Время анализа частоты  в секундах',NULL,NULL);
INSERT INTO argument VALUES('zodino_pns.zodino_pns_20.zodino_pns_20.count_part_of_block_stat','zodino_pns.zodino_pns_20.zodino_pns_20','uint',8,'Количество блоков для частичного получения статистики',NULL,NULL);
INSERT INTO argument VALUES('zodino_pns.zodino_pns_20.zodino_pns_20.count_reset_controller','zodino_pns.zodino_pns_20.zodino_pns_20','uint',16,'Количество сбросов контроллера',NULL,NULL);
INSERT INTO argument VALUES('zodino_pns.zodino_pns_20.zodino_pns_20.reset_por','zodino_pns.zodino_pns_20.zodino_pns_20','bool',1,'Сброс POR',NULL,NULL);
INSERT INTO argument VALUES('zodino_pns.zodino_pns_20.zodino_pns_20.reset_bor','zodino_pns.zodino_pns_20.zodino_pns_20','bool',1,'Сброс BOR',NULL,NULL);
INSERT INTO argument VALUES('zodino_pns.zodino_pns_20.zodino_pns_20.reset_wdtr','zodino_pns.zodino_pns_20.zodino_pns_20','bool',1,'Сброс WDTR',NULL,NULL);
INSERT INTO argument VALUES('zodino_pns.zodino_pns_20.zodino_pns_20.reset_swr','zodino_pns.zodino_pns_20.zodino_pns_20','bool',1,'Сброс SWR',NULL,NULL);
INSERT INTO argument VALUES('zodino_pns.zodino_pns_20.zodino_pns_20.reset_extr','zodino_pns.zodino_pns_20.zodino_pns_20','bool',1,'Сброс EXTR',NULL,NULL);
INSERT INTO argument VALUES('zodino_pns.zodino_pns_20.zodino_pns_20.reset_iopr_or_uwr','zodino_pns.zodino_pns_20.zodino_pns_20','bool',1,'Сброс IOPR или UWR',NULL,NULL);
INSERT INTO argument VALUES('zodino_pns.zodino_pns_20.zodino_pns_20.reset_trapr','zodino_pns.zodino_pns_20.zodino_pns_20','bool',1,'Сброс TRAPR',NULL,NULL);
INSERT INTO argument VALUES('zodino_pns.zodino_pns_20.abb_acs580_2.abb_acs580_2_output_freq','zodino_pns.zodino_pns_20.abb_acs580_2','uint',32,'abb_acs580 №2. Выходная частота, Гц',NULL,NULL);
INSERT INTO argument VALUES('zodino_pns.zodino_pns_20.abb_acs580_2.abb_acs580_2_speed_engine','zodino_pns.zodino_pns_20.abb_acs580_2','uint',32,'abb_acs580 №2. Скорость двигателя, об/мин',NULL,NULL);
INSERT INTO argument VALUES('zodino_pns.zodino_pns_20.abb_acs580_2.abb_acs580_2_amperage_engine','zodino_pns.zodino_pns_20.abb_acs580_2','uint',32,'abb_acs580 №2. Ток двигателя, А',NULL,NULL);
INSERT INTO argument VALUES('zodino_pns.zodino_pns_20.abb_acs580_2.abb_acs580_2_voltage_engine','zodino_pns.zodino_pns_20.abb_acs580_2','uint',16,'abb_acs580 №2. Выходное напряжение, В',NULL,NULL);
INSERT INTO argument VALUES('zodino_pns.zodino_pns_20.abb_acs580_2.abb_acs580_2_power_engine','zodino_pns.zodino_pns_20.abb_acs580_2','uint',32,'abb_acs580 №2. Мощность двигателя, %',NULL,NULL);
INSERT INTO argument VALUES('zodino_pns.zodino_pns_20.abb_acs580_2.abb_acs580_2_invertor_power_gigawatt','zodino_pns.zodino_pns_20.abb_acs580_2','uint',16,'abb_acs580 №2. Счетчик ГВт*ч инвертера, ГВт*ч',NULL,NULL);
INSERT INTO argument VALUES('zodino_pns.zodino_pns_20.abb_acs580_2.abb_acs580_2_invertor_power_megawatt','zodino_pns.zodino_pns_20.abb_acs580_2','uint',16,'abb_acs580 №2. Счетчик МВт*ч инвертера, MВт*ч',NULL,NULL);
INSERT INTO argument VALUES('zodino_pns.zodino_pns_20.abb_acs580_2.abb_acs580_2_invertor_power_kilowatt','zodino_pns.zodino_pns_20.abb_acs580_2','uint',16,'abb_acs580 №2. Счетчик кВт*ч инвертера, кВт*ч',NULL,NULL);
INSERT INTO argument VALUES('zodino_pns.zodino_pns_20.abb_acs580_2.abb_acs580_2_disconnecion_reason','zodino_pns.zodino_pns_20.abb_acs580_2','uint',16,'abb_acs580 №2. Отказ, вызвавший отключения',NULL,NULL);
INSERT INTO argument VALUES('zodino_pns.zodino_pns_20.abb_acs580_2.abb_acs580_2_set_freq','zodino_pns.zodino_pns_20.abb_acs580_2','uint',32,'abb_acs580 №2. Задание частоты, Гц',NULL,NULL);
INSERT INTO argument VALUES('zodino_pns.zodino_pns_20.abb_acs580_2.abb_acs580_2_fact_value','zodino_pns.zodino_pns_20.abb_acs580_2','uint',32,'abb_acs580 №2. Фактическое значение регулируемой величины',NULL,NULL);
INSERT INTO argument VALUES('zodino_pns.zodino_pns_20.abb_acs580_2.abb_acs580_2_set_pid','zodino_pns.zodino_pns_20.abb_acs580_2','uint',32,'abb_acs580 №2. Задание ПИД',NULL,NULL);
INSERT INTO argument VALUES('zodino_pns.zodino_pns_20.abb_acs580_2.abb_acs580_2_ready','zodino_pns.zodino_pns_20.abb_acs580_2','bool',1,'abb_acs580 №2. Готов к включению',NULL,NULL);
INSERT INTO argument VALUES('zodino_pns.zodino_pns_20.abb_acs580_2.abb_acs580_2_ready_to_run','zodino_pns.zodino_pns_20.abb_acs580_2','bool',1,'abb_acs580 №2. Готов к пуску',NULL,NULL);
INSERT INTO argument VALUES('zodino_pns.zodino_pns_20.abb_acs580_2.abb_acs580_2_ready_for_task','zodino_pns.zodino_pns_20.abb_acs580_2','bool',1,'abb_acs580 №2. Готов по заданию',NULL,NULL);
INSERT INTO argument VALUES('zodino_pns.zodino_pns_20.abb_acs580_2.abb_acs580_2_rejection','zodino_pns.zodino_pns_20.abb_acs580_2','bool',1,'abb_acs580 №2. Отказ',NULL,NULL);
INSERT INTO argument VALUES('zodino_pns.zodino_pns_20.abb_acs580_2.abb_acs580_2_switch_2_inactiv','zodino_pns.zodino_pns_20.abb_acs580_2','bool',1,'abb_acs580 №2. Выключатель 2 не активен',NULL,NULL);
INSERT INTO argument VALUES('zodino_pns.zodino_pns_20.abb_acs580_2.abb_acs580_2_switch_3_inactiv','zodino_pns.zodino_pns_20.abb_acs580_2','bool',1,'abb_acs580 №2. Выключатель 3 не активен',NULL,NULL);
INSERT INTO argument VALUES('zodino_pns.zodino_pns_20.abb_acs580_2.abb_acs580_2_forbid_to_on','zodino_pns.zodino_pns_20.abb_acs580_2','bool',1,'abb_acs580 №2. Включение запрещено',NULL,NULL);
INSERT INTO argument VALUES('zodino_pns.zodino_pns_20.abb_acs580_2.abb_acs580_2_alert','zodino_pns.zodino_pns_20.abb_acs580_2','bool',1,'abb_acs580 №2. Предупреждение',NULL,NULL);
INSERT INTO argument VALUES('zodino_pns.zodino_pns_20.abb_acs580_2.abb_acs580_2_drive_on_setting','zodino_pns.zodino_pns_20.abb_acs580_2','bool',1,'abb_acs580 №2. Привод на уставке',NULL,NULL);
INSERT INTO argument VALUES('zodino_pns.zodino_pns_20.abb_acs580_2.abb_acs580_2_remote_mode','zodino_pns.zodino_pns_20.abb_acs580_2','bool',1,'abb_acs580 №2. Режим управление - дистанционный',NULL,NULL);
INSERT INTO argument VALUES('zodino_pns.zodino_pns_20.abb_acs580_2.abb_acs580_2_too_high_speed_or_frequency','zodino_pns.zodino_pns_20.abb_acs580_2','bool',1,'abb_acs580 №2. Превышено ограничение скорости/частоты',NULL,NULL);
INSERT INTO argument VALUES('zodino_pns.zodino_pns_20.abb_acs580_2.abb_acs580_2_custom1','zodino_pns.zodino_pns_20.abb_acs580_2','bool',1,'abb_acs580 №2. Пользовательский 1',NULL,NULL);
INSERT INTO argument VALUES('zodino_pns.zodino_pns_20.abb_acs580_2.abb_acs580_2_custom2','zodino_pns.zodino_pns_20.abb_acs580_2','bool',1,'abb_acs580 №2. Пользовательский 2',NULL,NULL);
INSERT INTO argument VALUES('zodino_pns.zodino_pns_20.abb_acs580_2.abb_acs580_2_custom3','zodino_pns.zodino_pns_20.abb_acs580_2','bool',1,'abb_acs580 №2. Пользовательский 3',NULL,NULL);
INSERT INTO argument VALUES('zodino_pns.zodino_pns_20.abb_acs580_2.abb_acs580_2_custom4','zodino_pns.zodino_pns_20.abb_acs580_2','bool',1,'abb_acs580 №2. Пользовательский 4',NULL,NULL);
INSERT INTO argument VALUES('zodino_pns.zodino_pns_20.abb_acs580_2.abb_acs580_2_address','zodino_pns.zodino_pns_20.abb_acs580_2','uint',8,'abb_acs580 №2. Адрес устройства',NULL,NULL);
INSERT INTO argument VALUES('zodino_pns.zodino_pns_20.abb_acs580_2.abb_acs580_2_use_answer','zodino_pns.zodino_pns_20.abb_acs580_2','bool',1,'abb_acs580 №2. Использовать анализ ответа устройства',NULL,NULL);
INSERT INTO argument VALUES('zodino_pns.zodino_pns_20.abb_acs580_2.abb_acs580_2_common_alm','zodino_pns.zodino_pns_20.abb_acs580_2','bool',1,'abb_acs580 №2. Общая авария устройства',NULL,NULL);
INSERT INTO argument VALUES('zodino_pns.zodino_pns_20.abb_acs580_2.abb_acs580_2_not_answer','zodino_pns.zodino_pns_20.abb_acs580_2','bool',1,'abb_acs580 №2. Устройство не отвечает',NULL,NULL);
INSERT INTO argument VALUES('zodino_pns.zodino_pns_20.abb_acs580_2.abb_acs580_2_use','zodino_pns.zodino_pns_20.abb_acs580_2','bool',1,'abb_acs580 №2. Использовать устройство',NULL,NULL);
INSERT INTO argument VALUES('zodino_pns.zodino_pns_20.abb_acs580_2.abb_acs580_2_work','zodino_pns.zodino_pns_20.abb_acs580_2','bool',1,'abb_acs580 №2. Работа',NULL,NULL);
INSERT INTO argument VALUES('zodino_pns.zodino_pns_20.abb_acs580_1.abb_acs580_1_output_freq','zodino_pns.zodino_pns_20.abb_acs580_1','uint',32,'abb_acs580 №1. Выходная частота, Гц',NULL,NULL);
INSERT INTO argument VALUES('zodino_pns.zodino_pns_20.abb_acs580_1.abb_acs580_1_speed_engine','zodino_pns.zodino_pns_20.abb_acs580_1','uint',32,'abb_acs580 №1. Скорость двигателя, об/мин',NULL,NULL);
INSERT INTO argument VALUES('zodino_pns.zodino_pns_20.abb_acs580_1.abb_acs580_1_amperage_engine','zodino_pns.zodino_pns_20.abb_acs580_1','uint',32,'abb_acs580 №1. Ток двигателя, А',NULL,NULL);
INSERT INTO argument VALUES('zodino_pns.zodino_pns_20.abb_acs580_1.abb_acs580_1_voltage_engine','zodino_pns.zodino_pns_20.abb_acs580_1','uint',16,'abb_acs580 №1. Выходное напряжение, В',NULL,NULL);
INSERT INTO argument VALUES('zodino_pns.zodino_pns_20.abb_acs580_1.abb_acs580_1_power_engine','zodino_pns.zodino_pns_20.abb_acs580_1','uint',32,'abb_acs580 №1. Мощность двигателя, %',NULL,NULL);
INSERT INTO argument VALUES('zodino_pns.zodino_pns_20.abb_acs580_1.abb_acs580_1_invertor_power_gigawatt','zodino_pns.zodino_pns_20.abb_acs580_1','uint',16,'abb_acs580 №1. Счетчик ГВт*ч инвертера, ГВт*ч',NULL,NULL);
INSERT INTO argument VALUES('zodino_pns.zodino_pns_20.abb_acs580_1.abb_acs580_1_invertor_power_megawatt','zodino_pns.zodino_pns_20.abb_acs580_1','uint',16,'abb_acs580 №1. Счетчик МВт*ч инвертера, MВт*ч',NULL,NULL);
INSERT INTO argument VALUES('zodino_pns.zodino_pns_20.abb_acs580_1.abb_acs580_1_invertor_power_kilowatt','zodino_pns.zodino_pns_20.abb_acs580_1','uint',16,'abb_acs580 №1. Счетчик кВт*ч инвертера, кВт*ч',NULL,NULL);
INSERT INTO argument VALUES('zodino_pns.zodino_pns_20.abb_acs580_1.abb_acs580_1_disconnecion_reason','zodino_pns.zodino_pns_20.abb_acs580_1','uint',16,'abb_acs580 №1. Отказ, вызвавший отключения',NULL,NULL);
INSERT INTO argument VALUES('zodino_pns.zodino_pns_20.abb_acs580_1.abb_acs580_1_set_freq','zodino_pns.zodino_pns_20.abb_acs580_1','uint',32,'abb_acs580 №1. Задание частоты, Гц',NULL,NULL);
INSERT INTO argument VALUES('zodino_pns.zodino_pns_20.abb_acs580_1.abb_acs580_1_fact_value','zodino_pns.zodino_pns_20.abb_acs580_1','uint',32,'abb_acs580 №1. Фактическое значение регулируемой величины',NULL,NULL);
INSERT INTO argument VALUES('zodino_pns.zodino_pns_20.abb_acs580_1.abb_acs580_1_set_pid','zodino_pns.zodino_pns_20.abb_acs580_1','uint',32,'abb_acs580 №1. Задание ПИД',NULL,NULL);
INSERT INTO argument VALUES('zodino_pns.zodino_pns_20.abb_acs580_1.abb_acs580_1_ready','zodino_pns.zodino_pns_20.abb_acs580_1','bool',1,'abb_acs580 №1. Готов к включению',NULL,NULL);
INSERT INTO argument VALUES('zodino_pns.zodino_pns_20.abb_acs580_1.abb_acs580_1_ready_to_run','zodino_pns.zodino_pns_20.abb_acs580_1','bool',1,'abb_acs580 №1. Готов к пуску',NULL,NULL);
INSERT INTO argument VALUES('zodino_pns.zodino_pns_20.abb_acs580_1.abb_acs580_1_ready_for_task','zodino_pns.zodino_pns_20.abb_acs580_1','bool',1,'abb_acs580 №1. Готов по заданию',NULL,NULL);
INSERT INTO argument VALUES('zodino_pns.zodino_pns_20.abb_acs580_1.abb_acs580_1_rejection','zodino_pns.zodino_pns_20.abb_acs580_1','bool',1,'abb_acs580 №1. Отказ',NULL,NULL);
INSERT INTO argument VALUES('zodino_pns.zodino_pns_20.abb_acs580_1.abb_acs580_1_switch_2_inactiv','zodino_pns.zodino_pns_20.abb_acs580_1','bool',1,'abb_acs580 №1. Выключатель 2 не активен',NULL,NULL);
INSERT INTO argument VALUES('zodino_pns.zodino_pns_20.abb_acs580_1.abb_acs580_1_switch_3_inactiv','zodino_pns.zodino_pns_20.abb_acs580_1','bool',1,'abb_acs580 №1. Выключатель 3 не активен',NULL,NULL);
INSERT INTO argument VALUES('zodino_pns.zodino_pns_20.abb_acs580_1.abb_acs580_1_forbid_to_on','zodino_pns.zodino_pns_20.abb_acs580_1','bool',1,'abb_acs580 №1. Включение запрещено',NULL,NULL);
INSERT INTO argument VALUES('zodino_pns.zodino_pns_20.abb_acs580_1.abb_acs580_1_alert','zodino_pns.zodino_pns_20.abb_acs580_1','bool',1,'abb_acs580 №1. Предупреждение',NULL,NULL);
INSERT INTO argument VALUES('zodino_pns.zodino_pns_20.abb_acs580_1.abb_acs580_1_drive_on_setting','zodino_pns.zodino_pns_20.abb_acs580_1','bool',1,'abb_acs580 №1. Привод на уставке',NULL,NULL);
INSERT INTO argument VALUES('zodino_pns.zodino_pns_20.abb_acs580_1.abb_acs580_1_remote_mode','zodino_pns.zodino_pns_20.abb_acs580_1','bool',1,'abb_acs580 №1. Режим управление - дистанционный',NULL,NULL);
INSERT INTO argument VALUES('zodino_pns.zodino_pns_20.abb_acs580_1.abb_acs580_1_too_high_speed_or_frequency','zodino_pns.zodino_pns_20.abb_acs580_1','bool',1,'abb_acs580 №1. Превышено ограничение скорости/частоты',NULL,NULL);
INSERT INTO argument VALUES('zodino_pns.zodino_pns_20.abb_acs580_1.abb_acs580_1_custom1','zodino_pns.zodino_pns_20.abb_acs580_1','bool',1,'abb_acs580 №1. Пользовательский 1',NULL,NULL);
INSERT INTO argument VALUES('zodino_pns.zodino_pns_20.abb_acs580_1.abb_acs580_1_custom2','zodino_pns.zodino_pns_20.abb_acs580_1','bool',1,'abb_acs580 №1. Пользовательский 2',NULL,NULL);
INSERT INTO argument VALUES('zodino_pns.zodino_pns_20.abb_acs580_1.abb_acs580_1_custom3','zodino_pns.zodino_pns_20.abb_acs580_1','bool',1,'abb_acs580 №1. Пользовательский 3',NULL,NULL);
INSERT INTO argument VALUES('zodino_pns.zodino_pns_20.abb_acs580_1.abb_acs580_1_custom4','zodino_pns.zodino_pns_20.abb_acs580_1','bool',1,'abb_acs580 №1. Пользовательский 4',NULL,NULL);
INSERT INTO argument VALUES('zodino_pns.zodino_pns_20.abb_acs580_1.abb_acs580_1_address','zodino_pns.zodino_pns_20.abb_acs580_1','uint',8,'abb_acs580 №1. Адрес устройства',NULL,NULL);
INSERT INTO argument VALUES('zodino_pns.zodino_pns_20.abb_acs580_1.abb_acs580_1_use_answer','zodino_pns.zodino_pns_20.abb_acs580_1','bool',1,'abb_acs580 №1. Использовать анализ ответа устройства',NULL,NULL);
INSERT INTO argument VALUES('zodino_pns.zodino_pns_20.abb_acs580_1.abb_acs580_1_common_alm','zodino_pns.zodino_pns_20.abb_acs580_1','bool',1,'abb_acs580 №1. Общая авария устройства',NULL,NULL);
INSERT INTO argument VALUES('zodino_pns.zodino_pns_20.abb_acs580_1.abb_acs580_1_not_answer','zodino_pns.zodino_pns_20.abb_acs580_1','bool',1,'abb_acs580 №1. Устройство не отвечает',NULL,NULL);
INSERT INTO argument VALUES('zodino_pns.zodino_pns_20.abb_acs580_1.abb_acs580_1_use','zodino_pns.zodino_pns_20.abb_acs580_1','bool',1,'abb_acs580 №1. Использовать устройство',NULL,NULL);
INSERT INTO argument VALUES('zodino_pns.zodino_pns_20.abb_acs580_1.abb_acs580_1_work','zodino_pns.zodino_pns_20.abb_acs580_1','bool',1,'abb_acs580 №1. Работа',NULL,NULL);
INSERT INTO argument VALUES('zodino_pns.zodino_pns_20.abb_acs580_3.abb_acs580_3_output_freq','zodino_pns.zodino_pns_20.abb_acs580_3','uint',32,'abb_acs580 №3. Выходная частота, Гц',NULL,NULL);
INSERT INTO argument VALUES('zodino_pns.zodino_pns_20.abb_acs580_3.abb_acs580_3_speed_engine','zodino_pns.zodino_pns_20.abb_acs580_3','uint',32,'abb_acs580 №3. Скорость двигателя, об/мин',NULL,NULL);
INSERT INTO argument VALUES('zodino_pns.zodino_pns_20.abb_acs580_3.abb_acs580_3_amperage_engine','zodino_pns.zodino_pns_20.abb_acs580_3','uint',32,'abb_acs580 №3. Ток двигателя, А',NULL,NULL);
INSERT INTO argument VALUES('zodino_pns.zodino_pns_20.abb_acs580_3.abb_acs580_3_voltage_engine','zodino_pns.zodino_pns_20.abb_acs580_3','uint',16,'abb_acs580 №3. Выходное напряжение, В',NULL,NULL);
INSERT INTO argument VALUES('zodino_pns.zodino_pns_20.abb_acs580_3.abb_acs580_3_power_engine','zodino_pns.zodino_pns_20.abb_acs580_3','uint',32,'abb_acs580 №3. Мощность двигателя, %',NULL,NULL);
INSERT INTO argument VALUES('zodino_pns.zodino_pns_20.abb_acs580_3.abb_acs580_3_invertor_power_gigawatt','zodino_pns.zodino_pns_20.abb_acs580_3','uint',16,'abb_acs580 №3. Счетчик ГВт*ч инвертера, ГВт*ч',NULL,NULL);
INSERT INTO argument VALUES('zodino_pns.zodino_pns_20.abb_acs580_3.abb_acs580_3_invertor_power_megawatt','zodino_pns.zodino_pns_20.abb_acs580_3','uint',16,'abb_acs580 №3. Счетчик МВт*ч инвертера, MВт*ч',NULL,NULL);
INSERT INTO argument VALUES('zodino_pns.zodino_pns_20.abb_acs580_3.abb_acs580_3_invertor_power_kilowatt','zodino_pns.zodino_pns_20.abb_acs580_3','uint',16,'abb_acs580 №3. Счетчик кВт*ч инвертера, кВт*ч',NULL,NULL);
INSERT INTO argument VALUES('zodino_pns.zodino_pns_20.abb_acs580_3.abb_acs580_3_disconnecion_reason','zodino_pns.zodino_pns_20.abb_acs580_3','uint',16,'abb_acs580 №3. Отказ, вызвавший отключения',NULL,NULL);
INSERT INTO argument VALUES('zodino_pns.zodino_pns_20.abb_acs580_3.abb_acs580_3_set_freq','zodino_pns.zodino_pns_20.abb_acs580_3','uint',32,'abb_acs580 №3. Задание частоты, Гц',NULL,NULL);
INSERT INTO argument VALUES('zodino_pns.zodino_pns_20.abb_acs580_3.abb_acs580_3_fact_value','zodino_pns.zodino_pns_20.abb_acs580_3','uint',32,'abb_acs580 №3. Фактическое значение регулируемой величины',NULL,NULL);
INSERT INTO argument VALUES('zodino_pns.zodino_pns_20.abb_acs580_3.abb_acs580_3_set_pid','zodino_pns.zodino_pns_20.abb_acs580_3','uint',32,'abb_acs580 №3. Задание ПИД',NULL,NULL);
INSERT INTO argument VALUES('zodino_pns.zodino_pns_20.abb_acs580_3.abb_acs580_3_ready','zodino_pns.zodino_pns_20.abb_acs580_3','bool',1,'abb_acs580 №3. Готов к включению',NULL,NULL);
INSERT INTO argument VALUES('zodino_pns.zodino_pns_20.abb_acs580_3.abb_acs580_3_ready_to_run','zodino_pns.zodino_pns_20.abb_acs580_3','bool',1,'abb_acs580 №3. Готов к пуску',NULL,NULL);
INSERT INTO argument VALUES('zodino_pns.zodino_pns_20.abb_acs580_3.abb_acs580_3_ready_for_task','zodino_pns.zodino_pns_20.abb_acs580_3','bool',1,'abb_acs580 №3. Готов по заданию',NULL,NULL);
INSERT INTO argument VALUES('zodino_pns.zodino_pns_20.abb_acs580_3.abb_acs580_3_rejection','zodino_pns.zodino_pns_20.abb_acs580_3','bool',1,'abb_acs580 №3. Отказ',NULL,NULL);
INSERT INTO argument VALUES('zodino_pns.zodino_pns_20.abb_acs580_3.abb_acs580_3_switch_2_inactiv','zodino_pns.zodino_pns_20.abb_acs580_3','bool',1,'abb_acs580 №3. Выключатель 2 не активен',NULL,NULL);
INSERT INTO argument VALUES('zodino_pns.zodino_pns_20.abb_acs580_3.abb_acs580_3_switch_3_inactiv','zodino_pns.zodino_pns_20.abb_acs580_3','bool',1,'abb_acs580 №3. Выключатель 3 не активен',NULL,NULL);
INSERT INTO argument VALUES('zodino_pns.zodino_pns_20.abb_acs580_3.abb_acs580_3_forbid_to_on','zodino_pns.zodino_pns_20.abb_acs580_3','bool',1,'abb_acs580 №3. Включение запрещено',NULL,NULL);
INSERT INTO argument VALUES('zodino_pns.zodino_pns_20.abb_acs580_3.abb_acs580_3_alert','zodino_pns.zodino_pns_20.abb_acs580_3','bool',1,'abb_acs580 №3. Предупреждение',NULL,NULL);
INSERT INTO argument VALUES('zodino_pns.zodino_pns_20.abb_acs580_3.abb_acs580_3_drive_on_setting','zodino_pns.zodino_pns_20.abb_acs580_3','bool',1,'abb_acs580 №3. Привод на уставке',NULL,NULL);
INSERT INTO argument VALUES('zodino_pns.zodino_pns_20.abb_acs580_3.abb_acs580_3_remote_mode','zodino_pns.zodino_pns_20.abb_acs580_3','bool',1,'abb_acs580 №3. Режим управление - дистанционный',NULL,NULL);
INSERT INTO argument VALUES('zodino_pns.zodino_pns_20.abb_acs580_3.abb_acs580_3_too_high_speed_or_frequency','zodino_pns.zodino_pns_20.abb_acs580_3','bool',1,'abb_acs580 №3. Превышено ограничение скорости/частоты',NULL,NULL);
INSERT INTO argument VALUES('zodino_pns.zodino_pns_20.abb_acs580_3.abb_acs580_3_custom1','zodino_pns.zodino_pns_20.abb_acs580_3','bool',1,'abb_acs580 №3. Пользовательский 1',NULL,NULL);
INSERT INTO argument VALUES('zodino_pns.zodino_pns_20.abb_acs580_3.abb_acs580_3_custom2','zodino_pns.zodino_pns_20.abb_acs580_3','bool',1,'abb_acs580 №3. Пользовательский 2',NULL,NULL);
INSERT INTO argument VALUES('zodino_pns.zodino_pns_20.abb_acs580_3.abb_acs580_3_custom3','zodino_pns.zodino_pns_20.abb_acs580_3','bool',1,'abb_acs580 №3. Пользовательский 3',NULL,NULL);
INSERT INTO argument VALUES('zodino_pns.zodino_pns_20.abb_acs580_3.abb_acs580_3_custom4','zodino_pns.zodino_pns_20.abb_acs580_3','bool',1,'abb_acs580 №3. Пользовательский 4',NULL,NULL);
INSERT INTO argument VALUES('zodino_pns.zodino_pns_20.abb_acs580_3.abb_acs580_3_address','zodino_pns.zodino_pns_20.abb_acs580_3','uint',8,'abb_acs580 №3. Адрес устройства',NULL,NULL);
INSERT INTO argument VALUES('zodino_pns.zodino_pns_20.abb_acs580_3.abb_acs580_3_use_answer','zodino_pns.zodino_pns_20.abb_acs580_3','bool',1,'abb_acs580 №3. Использовать анализ ответа устройства',NULL,NULL);
INSERT INTO argument VALUES('zodino_pns.zodino_pns_20.abb_acs580_3.abb_acs580_3_common_alm','zodino_pns.zodino_pns_20.abb_acs580_3','bool',1,'abb_acs580 №3. Общая авария устройства',NULL,NULL);
INSERT INTO argument VALUES('zodino_pns.zodino_pns_20.abb_acs580_3.abb_acs580_3_not_answer','zodino_pns.zodino_pns_20.abb_acs580_3','bool',1,'abb_acs580 №3. Устройство не отвечает',NULL,NULL);
INSERT INTO argument VALUES('zodino_pns.zodino_pns_20.abb_acs580_3.abb_acs580_3_use','zodino_pns.zodino_pns_20.abb_acs580_3','bool',1,'abb_acs580 №3. Использовать устройство',NULL,NULL);
INSERT INTO argument VALUES('zodino_pns.zodino_pns_20.abb_acs580_3.abb_acs580_3_work','zodino_pns.zodino_pns_20.abb_acs580_3','bool',1,'abb_acs580 №3. Работа',NULL,NULL);
INSERT INTO argument VALUES('zodino_pns.zodino_pns_20.abb_acs580_4.abb_acs580_4_output_freq','zodino_pns.zodino_pns_20.abb_acs580_4','uint',32,'abb_acs580 №4. Выходная частота, Гц',NULL,NULL);
INSERT INTO argument VALUES('zodino_pns.zodino_pns_20.abb_acs580_4.abb_acs580_4_speed_engine','zodino_pns.zodino_pns_20.abb_acs580_4','uint',32,'abb_acs580 №4. Скорость двигателя, об/мин',NULL,NULL);
INSERT INTO argument VALUES('zodino_pns.zodino_pns_20.abb_acs580_4.abb_acs580_4_amperage_engine','zodino_pns.zodino_pns_20.abb_acs580_4','uint',32,'abb_acs580 №4. Ток двигателя, А',NULL,NULL);
INSERT INTO argument VALUES('zodino_pns.zodino_pns_20.abb_acs580_4.abb_acs580_4_voltage_engine','zodino_pns.zodino_pns_20.abb_acs580_4','uint',16,'abb_acs580 №4. Выходное напряжение, В',NULL,NULL);
INSERT INTO argument VALUES('zodino_pns.zodino_pns_20.abb_acs580_4.abb_acs580_4_power_engine','zodino_pns.zodino_pns_20.abb_acs580_4','uint',32,'abb_acs580 №4. Мощность двигателя, %',NULL,NULL);
INSERT INTO argument VALUES('zodino_pns.zodino_pns_20.abb_acs580_4.abb_acs580_4_invertor_power_gigawatt','zodino_pns.zodino_pns_20.abb_acs580_4','uint',16,'abb_acs580 №4. Счетчик ГВт*ч инвертера, ГВт*ч',NULL,NULL);
INSERT INTO argument VALUES('zodino_pns.zodino_pns_20.abb_acs580_4.abb_acs580_4_invertor_power_megawatt','zodino_pns.zodino_pns_20.abb_acs580_4','uint',16,'abb_acs580 №4. Счетчик МВт*ч инвертера, MВт*ч',NULL,NULL);
INSERT INTO argument VALUES('zodino_pns.zodino_pns_20.abb_acs580_4.abb_acs580_4_invertor_power_kilowatt','zodino_pns.zodino_pns_20.abb_acs580_4','uint',16,'abb_acs580 №4. Счетчик кВт*ч инвертера, кВт*ч',NULL,NULL);
INSERT INTO argument VALUES('zodino_pns.zodino_pns_20.abb_acs580_4.abb_acs580_4_disconnecion_reason','zodino_pns.zodino_pns_20.abb_acs580_4','uint',16,'abb_acs580 №4. Отказ, вызвавший отключения',NULL,NULL);
INSERT INTO argument VALUES('zodino_pns.zodino_pns_20.abb_acs580_4.abb_acs580_4_set_freq','zodino_pns.zodino_pns_20.abb_acs580_4','uint',32,'abb_acs580 №4. Задание частоты, Гц',NULL,NULL);
INSERT INTO argument VALUES('zodino_pns.zodino_pns_20.abb_acs580_4.abb_acs580_4_fact_value','zodino_pns.zodino_pns_20.abb_acs580_4','uint',32,'abb_acs580 №4. Фактическое значение регулируемой величины',NULL,NULL);
INSERT INTO argument VALUES('zodino_pns.zodino_pns_20.abb_acs580_4.abb_acs580_4_set_pid','zodino_pns.zodino_pns_20.abb_acs580_4','uint',32,'abb_acs580 №4. Задание ПИД',NULL,NULL);
INSERT INTO argument VALUES('zodino_pns.zodino_pns_20.abb_acs580_4.abb_acs580_4_ready','zodino_pns.zodino_pns_20.abb_acs580_4','bool',1,'abb_acs580 №4. Готов к включению',NULL,NULL);
INSERT INTO argument VALUES('zodino_pns.zodino_pns_20.abb_acs580_4.abb_acs580_4_ready_to_run','zodino_pns.zodino_pns_20.abb_acs580_4','bool',1,'abb_acs580 №4. Готов к пуску',NULL,NULL);
INSERT INTO argument VALUES('zodino_pns.zodino_pns_20.abb_acs580_4.abb_acs580_4_ready_for_task','zodino_pns.zodino_pns_20.abb_acs580_4','bool',1,'abb_acs580 №4. Готов по заданию',NULL,NULL);
INSERT INTO argument VALUES('zodino_pns.zodino_pns_20.abb_acs580_4.abb_acs580_4_rejection','zodino_pns.zodino_pns_20.abb_acs580_4','bool',1,'abb_acs580 №4. Отказ',NULL,NULL);
INSERT INTO argument VALUES('zodino_pns.zodino_pns_20.abb_acs580_4.abb_acs580_4_switch_2_inactiv','zodino_pns.zodino_pns_20.abb_acs580_4','bool',1,'abb_acs580 №4. Выключатель 2 не активен',NULL,NULL);
INSERT INTO argument VALUES('zodino_pns.zodino_pns_20.abb_acs580_4.abb_acs580_4_switch_3_inactiv','zodino_pns.zodino_pns_20.abb_acs580_4','bool',1,'abb_acs580 №4. Выключатель 3 не активен',NULL,NULL);
INSERT INTO argument VALUES('zodino_pns.zodino_pns_20.abb_acs580_4.abb_acs580_4_forbid_to_on','zodino_pns.zodino_pns_20.abb_acs580_4','bool',1,'abb_acs580 №4. Включение запрещено',NULL,NULL);
INSERT INTO argument VALUES('zodino_pns.zodino_pns_20.abb_acs580_4.abb_acs580_4_alert','zodino_pns.zodino_pns_20.abb_acs580_4','bool',1,'abb_acs580 №4. Предупреждение',NULL,NULL);
INSERT INTO argument VALUES('zodino_pns.zodino_pns_20.abb_acs580_4.abb_acs580_4_drive_on_setting','zodino_pns.zodino_pns_20.abb_acs580_4','bool',1,'abb_acs580 №4. Привод на уставке',NULL,NULL);
INSERT INTO argument VALUES('zodino_pns.zodino_pns_20.abb_acs580_4.abb_acs580_4_remote_mode','zodino_pns.zodino_pns_20.abb_acs580_4','bool',1,'abb_acs580 №4. Режим управление - дистанционный',NULL,NULL);
INSERT INTO argument VALUES('zodino_pns.zodino_pns_20.abb_acs580_4.abb_acs580_4_too_high_speed_or_frequency','zodino_pns.zodino_pns_20.abb_acs580_4','bool',1,'abb_acs580 №4. Превышено ограничение скорости/частоты',NULL,NULL);
INSERT INTO argument VALUES('zodino_pns.zodino_pns_20.abb_acs580_4.abb_acs580_4_custom1','zodino_pns.zodino_pns_20.abb_acs580_4','bool',1,'abb_acs580 №4. Пользовательский 1',NULL,NULL);
INSERT INTO argument VALUES('zodino_pns.zodino_pns_20.abb_acs580_4.abb_acs580_4_custom2','zodino_pns.zodino_pns_20.abb_acs580_4','bool',1,'abb_acs580 №4. Пользовательский 2',NULL,NULL);
INSERT INTO argument VALUES('zodino_pns.zodino_pns_20.abb_acs580_4.abb_acs580_4_custom3','zodino_pns.zodino_pns_20.abb_acs580_4','bool',1,'abb_acs580 №4. Пользовательский 3',NULL,NULL);
INSERT INTO argument VALUES('zodino_pns.zodino_pns_20.abb_acs580_4.abb_acs580_4_custom4','zodino_pns.zodino_pns_20.abb_acs580_4','bool',1,'abb_acs580 №4. Пользовательский 4',NULL,NULL);
INSERT INTO argument VALUES('zodino_pns.zodino_pns_20.abb_acs580_4.abb_acs580_4_address','zodino_pns.zodino_pns_20.abb_acs580_4','uint',8,'abb_acs580 №4. Адрес устройства',NULL,NULL);
INSERT INTO argument VALUES('zodino_pns.zodino_pns_20.abb_acs580_4.abb_acs580_4_use_answer','zodino_pns.zodino_pns_20.abb_acs580_4','bool',1,'abb_acs580 №4. Использовать анализ ответа устройства',NULL,NULL);
INSERT INTO argument VALUES('zodino_pns.zodino_pns_20.abb_acs580_4.abb_acs580_4_common_alm','zodino_pns.zodino_pns_20.abb_acs580_4','bool',1,'abb_acs580 №4. Общая авария устройства',NULL,NULL);
INSERT INTO argument VALUES('zodino_pns.zodino_pns_20.abb_acs580_4.abb_acs580_4_not_answer','zodino_pns.zodino_pns_20.abb_acs580_4','bool',1,'abb_acs580 №4. Устройство не отвечает',NULL,NULL);
INSERT INTO argument VALUES('zodino_pns.zodino_pns_20.abb_acs580_4.abb_acs580_4_use','zodino_pns.zodino_pns_20.abb_acs580_4','bool',1,'abb_acs580 №4. Использовать устройство',NULL,NULL);
INSERT INTO argument VALUES('zodino_pns.zodino_pns_20.abb_acs580_4.abb_acs580_4_work','zodino_pns.zodino_pns_20.abb_acs580_4','bool',1,'abb_acs580 №4. Работа',NULL,NULL);
INSERT INTO argument VALUES('zodino_pns.zodino_pns_20.abb_acs580_5.abb_acs580_5_output_freq','zodino_pns.zodino_pns_20.abb_acs580_5','uint',32,'abb_acs580 №5. Выходная частота, Гц',NULL,NULL);
INSERT INTO argument VALUES('zodino_pns.zodino_pns_20.abb_acs580_5.abb_acs580_5_speed_engine','zodino_pns.zodino_pns_20.abb_acs580_5','uint',32,'abb_acs580 №5. Скорость двигателя, об/мин',NULL,NULL);
INSERT INTO argument VALUES('zodino_pns.zodino_pns_20.abb_acs580_5.abb_acs580_5_amperage_engine','zodino_pns.zodino_pns_20.abb_acs580_5','uint',32,'abb_acs580 №5. Ток двигателя, А',NULL,NULL);
INSERT INTO argument VALUES('zodino_pns.zodino_pns_20.abb_acs580_5.abb_acs580_5_voltage_engine','zodino_pns.zodino_pns_20.abb_acs580_5','uint',16,'abb_acs580 №5. Выходное напряжение, В',NULL,NULL);
INSERT INTO argument VALUES('zodino_pns.zodino_pns_20.abb_acs580_5.abb_acs580_5_power_engine','zodino_pns.zodino_pns_20.abb_acs580_5','uint',32,'abb_acs580 №5. Мощность двигателя, %',NULL,NULL);
INSERT INTO argument VALUES('zodino_pns.zodino_pns_20.abb_acs580_5.abb_acs580_5_invertor_power_gigawatt','zodino_pns.zodino_pns_20.abb_acs580_5','uint',16,'abb_acs580 №5. Счетчик ГВт*ч инвертера, ГВт*ч',NULL,NULL);
INSERT INTO argument VALUES('zodino_pns.zodino_pns_20.abb_acs580_5.abb_acs580_5_invertor_power_megawatt','zodino_pns.zodino_pns_20.abb_acs580_5','uint',16,'abb_acs580 №5. Счетчик МВт*ч инвертера, MВт*ч',NULL,NULL);
INSERT INTO argument VALUES('zodino_pns.zodino_pns_20.abb_acs580_5.abb_acs580_5_invertor_power_kilowatt','zodino_pns.zodino_pns_20.abb_acs580_5','uint',16,'abb_acs580 №5. Счетчик кВт*ч инвертера, кВт*ч',NULL,NULL);
INSERT INTO argument VALUES('zodino_pns.zodino_pns_20.abb_acs580_5.abb_acs580_5_disconnecion_reason','zodino_pns.zodino_pns_20.abb_acs580_5','uint',16,'abb_acs580 №5. Отказ, вызвавший отключения',NULL,NULL);
INSERT INTO argument VALUES('zodino_pns.zodino_pns_20.abb_acs580_5.abb_acs580_5_set_freq','zodino_pns.zodino_pns_20.abb_acs580_5','uint',32,'abb_acs580 №5. Задание частоты, Гц',NULL,NULL);
INSERT INTO argument VALUES('zodino_pns.zodino_pns_20.abb_acs580_5.abb_acs580_5_fact_value','zodino_pns.zodino_pns_20.abb_acs580_5','uint',32,'abb_acs580 №5. Фактическое значение регулируемой величины',NULL,NULL);
INSERT INTO argument VALUES('zodino_pns.zodino_pns_20.abb_acs580_5.abb_acs580_5_set_pid','zodino_pns.zodino_pns_20.abb_acs580_5','uint',32,'abb_acs580 №5. Задание ПИД',NULL,NULL);
INSERT INTO argument VALUES('zodino_pns.zodino_pns_20.abb_acs580_5.abb_acs580_5_ready','zodino_pns.zodino_pns_20.abb_acs580_5','bool',1,'abb_acs580 №5. Готов к включению',NULL,NULL);
INSERT INTO argument VALUES('zodino_pns.zodino_pns_20.abb_acs580_5.abb_acs580_5_ready_to_run','zodino_pns.zodino_pns_20.abb_acs580_5','bool',1,'abb_acs580 №5. Готов к пуску',NULL,NULL);
INSERT INTO argument VALUES('zodino_pns.zodino_pns_20.abb_acs580_5.abb_acs580_5_ready_for_task','zodino_pns.zodino_pns_20.abb_acs580_5','bool',1,'abb_acs580 №5. Готов по заданию',NULL,NULL);
INSERT INTO argument VALUES('zodino_pns.zodino_pns_20.abb_acs580_5.abb_acs580_5_rejection','zodino_pns.zodino_pns_20.abb_acs580_5','bool',1,'abb_acs580 №5. Отказ',NULL,NULL);
INSERT INTO argument VALUES('zodino_pns.zodino_pns_20.abb_acs580_5.abb_acs580_5_switch_2_inactiv','zodino_pns.zodino_pns_20.abb_acs580_5','bool',1,'abb_acs580 №5. Выключатель 2 не активен',NULL,NULL);
INSERT INTO argument VALUES('zodino_pns.zodino_pns_20.abb_acs580_5.abb_acs580_5_switch_3_inactiv','zodino_pns.zodino_pns_20.abb_acs580_5','bool',1,'abb_acs580 №5. Выключатель 3 не активен',NULL,NULL);
INSERT INTO argument VALUES('zodino_pns.zodino_pns_20.abb_acs580_5.abb_acs580_5_forbid_to_on','zodino_pns.zodino_pns_20.abb_acs580_5','bool',1,'abb_acs580 №5. Включение запрещено',NULL,NULL);
INSERT INTO argument VALUES('zodino_pns.zodino_pns_20.abb_acs580_5.abb_acs580_5_alert','zodino_pns.zodino_pns_20.abb_acs580_5','bool',1,'abb_acs580 №5. Предупреждение',NULL,NULL);
INSERT INTO argument VALUES('zodino_pns.zodino_pns_20.abb_acs580_5.abb_acs580_5_drive_on_setting','zodino_pns.zodino_pns_20.abb_acs580_5','bool',1,'abb_acs580 №5. Привод на уставке',NULL,NULL);
INSERT INTO argument VALUES('zodino_pns.zodino_pns_20.abb_acs580_5.abb_acs580_5_remote_mode','zodino_pns.zodino_pns_20.abb_acs580_5','bool',1,'abb_acs580 №5. Режим управление - дистанционный',NULL,NULL);
INSERT INTO argument VALUES('zodino_pns.zodino_pns_20.abb_acs580_5.abb_acs580_5_too_high_speed_or_frequency','zodino_pns.zodino_pns_20.abb_acs580_5','bool',1,'abb_acs580 №5. Превышено ограничение скорости/частоты',NULL,NULL);
INSERT INTO argument VALUES('zodino_pns.zodino_pns_20.abb_acs580_5.abb_acs580_5_custom1','zodino_pns.zodino_pns_20.abb_acs580_5','bool',1,'abb_acs580 №5. Пользовательский 1',NULL,NULL);
INSERT INTO argument VALUES('zodino_pns.zodino_pns_20.abb_acs580_5.abb_acs580_5_custom2','zodino_pns.zodino_pns_20.abb_acs580_5','bool',1,'abb_acs580 №5. Пользовательский 2',NULL,NULL);
INSERT INTO argument VALUES('zodino_pns.zodino_pns_20.abb_acs580_5.abb_acs580_5_custom3','zodino_pns.zodino_pns_20.abb_acs580_5','bool',1,'abb_acs580 №5. Пользовательский 3',NULL,NULL);
INSERT INTO argument VALUES('zodino_pns.zodino_pns_20.abb_acs580_5.abb_acs580_5_custom4','zodino_pns.zodino_pns_20.abb_acs580_5','bool',1,'abb_acs580 №5. Пользовательский 4',NULL,NULL);
INSERT INTO argument VALUES('zodino_pns.zodino_pns_20.abb_acs580_5.abb_acs580_5_address','zodino_pns.zodino_pns_20.abb_acs580_5','uint',8,'abb_acs580 №5. Адрес устройства',NULL,NULL);
INSERT INTO argument VALUES('zodino_pns.zodino_pns_20.abb_acs580_5.abb_acs580_5_use_answer','zodino_pns.zodino_pns_20.abb_acs580_5','bool',1,'abb_acs580 №5. Использовать анализ ответа устройства',NULL,NULL);
INSERT INTO argument VALUES('zodino_pns.zodino_pns_20.abb_acs580_5.abb_acs580_5_common_alm','zodino_pns.zodino_pns_20.abb_acs580_5','bool',1,'abb_acs580 №5. Общая авария устройства',NULL,NULL);
INSERT INTO argument VALUES('zodino_pns.zodino_pns_20.abb_acs580_5.abb_acs580_5_not_answer','zodino_pns.zodino_pns_20.abb_acs580_5','bool',1,'abb_acs580 №5. Устройство не отвечает',NULL,NULL);
INSERT INTO argument VALUES('zodino_pns.zodino_pns_20.abb_acs580_5.abb_acs580_5_use','zodino_pns.zodino_pns_20.abb_acs580_5','bool',1,'abb_acs580 №5. Использовать устройство',NULL,NULL);
INSERT INTO argument VALUES('zodino_pns.zodino_pns_20.abb_acs580_5.abb_acs580_5_work','zodino_pns.zodino_pns_20.abb_acs580_5','bool',1,'abb_acs580 №5. Работа',NULL,NULL);
INSERT INTO argument VALUES('zodino_pns.zodino_pns_20.ts.ts_value','zodino_pns.zodino_pns_20.ts','int',8,'Значение датчика температуры',NULL,NULL);
INSERT INTO argument VALUES('zodino_pns.zodino_pns_20.ts.ts_min_value','zodino_pns.zodino_pns_20.ts','int',8,'Значение минимального предела датчика температуры',NULL,NULL);
INSERT INTO argument VALUES('zodino_pns.zodino_pns_20.ts.ts_max_value','zodino_pns.zodino_pns_20.ts','int',8,'Значение максимального предела датчика температуры',NULL,NULL);
INSERT INTO argument VALUES('zodino_pns.zodino_pns_20.ts.ts_min_use','zodino_pns.zodino_pns_20.ts','bool',1,'Использование минимума датчика температуры',NULL,NULL);
INSERT INTO argument VALUES('zodino_pns.zodino_pns_20.ts.ts_max_use','zodino_pns.zodino_pns_20.ts','bool',1,'Использование максимума датчика температуры',NULL,NULL);
INSERT INTO argument VALUES('zodino_pns.zodino_pns_20.ts.ts_min_alm','zodino_pns.zodino_pns_20.ts','bool',1,'Достигнут минимальный предел датчика температуры',NULL,NULL);
INSERT INTO argument VALUES('zodino_pns.zodino_pns_20.ts.ts_max_alm','zodino_pns.zodino_pns_20.ts','bool',1,'Достигнут максимальный предел датчика температуры',NULL,NULL);

/* command, in_argument, out_argument, command_param */

INSERT INTO command VALUES('zodino_pns.zodino_pns_20.gsm.get_state_gsm','zodino_pns.zodino_pns_20','zodino_pns.zodino_pns_20.gsm','none','work','Получить состояние GSM');
INSERT INTO out_argument VALUES('zodino_pns.zodino_pns_20.gsm.get_state_gsm','zodino_pns.zodino_pns_20.gsm.gsm_lvl_signal_gsm',0);
INSERT INTO out_argument VALUES('zodino_pns.zodino_pns_20.gsm.get_state_gsm','zodino_pns.zodino_pns_20.gsm.gsm_num_phone_ascii',8);
INSERT INTO out_argument VALUES('zodino_pns.zodino_pns_20.gsm.get_state_gsm','zodino_pns.zodino_pns_20.gsm.gsm_flag_disable_sms',96);
INSERT INTO out_argument VALUES('zodino_pns.zodino_pns_20.gsm.get_state_gsm','zodino_pns.zodino_pns_20.gsm.gsm_flag_disable_sms_limiter',97);
INSERT INTO out_argument VALUES('zodino_pns.zodino_pns_20.gsm.get_state_gsm','zodino_pns.zodino_pns_20.gsm.gsm_limiter_sms_messages',104);
INSERT INTO out_argument VALUES('zodino_pns.zodino_pns_20.gsm.get_state_gsm','zodino_pns.zodino_pns_20.gsm.gsm_counter_send_sms',112);
INSERT INTO command_param VALUES('zodino_pns.zodino_pns_20.gsm.get_state_gsm','devn','2');
INSERT INTO command_param VALUES('zodino_pns.zodino_pns_20.gsm.get_state_gsm','devt','0');
INSERT INTO command_param VALUES('zodino_pns.zodino_pns_20.gsm.get_state_gsm','code','0');
INSERT INTO command VALUES('zodino_pns.zodino_pns_20.gsm.set_num_phone_gsm','zodino_pns.zodino_pns_20','zodino_pns.zodino_pns_20.gsm','plg','sys','Установить номер телефона');
INSERT INTO in_argument VALUES('zodino_pns.zodino_pns_20.gsm.set_num_phone_gsm','zodino_pns.zodino_pns_20.gsm.gsm_num_phone_ascii',0);
INSERT INTO out_argument VALUES('zodino_pns.zodino_pns_20.gsm.set_num_phone_gsm','zodino_pns.zodino_pns_20.gsm.gsm_num_phone_ascii',0);
INSERT INTO command_param VALUES('zodino_pns.zodino_pns_20.gsm.set_num_phone_gsm','devn','2');
INSERT INTO command_param VALUES('zodino_pns.zodino_pns_20.gsm.set_num_phone_gsm','devt','0');
INSERT INTO command_param VALUES('zodino_pns.zodino_pns_20.gsm.set_num_phone_gsm','code','1');
INSERT INTO command VALUES('zodino_pns.zodino_pns_20.gsm.set_limiter_sms_gsm','zodino_pns.zodino_pns_20','zodino_pns.zodino_pns_20.gsm','plg','sys','Установить ограничитель SMS');
INSERT INTO in_argument VALUES('zodino_pns.zodino_pns_20.gsm.set_limiter_sms_gsm','zodino_pns.zodino_pns_20.gsm.gsm_limiter_sms_messages',0);
INSERT INTO out_argument VALUES('zodino_pns.zodino_pns_20.gsm.set_limiter_sms_gsm','zodino_pns.zodino_pns_20.gsm.gsm_limiter_sms_messages',0);
INSERT INTO command_param VALUES('zodino_pns.zodino_pns_20.gsm.set_limiter_sms_gsm','devn','2');
INSERT INTO command_param VALUES('zodino_pns.zodino_pns_20.gsm.set_limiter_sms_gsm','devt','0');
INSERT INTO command_param VALUES('zodino_pns.zodino_pns_20.gsm.set_limiter_sms_gsm','code','3');
INSERT INTO command VALUES('zodino_pns.zodino_pns_20.gsm.set_flag_disable_sms_gsm','zodino_pns.zodino_pns_20','zodino_pns.zodino_pns_20.gsm','plg','sys','Установить флаг запрета SMS');
INSERT INTO in_argument VALUES('zodino_pns.zodino_pns_20.gsm.set_flag_disable_sms_gsm','zodino_pns.zodino_pns_20.gsm.gsm_flag_disable_sms',0);
INSERT INTO out_argument VALUES('zodino_pns.zodino_pns_20.gsm.set_flag_disable_sms_gsm','zodino_pns.zodino_pns_20.gsm.gsm_flag_disable_sms',0);
INSERT INTO command_param VALUES('zodino_pns.zodino_pns_20.gsm.set_flag_disable_sms_gsm','devn','2');
INSERT INTO command_param VALUES('zodino_pns.zodino_pns_20.gsm.set_flag_disable_sms_gsm','devt','0');
INSERT INTO command_param VALUES('zodino_pns.zodino_pns_20.gsm.set_flag_disable_sms_gsm','code','2');
INSERT INTO command VALUES('zodino_pns.zodino_pns_20.gsm.restart_counter_sms_gsm','zodino_pns.zodino_pns_20','zodino_pns.zodino_pns_20.gsm','plg','work','Сбросить счетчик SMS');
INSERT INTO command_param VALUES('zodino_pns.zodino_pns_20.gsm.restart_counter_sms_gsm','devn','2');
INSERT INTO command_param VALUES('zodino_pns.zodino_pns_20.gsm.restart_counter_sms_gsm','devt','0');
INSERT INTO command_param VALUES('zodino_pns.zodino_pns_20.gsm.restart_counter_sms_gsm','code','4');
INSERT INTO command VALUES('zodino_pns.zodino_pns_20.as.set_flag_disable_alm_as','zodino_pns.zodino_pns_20','zodino_pns.zodino_pns_20.as','plg','sys','Установить флаг запрета обработки аварий');
INSERT INTO in_argument VALUES('zodino_pns.zodino_pns_20.as.set_flag_disable_alm_as','zodino_pns.zodino_pns_20.as.as_flag_disable_alm',0);
INSERT INTO out_argument VALUES('zodino_pns.zodino_pns_20.as.set_flag_disable_alm_as','zodino_pns.zodino_pns_20.as.as_flag_disable_alm',0);
INSERT INTO command_param VALUES('zodino_pns.zodino_pns_20.as.set_flag_disable_alm_as','devt','0');
INSERT INTO command_param VALUES('zodino_pns.zodino_pns_20.as.set_flag_disable_alm_as','devn','1');
INSERT INTO command_param VALUES('zodino_pns.zodino_pns_20.as.set_flag_disable_alm_as','code','1');
INSERT INTO command VALUES('zodino_pns.zodino_pns_20.as.set_time_block_alm_as','zodino_pns.zodino_pns_20','zodino_pns.zodino_pns_20.as','plg','sys','Установить время блокировки аварий');
INSERT INTO in_argument VALUES('zodino_pns.zodino_pns_20.as.set_time_block_alm_as','zodino_pns.zodino_pns_20.as.as_time_block_alm',0);
INSERT INTO out_argument VALUES('zodino_pns.zodino_pns_20.as.set_time_block_alm_as','zodino_pns.zodino_pns_20.as.as_time_block_alm',0);
INSERT INTO command_param VALUES('zodino_pns.zodino_pns_20.as.set_time_block_alm_as','devt','0');
INSERT INTO command_param VALUES('zodino_pns.zodino_pns_20.as.set_time_block_alm_as','devn','1');
INSERT INTO command_param VALUES('zodino_pns.zodino_pns_20.as.set_time_block_alm_as','code','2');
INSERT INTO command VALUES('zodino_pns.zodino_pns_20.gprs.get_apn_srv_gprs','zodino_pns.zodino_pns_20','zodino_pns.zodino_pns_20.gprs','plg','work','Получить APN сервер');
INSERT INTO out_argument VALUES('zodino_pns.zodino_pns_20.gprs.get_apn_srv_gprs','zodino_pns.zodino_pns_20.gprs.gprs_name_apn_srv',0);
INSERT INTO command_param VALUES('zodino_pns.zodino_pns_20.gprs.get_apn_srv_gprs','devt','0');
INSERT INTO command_param VALUES('zodino_pns.zodino_pns_20.gprs.get_apn_srv_gprs','devn','3');
INSERT INTO command_param VALUES('zodino_pns.zodino_pns_20.gprs.get_apn_srv_gprs','code','0');
INSERT INTO command VALUES('zodino_pns.zodino_pns_20.gprs.set_apn_srv_gprs','zodino_pns.zodino_pns_20','zodino_pns.zodino_pns_20.gprs','plg','sys','Установить APN сервер');
INSERT INTO in_argument VALUES('zodino_pns.zodino_pns_20.gprs.set_apn_srv_gprs','zodino_pns.zodino_pns_20.gprs.gprs_name_apn_srv',0);
INSERT INTO out_argument VALUES('zodino_pns.zodino_pns_20.gprs.set_apn_srv_gprs','zodino_pns.zodino_pns_20.gprs.gprs_name_apn_srv',0);
INSERT INTO command_param VALUES('zodino_pns.zodino_pns_20.gprs.set_apn_srv_gprs','devt','0');
INSERT INTO command_param VALUES('zodino_pns.zodino_pns_20.gprs.set_apn_srv_gprs','devn','3');
INSERT INTO command_param VALUES('zodino_pns.zodino_pns_20.gprs.set_apn_srv_gprs','code','1');
INSERT INTO command VALUES('zodino_pns.zodino_pns_20.gprs.get_apn_user_gprs','zodino_pns.zodino_pns_20','zodino_pns.zodino_pns_20.gprs','plg','work','Получить APN пользователя');
INSERT INTO out_argument VALUES('zodino_pns.zodino_pns_20.gprs.get_apn_user_gprs','zodino_pns.zodino_pns_20.gprs.gprs_name_apn_user',0);
INSERT INTO command_param VALUES('zodino_pns.zodino_pns_20.gprs.get_apn_user_gprs','devt','0');
INSERT INTO command_param VALUES('zodino_pns.zodino_pns_20.gprs.get_apn_user_gprs','devn','3');
INSERT INTO command_param VALUES('zodino_pns.zodino_pns_20.gprs.get_apn_user_gprs','code','2');
INSERT INTO command VALUES('zodino_pns.zodino_pns_20.gprs.set_apn_user_gprs','zodino_pns.zodino_pns_20','zodino_pns.zodino_pns_20.gprs','plg','sys','Установить APN пользователя');
INSERT INTO in_argument VALUES('zodino_pns.zodino_pns_20.gprs.set_apn_user_gprs','zodino_pns.zodino_pns_20.gprs.gprs_name_apn_user',0);
INSERT INTO out_argument VALUES('zodino_pns.zodino_pns_20.gprs.set_apn_user_gprs','zodino_pns.zodino_pns_20.gprs.gprs_name_apn_user',0);
INSERT INTO command_param VALUES('zodino_pns.zodino_pns_20.gprs.set_apn_user_gprs','devt','0');
INSERT INTO command_param VALUES('zodino_pns.zodino_pns_20.gprs.set_apn_user_gprs','devn','3');
INSERT INTO command_param VALUES('zodino_pns.zodino_pns_20.gprs.set_apn_user_gprs','code','3');
INSERT INTO command VALUES('zodino_pns.zodino_pns_20.gprs.get_apn_pass_gprs','zodino_pns.zodino_pns_20','zodino_pns.zodino_pns_20.gprs','plg','work','Получить APN пароль');
INSERT INTO out_argument VALUES('zodino_pns.zodino_pns_20.gprs.get_apn_pass_gprs','zodino_pns.zodino_pns_20.gprs.gprs_apn_pass',0);
INSERT INTO command_param VALUES('zodino_pns.zodino_pns_20.gprs.get_apn_pass_gprs','devt','0');
INSERT INTO command_param VALUES('zodino_pns.zodino_pns_20.gprs.get_apn_pass_gprs','devn','3');
INSERT INTO command_param VALUES('zodino_pns.zodino_pns_20.gprs.get_apn_pass_gprs','code','4');
INSERT INTO command VALUES('zodino_pns.zodino_pns_20.gprs.set_apn_pass_gprs','zodino_pns.zodino_pns_20','zodino_pns.zodino_pns_20.gprs','plg','sys','Установить APN пароль');
INSERT INTO in_argument VALUES('zodino_pns.zodino_pns_20.gprs.set_apn_pass_gprs','zodino_pns.zodino_pns_20.gprs.gprs_apn_pass',0);
INSERT INTO out_argument VALUES('zodino_pns.zodino_pns_20.gprs.set_apn_pass_gprs','zodino_pns.zodino_pns_20.gprs.gprs_apn_pass',0);
INSERT INTO command_param VALUES('zodino_pns.zodino_pns_20.gprs.set_apn_pass_gprs','devt','0');
INSERT INTO command_param VALUES('zodino_pns.zodino_pns_20.gprs.set_apn_pass_gprs','devn','3');
INSERT INTO command_param VALUES('zodino_pns.zodino_pns_20.gprs.set_apn_pass_gprs','code','5');
INSERT INTO command VALUES('zodino_pns.zodino_pns_20.gprs.get_tcp_srv_gprs','zodino_pns.zodino_pns_20','zodino_pns.zodino_pns_20.gprs','plg','work','Получить TCP сервер');
INSERT INTO out_argument VALUES('zodino_pns.zodino_pns_20.gprs.get_tcp_srv_gprs','zodino_pns.zodino_pns_20.gprs.gprs_name_tcp_srv',0);
INSERT INTO command_param VALUES('zodino_pns.zodino_pns_20.gprs.get_tcp_srv_gprs','devt','0');
INSERT INTO command_param VALUES('zodino_pns.zodino_pns_20.gprs.get_tcp_srv_gprs','devn','3');
INSERT INTO command_param VALUES('zodino_pns.zodino_pns_20.gprs.get_tcp_srv_gprs','code','6');
INSERT INTO command VALUES('zodino_pns.zodino_pns_20.gprs.set_tcp_srv_gprs','zodino_pns.zodino_pns_20','zodino_pns.zodino_pns_20.gprs','plg','sys','Установить TCP сервер');
INSERT INTO in_argument VALUES('zodino_pns.zodino_pns_20.gprs.set_tcp_srv_gprs','zodino_pns.zodino_pns_20.gprs.gprs_name_tcp_srv',0);
INSERT INTO out_argument VALUES('zodino_pns.zodino_pns_20.gprs.set_tcp_srv_gprs','zodino_pns.zodino_pns_20.gprs.gprs_name_tcp_srv',0);
INSERT INTO command_param VALUES('zodino_pns.zodino_pns_20.gprs.set_tcp_srv_gprs','devt','0');
INSERT INTO command_param VALUES('zodino_pns.zodino_pns_20.gprs.set_tcp_srv_gprs','devn','3');
INSERT INTO command_param VALUES('zodino_pns.zodino_pns_20.gprs.set_tcp_srv_gprs','code','7');
INSERT INTO command VALUES('zodino_pns.zodino_pns_20.gprs.get_tcp_port_gprs','zodino_pns.zodino_pns_20','zodino_pns.zodino_pns_20.gprs','plg','work','Получить TCP порт');
INSERT INTO out_argument VALUES('zodino_pns.zodino_pns_20.gprs.get_tcp_port_gprs','zodino_pns.zodino_pns_20.gprs.gprs_name_tcp_port',0);
INSERT INTO command_param VALUES('zodino_pns.zodino_pns_20.gprs.get_tcp_port_gprs','devt','0');
INSERT INTO command_param VALUES('zodino_pns.zodino_pns_20.gprs.get_tcp_port_gprs','devn','3');
INSERT INTO command_param VALUES('zodino_pns.zodino_pns_20.gprs.get_tcp_port_gprs','code','8');
INSERT INTO command VALUES('zodino_pns.zodino_pns_20.gprs.set_tcp_port_gprs','zodino_pns.zodino_pns_20','zodino_pns.zodino_pns_20.gprs','plg','sys','Установить TCP порт');
INSERT INTO in_argument VALUES('zodino_pns.zodino_pns_20.gprs.set_tcp_port_gprs','zodino_pns.zodino_pns_20.gprs.gprs_name_tcp_port',0);
INSERT INTO out_argument VALUES('zodino_pns.zodino_pns_20.gprs.set_tcp_port_gprs','zodino_pns.zodino_pns_20.gprs.gprs_name_tcp_port',0);
INSERT INTO command_param VALUES('zodino_pns.zodino_pns_20.gprs.set_tcp_port_gprs','devt','0');
INSERT INTO command_param VALUES('zodino_pns.zodino_pns_20.gprs.set_tcp_port_gprs','devn','3');
INSERT INTO command_param VALUES('zodino_pns.zodino_pns_20.gprs.set_tcp_port_gprs','code','9');
INSERT INTO command VALUES('zodino_pns.zodino_pns_20.gprs.get_name_object_autorization_gprs','zodino_pns.zodino_pns_20','zodino_pns.zodino_pns_20.gprs','plg','work','Получить имя объекта авторизации');
INSERT INTO out_argument VALUES('zodino_pns.zodino_pns_20.gprs.get_name_object_autorization_gprs','zodino_pns.zodino_pns_20.gprs.gprs_name_object_autorization',0);
INSERT INTO command_param VALUES('zodino_pns.zodino_pns_20.gprs.get_name_object_autorization_gprs','devt','0');
INSERT INTO command_param VALUES('zodino_pns.zodino_pns_20.gprs.get_name_object_autorization_gprs','devn','3');
INSERT INTO command_param VALUES('zodino_pns.zodino_pns_20.gprs.get_name_object_autorization_gprs','code','10');
INSERT INTO command VALUES('zodino_pns.zodino_pns_20.gprs.set_name_object_autorization_gprs','zodino_pns.zodino_pns_20','zodino_pns.zodino_pns_20.gprs','plg','sys','Установить имя объекта авторизации');
INSERT INTO in_argument VALUES('zodino_pns.zodino_pns_20.gprs.set_name_object_autorization_gprs','zodino_pns.zodino_pns_20.gprs.gprs_name_object_autorization',0);
INSERT INTO out_argument VALUES('zodino_pns.zodino_pns_20.gprs.set_name_object_autorization_gprs','zodino_pns.zodino_pns_20.gprs.gprs_name_object_autorization',0);
INSERT INTO command_param VALUES('zodino_pns.zodino_pns_20.gprs.set_name_object_autorization_gprs','devt','0');
INSERT INTO command_param VALUES('zodino_pns.zodino_pns_20.gprs.set_name_object_autorization_gprs','devn','3');
INSERT INTO command_param VALUES('zodino_pns.zodino_pns_20.gprs.set_name_object_autorization_gprs','code','11');
INSERT INTO command VALUES('zodino_pns.zodino_pns_20.gprs.get_name_user_autorization_gprs','zodino_pns.zodino_pns_20','zodino_pns.zodino_pns_20.gprs','plg','work','Получить имя пользователя авторизации');
INSERT INTO out_argument VALUES('zodino_pns.zodino_pns_20.gprs.get_name_user_autorization_gprs','zodino_pns.zodino_pns_20.gprs.gprs_name_user_autorization',0);
INSERT INTO command_param VALUES('zodino_pns.zodino_pns_20.gprs.get_name_user_autorization_gprs','devt','0');
INSERT INTO command_param VALUES('zodino_pns.zodino_pns_20.gprs.get_name_user_autorization_gprs','devn','3');
INSERT INTO command_param VALUES('zodino_pns.zodino_pns_20.gprs.get_name_user_autorization_gprs','code','12');
INSERT INTO command VALUES('zodino_pns.zodino_pns_20.gprs.set_name_user_autorization_gprs','zodino_pns.zodino_pns_20','zodino_pns.zodino_pns_20.gprs','plg','sys','Установить имя пользователя авторизации');
INSERT INTO in_argument VALUES('zodino_pns.zodino_pns_20.gprs.set_name_user_autorization_gprs','zodino_pns.zodino_pns_20.gprs.gprs_name_user_autorization',0);
INSERT INTO out_argument VALUES('zodino_pns.zodino_pns_20.gprs.set_name_user_autorization_gprs','zodino_pns.zodino_pns_20.gprs.gprs_name_user_autorization',0);
INSERT INTO command_param VALUES('zodino_pns.zodino_pns_20.gprs.set_name_user_autorization_gprs','devt','0');
INSERT INTO command_param VALUES('zodino_pns.zodino_pns_20.gprs.set_name_user_autorization_gprs','devn','3');
INSERT INTO command_param VALUES('zodino_pns.zodino_pns_20.gprs.set_name_user_autorization_gprs','code','13');
INSERT INTO command VALUES('zodino_pns.zodino_pns_20.gprs.get_pass_autorization_gprs','zodino_pns.zodino_pns_20','zodino_pns.zodino_pns_20.gprs','plg','work','Получить пароль авторизации');
INSERT INTO out_argument VALUES('zodino_pns.zodino_pns_20.gprs.get_pass_autorization_gprs','zodino_pns.zodino_pns_20.gprs.gprs_pass_autorization',0);
INSERT INTO command_param VALUES('zodino_pns.zodino_pns_20.gprs.get_pass_autorization_gprs','devt','0');
INSERT INTO command_param VALUES('zodino_pns.zodino_pns_20.gprs.get_pass_autorization_gprs','devn','3');
INSERT INTO command_param VALUES('zodino_pns.zodino_pns_20.gprs.get_pass_autorization_gprs','code','14');
INSERT INTO command VALUES('zodino_pns.zodino_pns_20.gprs.set_pass_autorization_gprs','zodino_pns.zodino_pns_20','zodino_pns.zodino_pns_20.gprs','plg','sys','Установить пароль авторизации');
INSERT INTO in_argument VALUES('zodino_pns.zodino_pns_20.gprs.set_pass_autorization_gprs','zodino_pns.zodino_pns_20.gprs.gprs_pass_autorization',0);
INSERT INTO out_argument VALUES('zodino_pns.zodino_pns_20.gprs.set_pass_autorization_gprs','zodino_pns.zodino_pns_20.gprs.gprs_pass_autorization',0);
INSERT INTO command_param VALUES('zodino_pns.zodino_pns_20.gprs.set_pass_autorization_gprs','devt','0');
INSERT INTO command_param VALUES('zodino_pns.zodino_pns_20.gprs.set_pass_autorization_gprs','devn','3');
INSERT INTO command_param VALUES('zodino_pns.zodino_pns_20.gprs.set_pass_autorization_gprs','code','15');
INSERT INTO command VALUES('zodino_pns.zodino_pns_20.ps_1.get_state','zodino_pns.zodino_pns_20','zodino_pns.zodino_pns_20.ps_1','none','work','Получить состояние датчика давления №1');
INSERT INTO out_argument VALUES('zodino_pns.zodino_pns_20.ps_1.get_state','zodino_pns.zodino_pns_20.ps_1.ps1_value',0);
INSERT INTO out_argument VALUES('zodino_pns.zodino_pns_20.ps_1.get_state','zodino_pns.zodino_pns_20.ps_1.ps1_min_value',8);
INSERT INTO out_argument VALUES('zodino_pns.zodino_pns_20.ps_1.get_state','zodino_pns.zodino_pns_20.ps_1.ps1_max_value',16);
INSERT INTO out_argument VALUES('zodino_pns.zodino_pns_20.ps_1.get_state','zodino_pns.zodino_pns_20.ps_1.ps1_min_use',24);
INSERT INTO out_argument VALUES('zodino_pns.zodino_pns_20.ps_1.get_state','zodino_pns.zodino_pns_20.ps_1.ps1_max_use',25);
INSERT INTO out_argument VALUES('zodino_pns.zodino_pns_20.ps_1.get_state','zodino_pns.zodino_pns_20.ps_1.ps1_min_alm',26);
INSERT INTO out_argument VALUES('zodino_pns.zodino_pns_20.ps_1.get_state','zodino_pns.zodino_pns_20.ps_1.ps1_max_alm',27);
INSERT INTO command_param VALUES('zodino_pns.zodino_pns_20.ps_1.get_state','devt','0');
INSERT INTO command_param VALUES('zodino_pns.zodino_pns_20.ps_1.get_state','devn','4');
INSERT INTO command_param VALUES('zodino_pns.zodino_pns_20.ps_1.get_state','code','0');
INSERT INTO command VALUES('zodino_pns.zodino_pns_20.ps_1.set_minimax','zodino_pns.zodino_pns_20','zodino_pns.zodino_pns_20.ps_1','plg','alm','Установить пределы датчика давления №1');
INSERT INTO in_argument VALUES('zodino_pns.zodino_pns_20.ps_1.set_minimax','zodino_pns.zodino_pns_20.ps_1.ps1_min_value',0);
INSERT INTO in_argument VALUES('zodino_pns.zodino_pns_20.ps_1.set_minimax','zodino_pns.zodino_pns_20.ps_1.ps1_max_value',8);
INSERT INTO out_argument VALUES('zodino_pns.zodino_pns_20.ps_1.set_minimax','zodino_pns.zodino_pns_20.ps_1.ps1_min_value',0);
INSERT INTO out_argument VALUES('zodino_pns.zodino_pns_20.ps_1.set_minimax','zodino_pns.zodino_pns_20.ps_1.ps1_max_value',8);
INSERT INTO command_param VALUES('zodino_pns.zodino_pns_20.ps_1.set_minimax','devt','0');
INSERT INTO command_param VALUES('zodino_pns.zodino_pns_20.ps_1.set_minimax','devn','4');
INSERT INTO command_param VALUES('zodino_pns.zodino_pns_20.ps_1.set_minimax','code','1');
INSERT INTO command VALUES('zodino_pns.zodino_pns_20.ps_1.set_use_minimax','zodino_pns.zodino_pns_20','zodino_pns.zodino_pns_20.ps_1','plg','alm','Установить использование анализа пределов датчика давления№1');
INSERT INTO in_argument VALUES('zodino_pns.zodino_pns_20.ps_1.set_use_minimax','zodino_pns.zodino_pns_20.ps_1.ps1_min_use',0);
INSERT INTO in_argument VALUES('zodino_pns.zodino_pns_20.ps_1.set_use_minimax','zodino_pns.zodino_pns_20.ps_1.ps1_max_use',1);
INSERT INTO out_argument VALUES('zodino_pns.zodino_pns_20.ps_1.set_use_minimax','zodino_pns.zodino_pns_20.ps_1.ps1_min_use',0);
INSERT INTO out_argument VALUES('zodino_pns.zodino_pns_20.ps_1.set_use_minimax','zodino_pns.zodino_pns_20.ps_1.ps1_max_use',1);
INSERT INTO command_param VALUES('zodino_pns.zodino_pns_20.ps_1.set_use_minimax','devt','0');
INSERT INTO command_param VALUES('zodino_pns.zodino_pns_20.ps_1.set_use_minimax','devn','4');
INSERT INTO command_param VALUES('zodino_pns.zodino_pns_20.ps_1.set_use_minimax','code','2');
INSERT INTO command VALUES('zodino_pns.zodino_pns_20.ps_2.get_state','zodino_pns.zodino_pns_20','zodino_pns.zodino_pns_20.ps_2','none','work','Получить состояние датчика давления №2');
INSERT INTO out_argument VALUES('zodino_pns.zodino_pns_20.ps_2.get_state','zodino_pns.zodino_pns_20.ps_2.ps2_value',0);
INSERT INTO out_argument VALUES('zodino_pns.zodino_pns_20.ps_2.get_state','zodino_pns.zodino_pns_20.ps_2.ps2_min_value',8);
INSERT INTO out_argument VALUES('zodino_pns.zodino_pns_20.ps_2.get_state','zodino_pns.zodino_pns_20.ps_2.ps2_max_value',16);
INSERT INTO out_argument VALUES('zodino_pns.zodino_pns_20.ps_2.get_state','zodino_pns.zodino_pns_20.ps_2.ps2_min_use',24);
INSERT INTO out_argument VALUES('zodino_pns.zodino_pns_20.ps_2.get_state','zodino_pns.zodino_pns_20.ps_2.ps2_max_use',25);
INSERT INTO out_argument VALUES('zodino_pns.zodino_pns_20.ps_2.get_state','zodino_pns.zodino_pns_20.ps_2.ps2_min_alm',26);
INSERT INTO out_argument VALUES('zodino_pns.zodino_pns_20.ps_2.get_state','zodino_pns.zodino_pns_20.ps_2.ps2_max_alm',27);
INSERT INTO command_param VALUES('zodino_pns.zodino_pns_20.ps_2.get_state','devt','0');
INSERT INTO command_param VALUES('zodino_pns.zodino_pns_20.ps_2.get_state','devn','5');
INSERT INTO command_param VALUES('zodino_pns.zodino_pns_20.ps_2.get_state','code','0');
INSERT INTO command VALUES('zodino_pns.zodino_pns_20.ps_2.set_minimax','zodino_pns.zodino_pns_20','zodino_pns.zodino_pns_20.ps_2','plg','alm','Установить пределы датчика давления №2');
INSERT INTO in_argument VALUES('zodino_pns.zodino_pns_20.ps_2.set_minimax','zodino_pns.zodino_pns_20.ps_2.ps2_min_value',0);
INSERT INTO in_argument VALUES('zodino_pns.zodino_pns_20.ps_2.set_minimax','zodino_pns.zodino_pns_20.ps_2.ps2_max_value',8);
INSERT INTO out_argument VALUES('zodino_pns.zodino_pns_20.ps_2.set_minimax','zodino_pns.zodino_pns_20.ps_2.ps2_min_value',0);
INSERT INTO out_argument VALUES('zodino_pns.zodino_pns_20.ps_2.set_minimax','zodino_pns.zodino_pns_20.ps_2.ps2_max_value',8);
INSERT INTO command_param VALUES('zodino_pns.zodino_pns_20.ps_2.set_minimax','devt','0');
INSERT INTO command_param VALUES('zodino_pns.zodino_pns_20.ps_2.set_minimax','devn','5');
INSERT INTO command_param VALUES('zodino_pns.zodino_pns_20.ps_2.set_minimax','code','1');
INSERT INTO command VALUES('zodino_pns.zodino_pns_20.ps_2.set_use_minimax','zodino_pns.zodino_pns_20','zodino_pns.zodino_pns_20.ps_2','plg','alm','Установить использование анализа пределов датчика давления №2');
INSERT INTO in_argument VALUES('zodino_pns.zodino_pns_20.ps_2.set_use_minimax','zodino_pns.zodino_pns_20.ps_2.ps2_min_use',0);
INSERT INTO in_argument VALUES('zodino_pns.zodino_pns_20.ps_2.set_use_minimax','zodino_pns.zodino_pns_20.ps_2.ps2_max_use',1);
INSERT INTO out_argument VALUES('zodino_pns.zodino_pns_20.ps_2.set_use_minimax','zodino_pns.zodino_pns_20.ps_2.ps2_min_use',0);
INSERT INTO out_argument VALUES('zodino_pns.zodino_pns_20.ps_2.set_use_minimax','zodino_pns.zodino_pns_20.ps_2.ps2_max_use',1);
INSERT INTO command_param VALUES('zodino_pns.zodino_pns_20.ps_2.set_use_minimax','devt','0');
INSERT INTO command_param VALUES('zodino_pns.zodino_pns_20.ps_2.set_use_minimax','devn','5');
INSERT INTO command_param VALUES('zodino_pns.zodino_pns_20.ps_2.set_use_minimax','code','2');
INSERT INTO command VALUES('zodino_pns.zodino_pns_20.p1.get_state','zodino_pns.zodino_pns_20','zodino_pns.zodino_pns_20.p1','none','work','Насос 1. Получить состояние насоса');
INSERT INTO out_argument VALUES('zodino_pns.zodino_pns_20.p1.get_state','zodino_pns.zodino_pns_20.p1.p1_value',0);
INSERT INTO out_argument VALUES('zodino_pns.zodino_pns_20.p1.get_state','zodino_pns.zodino_pns_20.p1.p1_min_value',8);
INSERT INTO out_argument VALUES('zodino_pns.zodino_pns_20.p1.get_state','zodino_pns.zodino_pns_20.p1.p1_max_value',16);
INSERT INTO out_argument VALUES('zodino_pns.zodino_pns_20.p1.get_state','zodino_pns.zodino_pns_20.p1.p1_min_use',24);
INSERT INTO out_argument VALUES('zodino_pns.zodino_pns_20.p1.get_state','zodino_pns.zodino_pns_20.p1.p1_max_use',25);
INSERT INTO out_argument VALUES('zodino_pns.zodino_pns_20.p1.get_state','zodino_pns.zodino_pns_20.p1.p1_min_alm',26);
INSERT INTO out_argument VALUES('zodino_pns.zodino_pns_20.p1.get_state','zodino_pns.zodino_pns_20.p1.p1_max_alm',27);
INSERT INTO out_argument VALUES('zodino_pns.zodino_pns_20.p1.get_state','zodino_pns.zodino_pns_20.p1.p1_use_auto_off_on_event',28);
INSERT INTO out_argument VALUES('zodino_pns.zodino_pns_20.p1.get_state','zodino_pns.zodino_pns_20.p1.p1_on',29);
INSERT INTO out_argument VALUES('zodino_pns.zodino_pns_20.p1.get_state','zodino_pns.zodino_pns_20.p1.p1_state_on',30);
INSERT INTO out_argument VALUES('zodino_pns.zodino_pns_20.p1.get_state','zodino_pns.zodino_pns_20.p1.p1_state_off',31);
INSERT INTO command_param VALUES('zodino_pns.zodino_pns_20.p1.get_state','devt','0');
INSERT INTO command_param VALUES('zodino_pns.zodino_pns_20.p1.get_state','devn','8');
INSERT INTO command_param VALUES('zodino_pns.zodino_pns_20.p1.get_state','code','0');
INSERT INTO command VALUES('zodino_pns.zodino_pns_20.p1.set_minimax','zodino_pns.zodino_pns_20','zodino_pns.zodino_pns_20.p1','plg','alm','Насос 1. Установить пределы насоса');
INSERT INTO in_argument VALUES('zodino_pns.zodino_pns_20.p1.set_minimax','zodino_pns.zodino_pns_20.p1.p1_min_value',0);
INSERT INTO in_argument VALUES('zodino_pns.zodino_pns_20.p1.set_minimax','zodino_pns.zodino_pns_20.p1.p1_max_value',8);
INSERT INTO out_argument VALUES('zodino_pns.zodino_pns_20.p1.set_minimax','zodino_pns.zodino_pns_20.p1.p1_min_value',0);
INSERT INTO out_argument VALUES('zodino_pns.zodino_pns_20.p1.set_minimax','zodino_pns.zodino_pns_20.p1.p1_max_value',8);
INSERT INTO command_param VALUES('zodino_pns.zodino_pns_20.p1.set_minimax','devt','0');
INSERT INTO command_param VALUES('zodino_pns.zodino_pns_20.p1.set_minimax','devn','8');
INSERT INTO command_param VALUES('zodino_pns.zodino_pns_20.p1.set_minimax','code','1');
INSERT INTO command VALUES('zodino_pns.zodino_pns_20.p1.set_use_minimax','zodino_pns.zodino_pns_20','zodino_pns.zodino_pns_20.p1','plg','alm','Насос 1. Установить использование анализа пределов насоса');
INSERT INTO in_argument VALUES('zodino_pns.zodino_pns_20.p1.set_use_minimax','zodino_pns.zodino_pns_20.p1.p1_min_use',0);
INSERT INTO in_argument VALUES('zodino_pns.zodino_pns_20.p1.set_use_minimax','zodino_pns.zodino_pns_20.p1.p1_max_use',1);
INSERT INTO out_argument VALUES('zodino_pns.zodino_pns_20.p1.set_use_minimax','zodino_pns.zodino_pns_20.p1.p1_min_use',0);
INSERT INTO out_argument VALUES('zodino_pns.zodino_pns_20.p1.set_use_minimax','zodino_pns.zodino_pns_20.p1.p1_max_use',1);
INSERT INTO command_param VALUES('zodino_pns.zodino_pns_20.p1.set_use_minimax','devt','0');
INSERT INTO command_param VALUES('zodino_pns.zodino_pns_20.p1.set_use_minimax','devn','8');
INSERT INTO command_param VALUES('zodino_pns.zodino_pns_20.p1.set_use_minimax','code','2');
INSERT INTO command VALUES('zodino_pns.zodino_pns_20.p1.set_use_auto_off_on_event','zodino_pns.zodino_pns_20','zodino_pns.zodino_pns_20.p1','plg','work','Насос 1. Установить использование автовыключения насоса по событию');
INSERT INTO in_argument VALUES('zodino_pns.zodino_pns_20.p1.set_use_auto_off_on_event','zodino_pns.zodino_pns_20.p1.p1_use_auto_off_on_event',0);
INSERT INTO out_argument VALUES('zodino_pns.zodino_pns_20.p1.set_use_auto_off_on_event','zodino_pns.zodino_pns_20.p1.p1_use_auto_off_on_event',0);
INSERT INTO command_param VALUES('zodino_pns.zodino_pns_20.p1.set_use_auto_off_on_event','devt','0');
INSERT INTO command_param VALUES('zodino_pns.zodino_pns_20.p1.set_use_auto_off_on_event','devn','8');
INSERT INTO command_param VALUES('zodino_pns.zodino_pns_20.p1.set_use_auto_off_on_event','code','3');
INSERT INTO command VALUES('zodino_pns.zodino_pns_20.p1.on_off_pump','zodino_pns.zodino_pns_20','zodino_pns.zodino_pns_20.p1','plg','work','Насос 1. Установить состояние насоса');
INSERT INTO in_argument VALUES('zodino_pns.zodino_pns_20.p1.on_off_pump','zodino_pns.zodino_pns_20.p1.p1_on',0);
INSERT INTO out_argument VALUES('zodino_pns.zodino_pns_20.p1.on_off_pump','zodino_pns.zodino_pns_20.p1.p1_on',0);
INSERT INTO command_param VALUES('zodino_pns.zodino_pns_20.p1.on_off_pump','devt','0');
INSERT INTO command_param VALUES('zodino_pns.zodino_pns_20.p1.on_off_pump','devn','8');
INSERT INTO command_param VALUES('zodino_pns.zodino_pns_20.p1.on_off_pump','code','4');
INSERT INTO command VALUES('zodino_pns.zodino_pns_20.p1.alm_off','zodino_pns.zodino_pns_20','zodino_pns.zodino_pns_20.p1','plg','alm','Насос 1. Выполнить аварийное выключение насоса');
INSERT INTO command_param VALUES('zodino_pns.zodino_pns_20.p1.alm_off','devt','0');
INSERT INTO command_param VALUES('zodino_pns.zodino_pns_20.p1.alm_off','devn','8');
INSERT INTO command_param VALUES('zodino_pns.zodino_pns_20.p1.alm_off','code','5');
INSERT INTO command VALUES('zodino_pns.zodino_pns_20.p2.get_state','zodino_pns.zodino_pns_20','zodino_pns.zodino_pns_20.p2','none','work','Получить состояние насоса 2');
INSERT INTO out_argument VALUES('zodino_pns.zodino_pns_20.p2.get_state','zodino_pns.zodino_pns_20.p2.p2_value',0);
INSERT INTO out_argument VALUES('zodino_pns.zodino_pns_20.p2.get_state','zodino_pns.zodino_pns_20.p2.p2_min_value',8);
INSERT INTO out_argument VALUES('zodino_pns.zodino_pns_20.p2.get_state','zodino_pns.zodino_pns_20.p2.p2_max_value',16);
INSERT INTO out_argument VALUES('zodino_pns.zodino_pns_20.p2.get_state','zodino_pns.zodino_pns_20.p2.p2_min_use',24);
INSERT INTO out_argument VALUES('zodino_pns.zodino_pns_20.p2.get_state','zodino_pns.zodino_pns_20.p2.p2_max_use',25);
INSERT INTO out_argument VALUES('zodino_pns.zodino_pns_20.p2.get_state','zodino_pns.zodino_pns_20.p2.p2_min_alm',26);
INSERT INTO out_argument VALUES('zodino_pns.zodino_pns_20.p2.get_state','zodino_pns.zodino_pns_20.p2.p2_max_alm',27);
INSERT INTO out_argument VALUES('zodino_pns.zodino_pns_20.p2.get_state','zodino_pns.zodino_pns_20.p2.p2_use_auto_off_on_event',28);
INSERT INTO out_argument VALUES('zodino_pns.zodino_pns_20.p2.get_state','zodino_pns.zodino_pns_20.p2.p2_on',29);
INSERT INTO out_argument VALUES('zodino_pns.zodino_pns_20.p2.get_state','zodino_pns.zodino_pns_20.p2.p2_state_on',30);
INSERT INTO out_argument VALUES('zodino_pns.zodino_pns_20.p2.get_state','zodino_pns.zodino_pns_20.p2.p2_state_off',31);
INSERT INTO command_param VALUES('zodino_pns.zodino_pns_20.p2.get_state','devt','0');
INSERT INTO command_param VALUES('zodino_pns.zodino_pns_20.p2.get_state','devn','9');
INSERT INTO command_param VALUES('zodino_pns.zodino_pns_20.p2.get_state','code','0');
INSERT INTO command VALUES('zodino_pns.zodino_pns_20.p2.set_minimax','zodino_pns.zodino_pns_20','zodino_pns.zodino_pns_20.p2','plg','alm','Насос 2. Установить пределы насоса');
INSERT INTO in_argument VALUES('zodino_pns.zodino_pns_20.p2.set_minimax','zodino_pns.zodino_pns_20.p2.p2_min_value',0);
INSERT INTO in_argument VALUES('zodino_pns.zodino_pns_20.p2.set_minimax','zodino_pns.zodino_pns_20.p2.p2_max_value',8);
INSERT INTO out_argument VALUES('zodino_pns.zodino_pns_20.p2.set_minimax','zodino_pns.zodino_pns_20.p2.p2_min_value',0);
INSERT INTO out_argument VALUES('zodino_pns.zodino_pns_20.p2.set_minimax','zodino_pns.zodino_pns_20.p2.p2_max_value',8);
INSERT INTO command_param VALUES('zodino_pns.zodino_pns_20.p2.set_minimax','devt','0');
INSERT INTO command_param VALUES('zodino_pns.zodino_pns_20.p2.set_minimax','devn','9');
INSERT INTO command_param VALUES('zodino_pns.zodino_pns_20.p2.set_minimax','code','1');
INSERT INTO command VALUES('zodino_pns.zodino_pns_20.p2.set_use_minimax','zodino_pns.zodino_pns_20','zodino_pns.zodino_pns_20.p2','plg','alm','Насос 2. Установить использование анализа пределов насоса');
INSERT INTO in_argument VALUES('zodino_pns.zodino_pns_20.p2.set_use_minimax','zodino_pns.zodino_pns_20.p2.p2_min_use',0);
INSERT INTO in_argument VALUES('zodino_pns.zodino_pns_20.p2.set_use_minimax','zodino_pns.zodino_pns_20.p2.p2_max_use',1);
INSERT INTO out_argument VALUES('zodino_pns.zodino_pns_20.p2.set_use_minimax','zodino_pns.zodino_pns_20.p2.p2_min_use',0);
INSERT INTO out_argument VALUES('zodino_pns.zodino_pns_20.p2.set_use_minimax','zodino_pns.zodino_pns_20.p2.p2_max_use',1);
INSERT INTO command_param VALUES('zodino_pns.zodino_pns_20.p2.set_use_minimax','devt','0');
INSERT INTO command_param VALUES('zodino_pns.zodino_pns_20.p2.set_use_minimax','devn','9');
INSERT INTO command_param VALUES('zodino_pns.zodino_pns_20.p2.set_use_minimax','code','2');
INSERT INTO command VALUES('zodino_pns.zodino_pns_20.p2.set_use_auto_off_on_event','zodino_pns.zodino_pns_20','zodino_pns.zodino_pns_20.p2','plg','work','Насос 2. Установить использование автовыключения насоса по событию');
INSERT INTO in_argument VALUES('zodino_pns.zodino_pns_20.p2.set_use_auto_off_on_event','zodino_pns.zodino_pns_20.p2.p2_use_auto_off_on_event',0);
INSERT INTO out_argument VALUES('zodino_pns.zodino_pns_20.p2.set_use_auto_off_on_event','zodino_pns.zodino_pns_20.p2.p2_use_auto_off_on_event',0);
INSERT INTO command_param VALUES('zodino_pns.zodino_pns_20.p2.set_use_auto_off_on_event','devt','0');
INSERT INTO command_param VALUES('zodino_pns.zodino_pns_20.p2.set_use_auto_off_on_event','devn','9');
INSERT INTO command_param VALUES('zodino_pns.zodino_pns_20.p2.set_use_auto_off_on_event','code','3');
INSERT INTO command VALUES('zodino_pns.zodino_pns_20.p2.on_off_pump','zodino_pns.zodino_pns_20','zodino_pns.zodino_pns_20.p2','plg','work','Насос 2. Установить состояние насоса ');
INSERT INTO in_argument VALUES('zodino_pns.zodino_pns_20.p2.on_off_pump','zodino_pns.zodino_pns_20.p2.p2_on',0);
INSERT INTO out_argument VALUES('zodino_pns.zodino_pns_20.p2.on_off_pump','zodino_pns.zodino_pns_20.p2.p2_on',0);
INSERT INTO command_param VALUES('zodino_pns.zodino_pns_20.p2.on_off_pump','devt','0');
INSERT INTO command_param VALUES('zodino_pns.zodino_pns_20.p2.on_off_pump','devn','9');
INSERT INTO command_param VALUES('zodino_pns.zodino_pns_20.p2.on_off_pump','code','4');
INSERT INTO command VALUES('zodino_pns.zodino_pns_20.p2.alm_off','zodino_pns.zodino_pns_20','zodino_pns.zodino_pns_20.p2','plg','alm','Насос 2. Выполнить аварийное выключение насоса');
INSERT INTO command_param VALUES('zodino_pns.zodino_pns_20.p2.alm_off','devt','0');
INSERT INTO command_param VALUES('zodino_pns.zodino_pns_20.p2.alm_off','devn','9');
INSERT INTO command_param VALUES('zodino_pns.zodino_pns_20.p2.alm_off','code','5');
INSERT INTO command VALUES('zodino_pns.zodino_pns_20.p3.get_state','zodino_pns.zodino_pns_20','zodino_pns.zodino_pns_20.p3','none','work','Насос 3. Получить состояние насоса');
INSERT INTO out_argument VALUES('zodino_pns.zodino_pns_20.p3.get_state','zodino_pns.zodino_pns_20.p3.p3_value',0);
INSERT INTO out_argument VALUES('zodino_pns.zodino_pns_20.p3.get_state','zodino_pns.zodino_pns_20.p3.p3_min_value',8);
INSERT INTO out_argument VALUES('zodino_pns.zodino_pns_20.p3.get_state','zodino_pns.zodino_pns_20.p3.p3_max_value',16);
INSERT INTO out_argument VALUES('zodino_pns.zodino_pns_20.p3.get_state','zodino_pns.zodino_pns_20.p3.p3_min_use',24);
INSERT INTO out_argument VALUES('zodino_pns.zodino_pns_20.p3.get_state','zodino_pns.zodino_pns_20.p3.p3_max_use',25);
INSERT INTO out_argument VALUES('zodino_pns.zodino_pns_20.p3.get_state','zodino_pns.zodino_pns_20.p3.p3_min_alm',26);
INSERT INTO out_argument VALUES('zodino_pns.zodino_pns_20.p3.get_state','zodino_pns.zodino_pns_20.p3.p3_max_alm',27);
INSERT INTO out_argument VALUES('zodino_pns.zodino_pns_20.p3.get_state','zodino_pns.zodino_pns_20.p3.p3_use_auto_off_on_event',28);
INSERT INTO out_argument VALUES('zodino_pns.zodino_pns_20.p3.get_state','zodino_pns.zodino_pns_20.p3.p3_on',29);
INSERT INTO out_argument VALUES('zodino_pns.zodino_pns_20.p3.get_state','zodino_pns.zodino_pns_20.p3.p3_state_on',30);
INSERT INTO out_argument VALUES('zodino_pns.zodino_pns_20.p3.get_state','zodino_pns.zodino_pns_20.p3.p3_state_off',31);
INSERT INTO command_param VALUES('zodino_pns.zodino_pns_20.p3.get_state','devt','0');
INSERT INTO command_param VALUES('zodino_pns.zodino_pns_20.p3.get_state','devn','10');
INSERT INTO command_param VALUES('zodino_pns.zodino_pns_20.p3.get_state','code','0');
INSERT INTO command VALUES('zodino_pns.zodino_pns_20.p3.set_minimax','zodino_pns.zodino_pns_20','zodino_pns.zodino_pns_20.p3','plg','alm','Насос 3. Установить пределы насоса');
INSERT INTO in_argument VALUES('zodino_pns.zodino_pns_20.p3.set_minimax','zodino_pns.zodino_pns_20.p3.p3_min_value',0);
INSERT INTO in_argument VALUES('zodino_pns.zodino_pns_20.p3.set_minimax','zodino_pns.zodino_pns_20.p3.p3_max_value',8);
INSERT INTO out_argument VALUES('zodino_pns.zodino_pns_20.p3.set_minimax','zodino_pns.zodino_pns_20.p3.p3_min_value',0);
INSERT INTO out_argument VALUES('zodino_pns.zodino_pns_20.p3.set_minimax','zodino_pns.zodino_pns_20.p3.p3_max_value',8);
INSERT INTO command_param VALUES('zodino_pns.zodino_pns_20.p3.set_minimax','devt','0');
INSERT INTO command_param VALUES('zodino_pns.zodino_pns_20.p3.set_minimax','devn','10');
INSERT INTO command_param VALUES('zodino_pns.zodino_pns_20.p3.set_minimax','code','1');
INSERT INTO command VALUES('zodino_pns.zodino_pns_20.p3.set_use_minimax','zodino_pns.zodino_pns_20','zodino_pns.zodino_pns_20.p3','plg','alm','Насос 3. Установить использование анализа пределов насоса');
INSERT INTO in_argument VALUES('zodino_pns.zodino_pns_20.p3.set_use_minimax','zodino_pns.zodino_pns_20.p3.p3_min_use',0);
INSERT INTO in_argument VALUES('zodino_pns.zodino_pns_20.p3.set_use_minimax','zodino_pns.zodino_pns_20.p3.p3_max_use',1);
INSERT INTO out_argument VALUES('zodino_pns.zodino_pns_20.p3.set_use_minimax','zodino_pns.zodino_pns_20.p3.p3_min_use',0);
INSERT INTO out_argument VALUES('zodino_pns.zodino_pns_20.p3.set_use_minimax','zodino_pns.zodino_pns_20.p3.p3_max_use',1);
INSERT INTO command_param VALUES('zodino_pns.zodino_pns_20.p3.set_use_minimax','devt','0');
INSERT INTO command_param VALUES('zodino_pns.zodino_pns_20.p3.set_use_minimax','devn','10');
INSERT INTO command_param VALUES('zodino_pns.zodino_pns_20.p3.set_use_minimax','code','2');
INSERT INTO command VALUES('zodino_pns.zodino_pns_20.p3.set_use_auto_off_on_event','zodino_pns.zodino_pns_20','zodino_pns.zodino_pns_20.p3','plg','work','Насос 3. Установить использование автовыключения насоса по событию');
INSERT INTO in_argument VALUES('zodino_pns.zodino_pns_20.p3.set_use_auto_off_on_event','zodino_pns.zodino_pns_20.p3.p3_use_auto_off_on_event',0);
INSERT INTO out_argument VALUES('zodino_pns.zodino_pns_20.p3.set_use_auto_off_on_event','zodino_pns.zodino_pns_20.p3.p3_use_auto_off_on_event',0);
INSERT INTO command_param VALUES('zodino_pns.zodino_pns_20.p3.set_use_auto_off_on_event','devt','0');
INSERT INTO command_param VALUES('zodino_pns.zodino_pns_20.p3.set_use_auto_off_on_event','devn','10');
INSERT INTO command_param VALUES('zodino_pns.zodino_pns_20.p3.set_use_auto_off_on_event','code','3');
INSERT INTO command VALUES('zodino_pns.zodino_pns_20.p3.on_off_pump','zodino_pns.zodino_pns_20','zodino_pns.zodino_pns_20.p3','plg','work','Насос 3. Установить состояние насоса');
INSERT INTO in_argument VALUES('zodino_pns.zodino_pns_20.p3.on_off_pump','zodino_pns.zodino_pns_20.p3.p3_on',0);
INSERT INTO out_argument VALUES('zodino_pns.zodino_pns_20.p3.on_off_pump','zodino_pns.zodino_pns_20.p3.p3_on',0);
INSERT INTO command_param VALUES('zodino_pns.zodino_pns_20.p3.on_off_pump','devt','0');
INSERT INTO command_param VALUES('zodino_pns.zodino_pns_20.p3.on_off_pump','devn','10');
INSERT INTO command_param VALUES('zodino_pns.zodino_pns_20.p3.on_off_pump','code','4');
INSERT INTO command VALUES('zodino_pns.zodino_pns_20.p3.alm_off','zodino_pns.zodino_pns_20','zodino_pns.zodino_pns_20.p3','plg','alm','Насос 3. Выполнить аварийное выключение насоса');
INSERT INTO command_param VALUES('zodino_pns.zodino_pns_20.p3.alm_off','devt','0');
INSERT INTO command_param VALUES('zodino_pns.zodino_pns_20.p3.alm_off','devn','10');
INSERT INTO command_param VALUES('zodino_pns.zodino_pns_20.p3.alm_off','code','5');
INSERT INTO command VALUES('zodino_pns.zodino_pns_20.p4.get_state','zodino_pns.zodino_pns_20','zodino_pns.zodino_pns_20.p4','none','work','Насос 4. Получить состояние насоса');
INSERT INTO out_argument VALUES('zodino_pns.zodino_pns_20.p4.get_state','zodino_pns.zodino_pns_20.p4.p4_value',0);
INSERT INTO out_argument VALUES('zodino_pns.zodino_pns_20.p4.get_state','zodino_pns.zodino_pns_20.p4.p4_min_value',8);
INSERT INTO out_argument VALUES('zodino_pns.zodino_pns_20.p4.get_state','zodino_pns.zodino_pns_20.p4.p4_max_value',16);
INSERT INTO out_argument VALUES('zodino_pns.zodino_pns_20.p4.get_state','zodino_pns.zodino_pns_20.p4.p4_min_use',24);
INSERT INTO out_argument VALUES('zodino_pns.zodino_pns_20.p4.get_state','zodino_pns.zodino_pns_20.p4.p4_max_use',25);
INSERT INTO out_argument VALUES('zodino_pns.zodino_pns_20.p4.get_state','zodino_pns.zodino_pns_20.p4.p4_min_alm',26);
INSERT INTO out_argument VALUES('zodino_pns.zodino_pns_20.p4.get_state','zodino_pns.zodino_pns_20.p4.p4_max_alm',27);
INSERT INTO out_argument VALUES('zodino_pns.zodino_pns_20.p4.get_state','zodino_pns.zodino_pns_20.p4.p4_use_auto_off_on_event',28);
INSERT INTO out_argument VALUES('zodino_pns.zodino_pns_20.p4.get_state','zodino_pns.zodino_pns_20.p4.p4_on',29);
INSERT INTO out_argument VALUES('zodino_pns.zodino_pns_20.p4.get_state','zodino_pns.zodino_pns_20.p4.p4_state_on',30);
INSERT INTO out_argument VALUES('zodino_pns.zodino_pns_20.p4.get_state','zodino_pns.zodino_pns_20.p4.p4_state_off',31);
INSERT INTO command_param VALUES('zodino_pns.zodino_pns_20.p4.get_state','devt','0');
INSERT INTO command_param VALUES('zodino_pns.zodino_pns_20.p4.get_state','devn','11');
INSERT INTO command_param VALUES('zodino_pns.zodino_pns_20.p4.get_state','code','0');
INSERT INTO command VALUES('zodino_pns.zodino_pns_20.p4.set_minimax','zodino_pns.zodino_pns_20','zodino_pns.zodino_pns_20.p4','plg','alm','Насос 4. Установить пределы насоса');
INSERT INTO in_argument VALUES('zodino_pns.zodino_pns_20.p4.set_minimax','zodino_pns.zodino_pns_20.p4.p4_min_value',0);
INSERT INTO in_argument VALUES('zodino_pns.zodino_pns_20.p4.set_minimax','zodino_pns.zodino_pns_20.p4.p4_max_value',8);
INSERT INTO out_argument VALUES('zodino_pns.zodino_pns_20.p4.set_minimax','zodino_pns.zodino_pns_20.p4.p4_min_value',0);
INSERT INTO out_argument VALUES('zodino_pns.zodino_pns_20.p4.set_minimax','zodino_pns.zodino_pns_20.p4.p4_max_value',8);
INSERT INTO command_param VALUES('zodino_pns.zodino_pns_20.p4.set_minimax','devt','0');
INSERT INTO command_param VALUES('zodino_pns.zodino_pns_20.p4.set_minimax','devn','11');
INSERT INTO command_param VALUES('zodino_pns.zodino_pns_20.p4.set_minimax','code','1');
INSERT INTO command VALUES('zodino_pns.zodino_pns_20.p4.set_use_minimax','zodino_pns.zodino_pns_20','zodino_pns.zodino_pns_20.p4','plg','alm','Насос 4. Установить использование анализа пределов насоса');
INSERT INTO in_argument VALUES('zodino_pns.zodino_pns_20.p4.set_use_minimax','zodino_pns.zodino_pns_20.p4.p4_min_use',0);
INSERT INTO in_argument VALUES('zodino_pns.zodino_pns_20.p4.set_use_minimax','zodino_pns.zodino_pns_20.p4.p4_max_use',1);
INSERT INTO out_argument VALUES('zodino_pns.zodino_pns_20.p4.set_use_minimax','zodino_pns.zodino_pns_20.p4.p4_min_use',0);
INSERT INTO out_argument VALUES('zodino_pns.zodino_pns_20.p4.set_use_minimax','zodino_pns.zodino_pns_20.p4.p4_max_use',1);
INSERT INTO command_param VALUES('zodino_pns.zodino_pns_20.p4.set_use_minimax','devt','0');
INSERT INTO command_param VALUES('zodino_pns.zodino_pns_20.p4.set_use_minimax','devn','11');
INSERT INTO command_param VALUES('zodino_pns.zodino_pns_20.p4.set_use_minimax','code','2');
INSERT INTO command VALUES('zodino_pns.zodino_pns_20.p4.set_use_auto_off_on_event','zodino_pns.zodino_pns_20','zodino_pns.zodino_pns_20.p4','plg','work','Насос 4. Установить использование автовыключения насоса по событию');
INSERT INTO in_argument VALUES('zodino_pns.zodino_pns_20.p4.set_use_auto_off_on_event','zodino_pns.zodino_pns_20.p4.p4_use_auto_off_on_event',0);
INSERT INTO out_argument VALUES('zodino_pns.zodino_pns_20.p4.set_use_auto_off_on_event','zodino_pns.zodino_pns_20.p4.p4_use_auto_off_on_event',0);
INSERT INTO command_param VALUES('zodino_pns.zodino_pns_20.p4.set_use_auto_off_on_event','devt','0');
INSERT INTO command_param VALUES('zodino_pns.zodino_pns_20.p4.set_use_auto_off_on_event','devn','11');
INSERT INTO command_param VALUES('zodino_pns.zodino_pns_20.p4.set_use_auto_off_on_event','code','3');
INSERT INTO command VALUES('zodino_pns.zodino_pns_20.p4.on_off_pump','zodino_pns.zodino_pns_20','zodino_pns.zodino_pns_20.p4','plg','work','Насос 4. Установить состояние насоса');
INSERT INTO in_argument VALUES('zodino_pns.zodino_pns_20.p4.on_off_pump','zodino_pns.zodino_pns_20.p4.p4_on',0);
INSERT INTO out_argument VALUES('zodino_pns.zodino_pns_20.p4.on_off_pump','zodino_pns.zodino_pns_20.p4.p4_on',0);
INSERT INTO command_param VALUES('zodino_pns.zodino_pns_20.p4.on_off_pump','devt','0');
INSERT INTO command_param VALUES('zodino_pns.zodino_pns_20.p4.on_off_pump','devn','11');
INSERT INTO command_param VALUES('zodino_pns.zodino_pns_20.p4.on_off_pump','code','4');
INSERT INTO command VALUES('zodino_pns.zodino_pns_20.p4.alm_off','zodino_pns.zodino_pns_20','zodino_pns.zodino_pns_20.p4','plg','alm','Насос 4. Выполнить аварийное выключение насоса');
INSERT INTO command_param VALUES('zodino_pns.zodino_pns_20.p4.alm_off','devt','0');
INSERT INTO command_param VALUES('zodino_pns.zodino_pns_20.p4.alm_off','devn','11');
INSERT INTO command_param VALUES('zodino_pns.zodino_pns_20.p4.alm_off','code','5');
INSERT INTO command VALUES('zodino_pns.zodino_pns_20.p5.get_state','zodino_pns.zodino_pns_20','zodino_pns.zodino_pns_20.p5','none','work','Насос 5. Получить состояние насоса');
INSERT INTO out_argument VALUES('zodino_pns.zodino_pns_20.p5.get_state','zodino_pns.zodino_pns_20.p5.p5_value',0);
INSERT INTO out_argument VALUES('zodino_pns.zodino_pns_20.p5.get_state','zodino_pns.zodino_pns_20.p5.p5_min_value',8);
INSERT INTO out_argument VALUES('zodino_pns.zodino_pns_20.p5.get_state','zodino_pns.zodino_pns_20.p5.p5_max_value',16);
INSERT INTO out_argument VALUES('zodino_pns.zodino_pns_20.p5.get_state','zodino_pns.zodino_pns_20.p5.p5_min_use',24);
INSERT INTO out_argument VALUES('zodino_pns.zodino_pns_20.p5.get_state','zodino_pns.zodino_pns_20.p5.p5_max_use',25);
INSERT INTO out_argument VALUES('zodino_pns.zodino_pns_20.p5.get_state','zodino_pns.zodino_pns_20.p5.p5_min_alm',26);
INSERT INTO out_argument VALUES('zodino_pns.zodino_pns_20.p5.get_state','zodino_pns.zodino_pns_20.p5.p5_max_alm',27);
INSERT INTO out_argument VALUES('zodino_pns.zodino_pns_20.p5.get_state','zodino_pns.zodino_pns_20.p5.p5_use_auto_off_on_event',28);
INSERT INTO out_argument VALUES('zodino_pns.zodino_pns_20.p5.get_state','zodino_pns.zodino_pns_20.p5.p5_on',29);
INSERT INTO out_argument VALUES('zodino_pns.zodino_pns_20.p5.get_state','zodino_pns.zodino_pns_20.p5.p5_state_on',30);
INSERT INTO out_argument VALUES('zodino_pns.zodino_pns_20.p5.get_state','zodino_pns.zodino_pns_20.p5.p5_state_off',31);
INSERT INTO command_param VALUES('zodino_pns.zodino_pns_20.p5.get_state','devt','0');
INSERT INTO command_param VALUES('zodino_pns.zodino_pns_20.p5.get_state','devn','12');
INSERT INTO command_param VALUES('zodino_pns.zodino_pns_20.p5.get_state','code','0');
INSERT INTO command VALUES('zodino_pns.zodino_pns_20.p5.set_minimax','zodino_pns.zodino_pns_20','zodino_pns.zodino_pns_20.p5','plg','alm','Насос 5. Установить пределы насоса');
INSERT INTO in_argument VALUES('zodino_pns.zodino_pns_20.p5.set_minimax','zodino_pns.zodino_pns_20.p5.p5_min_value',0);
INSERT INTO in_argument VALUES('zodino_pns.zodino_pns_20.p5.set_minimax','zodino_pns.zodino_pns_20.p5.p5_max_value',8);
INSERT INTO out_argument VALUES('zodino_pns.zodino_pns_20.p5.set_minimax','zodino_pns.zodino_pns_20.p5.p5_min_value',0);
INSERT INTO out_argument VALUES('zodino_pns.zodino_pns_20.p5.set_minimax','zodino_pns.zodino_pns_20.p5.p5_max_value',8);
INSERT INTO command_param VALUES('zodino_pns.zodino_pns_20.p5.set_minimax','devt','0');
INSERT INTO command_param VALUES('zodino_pns.zodino_pns_20.p5.set_minimax','devn','12');
INSERT INTO command_param VALUES('zodino_pns.zodino_pns_20.p5.set_minimax','code','1');
INSERT INTO command VALUES('zodino_pns.zodino_pns_20.p5.set_use_minimax','zodino_pns.zodino_pns_20','zodino_pns.zodino_pns_20.p5','plg','alm','Насос 5. Установить использование анализа пределов насоса');
INSERT INTO in_argument VALUES('zodino_pns.zodino_pns_20.p5.set_use_minimax','zodino_pns.zodino_pns_20.p5.p5_min_use',0);
INSERT INTO in_argument VALUES('zodino_pns.zodino_pns_20.p5.set_use_minimax','zodino_pns.zodino_pns_20.p5.p5_max_use',1);
INSERT INTO out_argument VALUES('zodino_pns.zodino_pns_20.p5.set_use_minimax','zodino_pns.zodino_pns_20.p5.p5_min_use',0);
INSERT INTO out_argument VALUES('zodino_pns.zodino_pns_20.p5.set_use_minimax','zodino_pns.zodino_pns_20.p5.p5_max_use',1);
INSERT INTO command_param VALUES('zodino_pns.zodino_pns_20.p5.set_use_minimax','devt','0');
INSERT INTO command_param VALUES('zodino_pns.zodino_pns_20.p5.set_use_minimax','devn','12');
INSERT INTO command_param VALUES('zodino_pns.zodino_pns_20.p5.set_use_minimax','code','2');
INSERT INTO command VALUES('zodino_pns.zodino_pns_20.p5.set_use_auto_off_on_event','zodino_pns.zodino_pns_20','zodino_pns.zodino_pns_20.p5','plg','work','Насос 5. Установить использование автовыключения насоса по событию');
INSERT INTO in_argument VALUES('zodino_pns.zodino_pns_20.p5.set_use_auto_off_on_event','zodino_pns.zodino_pns_20.p5.p5_use_auto_off_on_event',0);
INSERT INTO out_argument VALUES('zodino_pns.zodino_pns_20.p5.set_use_auto_off_on_event','zodino_pns.zodino_pns_20.p5.p5_use_auto_off_on_event',0);
INSERT INTO command_param VALUES('zodino_pns.zodino_pns_20.p5.set_use_auto_off_on_event','devt','0');
INSERT INTO command_param VALUES('zodino_pns.zodino_pns_20.p5.set_use_auto_off_on_event','devn','12');
INSERT INTO command_param VALUES('zodino_pns.zodino_pns_20.p5.set_use_auto_off_on_event','code','3');
INSERT INTO command VALUES('zodino_pns.zodino_pns_20.p5.on_off_pump','zodino_pns.zodino_pns_20','zodino_pns.zodino_pns_20.p5','plg','work','Насос 5. Установить состояние насоса');
INSERT INTO in_argument VALUES('zodino_pns.zodino_pns_20.p5.on_off_pump','zodino_pns.zodino_pns_20.p5.p5_on',0);
INSERT INTO out_argument VALUES('zodino_pns.zodino_pns_20.p5.on_off_pump','zodino_pns.zodino_pns_20.p5.p5_on',0);
INSERT INTO command_param VALUES('zodino_pns.zodino_pns_20.p5.on_off_pump','devt','0');
INSERT INTO command_param VALUES('zodino_pns.zodino_pns_20.p5.on_off_pump','devn','12');
INSERT INTO command_param VALUES('zodino_pns.zodino_pns_20.p5.on_off_pump','code','4');
INSERT INTO command VALUES('zodino_pns.zodino_pns_20.p5.alm_off','zodino_pns.zodino_pns_20','zodino_pns.zodino_pns_20.p5','plg','alm','Насос 5. Выполнить аварийное выключение насоса');
INSERT INTO command_param VALUES('zodino_pns.zodino_pns_20.p5.alm_off','devt','0');
INSERT INTO command_param VALUES('zodino_pns.zodino_pns_20.p5.alm_off','devn','12');
INSERT INTO command_param VALUES('zodino_pns.zodino_pns_20.p5.alm_off','code','5');
INSERT INTO command VALUES('zodino_pns.zodino_pns_20.fc.get_state','zodino_pns.zodino_pns_20','zodino_pns.zodino_pns_20.fc','none','work','Получить состояние');
INSERT INTO out_argument VALUES('zodino_pns.zodino_pns_20.fc.get_state','zodino_pns.zodino_pns_20.fc.fc_current_task',0);
INSERT INTO out_argument VALUES('zodino_pns.zodino_pns_20.fc.get_state','zodino_pns.zodino_pns_20.fc.fc_work_mode',8);
INSERT INTO command_param VALUES('zodino_pns.zodino_pns_20.fc.get_state','devt','0');
INSERT INTO command_param VALUES('zodino_pns.zodino_pns_20.fc.get_state','devn','18');
INSERT INTO command_param VALUES('zodino_pns.zodino_pns_20.fc.get_state','code','0');
INSERT INTO command VALUES('zodino_pns.zodino_pns_20.fc.set_graph','zodino_pns.zodino_pns_20','zodino_pns.zodino_pns_20.fc','none','work','Установить график');
INSERT INTO in_argument VALUES('zodino_pns.zodino_pns_20.fc.set_graph','zodino_pns.zodino_pns_20.fc.fc_day_num',0);
INSERT INTO in_argument VALUES('zodino_pns.zodino_pns_20.fc.set_graph','zodino_pns.zodino_pns_20.fc.fc_halfhour_task',8);
INSERT INTO out_argument VALUES('zodino_pns.zodino_pns_20.fc.set_graph','zodino_pns.zodino_pns_20.fc.fc_day_num',0);
INSERT INTO command_param VALUES('zodino_pns.zodino_pns_20.fc.set_graph','devt','0');
INSERT INTO command_param VALUES('zodino_pns.zodino_pns_20.fc.set_graph','devn','18');
INSERT INTO command_param VALUES('zodino_pns.zodino_pns_20.fc.set_graph','code','1');
INSERT INTO command VALUES('zodino_pns.zodino_pns_20.fc.get_graph','zodino_pns.zodino_pns_20','zodino_pns.zodino_pns_20.fc','none','work','Получить график');
INSERT INTO out_argument VALUES('zodino_pns.zodino_pns_20.fc.get_graph','zodino_pns.zodino_pns_20.fc.fc_day_num',0);
INSERT INTO out_argument VALUES('zodino_pns.zodino_pns_20.fc.get_graph','zodino_pns.zodino_pns_20.fc.fc_halfhour_task',8);
INSERT INTO command_param VALUES('zodino_pns.zodino_pns_20.fc.get_graph','devt','0');
INSERT INTO command_param VALUES('zodino_pns.zodino_pns_20.fc.get_graph','devn','18');
INSERT INTO command_param VALUES('zodino_pns.zodino_pns_20.fc.get_graph','code','2');
INSERT INTO command VALUES('zodino_pns.zodino_pns_20.fc.set_manual_task','zodino_pns.zodino_pns_20','zodino_pns.zodino_pns_20.fc','plg','work','Установить ручное задание');
INSERT INTO in_argument VALUES('zodino_pns.zodino_pns_20.fc.set_manual_task','zodino_pns.zodino_pns_20.fc.fc_task',0);
INSERT INTO out_argument VALUES('zodino_pns.zodino_pns_20.fc.set_manual_task','zodino_pns.zodino_pns_20.fc.fc_task',0);
INSERT INTO command_param VALUES('zodino_pns.zodino_pns_20.fc.set_manual_task','devt','0');
INSERT INTO command_param VALUES('zodino_pns.zodino_pns_20.fc.set_manual_task','devn','18');
INSERT INTO command_param VALUES('zodino_pns.zodino_pns_20.fc.set_manual_task','code','3');
INSERT INTO command VALUES('zodino_pns.zodino_pns_20.fc.get_manual_task','zodino_pns.zodino_pns_20','zodino_pns.zodino_pns_20.fc','none','work','Получить ручное задание');
INSERT INTO out_argument VALUES('zodino_pns.zodino_pns_20.fc.get_manual_task','zodino_pns.zodino_pns_20.fc.fc_task',0);
INSERT INTO command_param VALUES('zodino_pns.zodino_pns_20.fc.get_manual_task','devt','0');
INSERT INTO command_param VALUES('zodino_pns.zodino_pns_20.fc.get_manual_task','devn','18');
INSERT INTO command_param VALUES('zodino_pns.zodino_pns_20.fc.get_manual_task','code','4');
INSERT INTO command VALUES('zodino_pns.zodino_pns_20.fc.set_work_mode','zodino_pns.zodino_pns_20','zodino_pns.zodino_pns_20.fc','plg','work','Установить режим работы');
INSERT INTO in_argument VALUES('zodino_pns.zodino_pns_20.fc.set_work_mode','zodino_pns.zodino_pns_20.fc.fc_work_mode',0);
INSERT INTO out_argument VALUES('zodino_pns.zodino_pns_20.fc.set_work_mode','zodino_pns.zodino_pns_20.fc.fc_work_mode',0);
INSERT INTO command_param VALUES('zodino_pns.zodino_pns_20.fc.set_work_mode','devt','0');
INSERT INTO command_param VALUES('zodino_pns.zodino_pns_20.fc.set_work_mode','devn','18');
INSERT INTO command_param VALUES('zodino_pns.zodino_pns_20.fc.set_work_mode','code','5');
INSERT INTO command VALUES('zodino_pns.zodino_pns_20.fc.set_day_graph','zodino_pns.zodino_pns_20','zodino_pns.zodino_pns_20.fc','graph','work','Установить суточный график');
INSERT INTO in_argument VALUES('zodino_pns.zodino_pns_20.fc.set_day_graph','zodino_pns.zodino_pns_20.fc.fc_halfhour_task',0);
INSERT INTO out_argument VALUES('zodino_pns.zodino_pns_20.fc.set_day_graph','zodino_pns.zodino_pns_20.fc.fc_halfhour_task',0);
INSERT INTO command_param VALUES('zodino_pns.zodino_pns_20.fc.set_day_graph','devt','0');
INSERT INTO command_param VALUES('zodino_pns.zodino_pns_20.fc.set_day_graph','devn','18');
INSERT INTO command_param VALUES('zodino_pns.zodino_pns_20.fc.set_day_graph','code','6');
INSERT INTO command_param VALUES('zodino_pns.zodino_pns_20.fc.set_day_graph','graph_dr','set');
INSERT INTO command_param VALUES('zodino_pns.zodino_pns_20.fc.set_day_graph','graph_arg_id','fc_current_task');
INSERT INTO command_param VALUES('zodino_pns.zodino_pns_20.fc.set_day_graph','graph_tmp_type','d48');
INSERT INTO command_param VALUES('zodino_pns.zodino_pns_20.fc.set_day_graph','graph_format','dcmp48');
INSERT INTO command VALUES('zodino_pns.zodino_pns_20.fc.get_day_graph','zodino_pns.zodino_pns_20','zodino_pns.zodino_pns_20.fc','graph','work','Получить суточный график');
INSERT INTO out_argument VALUES('zodino_pns.zodino_pns_20.fc.get_day_graph','zodino_pns.zodino_pns_20.fc.fc_halfhour_task',0);
INSERT INTO command_param VALUES('zodino_pns.zodino_pns_20.fc.get_day_graph','devt','0');
INSERT INTO command_param VALUES('zodino_pns.zodino_pns_20.fc.get_day_graph','devn','18');
INSERT INTO command_param VALUES('zodino_pns.zodino_pns_20.fc.get_day_graph','code','7');
INSERT INTO command_param VALUES('zodino_pns.zodino_pns_20.fc.get_day_graph','graph_dr','get');
INSERT INTO command_param VALUES('zodino_pns.zodino_pns_20.fc.get_day_graph','graph_arg_id','fc_current_task');
INSERT INTO command_param VALUES('zodino_pns.zodino_pns_20.fc.get_day_graph','graph_tmp_type','d48');
INSERT INTO command_param VALUES('zodino_pns.zodino_pns_20.fc.get_day_graph','graph_format','dcmp48');
INSERT INTO command VALUES('zodino_pns.zodino_pns_20.fc.set_week_graph','zodino_pns.zodino_pns_20','zodino_pns.zodino_pns_20.fc','graph','work','Установить недельный график');
INSERT INTO in_argument VALUES('zodino_pns.zodino_pns_20.fc.set_week_graph','zodino_pns.zodino_pns_20.fc.fc_week_graph',0);
INSERT INTO out_argument VALUES('zodino_pns.zodino_pns_20.fc.set_week_graph','zodino_pns.zodino_pns_20.fc.fc_week_graph',0);
INSERT INTO command_param VALUES('zodino_pns.zodino_pns_20.fc.set_week_graph','devt','0');
INSERT INTO command_param VALUES('zodino_pns.zodino_pns_20.fc.set_week_graph','devn','18');
INSERT INTO command_param VALUES('zodino_pns.zodino_pns_20.fc.set_week_graph','code','8');
INSERT INTO command_param VALUES('zodino_pns.zodino_pns_20.fc.set_week_graph','graph_dr','set');
INSERT INTO command_param VALUES('zodino_pns.zodino_pns_20.fc.set_week_graph','graph_arg_id','fc_current_task');
INSERT INTO command_param VALUES('zodino_pns.zodino_pns_20.fc.set_week_graph','graph_tmp_type','w48');
INSERT INTO command_param VALUES('zodino_pns.zodino_pns_20.fc.set_week_graph','graph_format','wcmp48');
INSERT INTO command VALUES('zodino_pns.zodino_pns_20.fc.get_week_graph','zodino_pns.zodino_pns_20','zodino_pns.zodino_pns_20.fc','graph','work','Получить недельный график');
INSERT INTO out_argument VALUES('zodino_pns.zodino_pns_20.fc.get_week_graph','zodino_pns.zodino_pns_20.fc.fc_week_graph',0);
INSERT INTO command_param VALUES('zodino_pns.zodino_pns_20.fc.get_week_graph','devt','0');
INSERT INTO command_param VALUES('zodino_pns.zodino_pns_20.fc.get_week_graph','devn','18');
INSERT INTO command_param VALUES('zodino_pns.zodino_pns_20.fc.get_week_graph','code','9');
INSERT INTO command_param VALUES('zodino_pns.zodino_pns_20.fc.get_week_graph','graph_dr','get');
INSERT INTO command_param VALUES('zodino_pns.zodino_pns_20.fc.get_week_graph','graph_arg_id','fc_current_task');
INSERT INTO command_param VALUES('zodino_pns.zodino_pns_20.fc.get_week_graph','graph_tmp_type','w48');
INSERT INTO command_param VALUES('zodino_pns.zodino_pns_20.fc.get_week_graph','graph_format','wcmp48');
INSERT INTO command VALUES('zodino_pns.zodino_pns_20.rs.get_state_rs','zodino_pns.zodino_pns_20','zodino_pns.zodino_pns_20.rs','none','work','Получить состояние датчика ротации');
INSERT INTO out_argument VALUES('zodino_pns.zodino_pns_20.rs.get_state_rs','zodino_pns.zodino_pns_20.rs.rs_time_rotation_hour',0);
INSERT INTO out_argument VALUES('zodino_pns.zodino_pns_20.rs.get_state_rs','zodino_pns.zodino_pns_20.rs.rs_time_rotation_minute',8);
INSERT INTO out_argument VALUES('zodino_pns.zodino_pns_20.rs.get_state_rs','zodino_pns.zodino_pns_20.rs.rs_period_rotation',16);
INSERT INTO out_argument VALUES('zodino_pns.zodino_pns_20.rs.get_state_rs','zodino_pns.zodino_pns_20.rs.rs_p1_use_rotation',32);
INSERT INTO out_argument VALUES('zodino_pns.zodino_pns_20.rs.get_state_rs','zodino_pns.zodino_pns_20.rs.rs_p2_use_rotation',33);
INSERT INTO out_argument VALUES('zodino_pns.zodino_pns_20.rs.get_state_rs','zodino_pns.zodino_pns_20.rs.rs_p3_use_rotation',34);
INSERT INTO out_argument VALUES('zodino_pns.zodino_pns_20.rs.get_state_rs','zodino_pns.zodino_pns_20.rs.rs_p4_use_rotation',35);
INSERT INTO out_argument VALUES('zodino_pns.zodino_pns_20.rs.get_state_rs','zodino_pns.zodino_pns_20.rs.rs_p5_use_rotation',36);
INSERT INTO out_argument VALUES('zodino_pns.zodino_pns_20.rs.get_state_rs','zodino_pns.zodino_pns_20.rs.rs_use_time_rotation',48);
INSERT INTO out_argument VALUES('zodino_pns.zodino_pns_20.rs.get_state_rs','zodino_pns.zodino_pns_20.rs.rs_use_rotation_via_period',49);
INSERT INTO out_argument VALUES('zodino_pns.zodino_pns_20.rs.get_state_rs','zodino_pns.zodino_pns_20.rs.rs_need_rotation',50);
INSERT INTO command_param VALUES('zodino_pns.zodino_pns_20.rs.get_state_rs','devt','0');
INSERT INTO command_param VALUES('zodino_pns.zodino_pns_20.rs.get_state_rs','devn','19');
INSERT INTO command_param VALUES('zodino_pns.zodino_pns_20.rs.get_state_rs','code','0');
INSERT INTO command VALUES('zodino_pns.zodino_pns_20.rs.set_time_rotation_hour_minute_rs','zodino_pns.zodino_pns_20','zodino_pns.zodino_pns_20.rs','plg','sys','Установить время ротации');
INSERT INTO in_argument VALUES('zodino_pns.zodino_pns_20.rs.set_time_rotation_hour_minute_rs','zodino_pns.zodino_pns_20.rs.rs_time_rotation_hour',0);
INSERT INTO in_argument VALUES('zodino_pns.zodino_pns_20.rs.set_time_rotation_hour_minute_rs','zodino_pns.zodino_pns_20.rs.rs_time_rotation_minute',8);
INSERT INTO out_argument VALUES('zodino_pns.zodino_pns_20.rs.set_time_rotation_hour_minute_rs','zodino_pns.zodino_pns_20.rs.rs_time_rotation_hour',0);
INSERT INTO out_argument VALUES('zodino_pns.zodino_pns_20.rs.set_time_rotation_hour_minute_rs','zodino_pns.zodino_pns_20.rs.rs_time_rotation_minute',8);
INSERT INTO command_param VALUES('zodino_pns.zodino_pns_20.rs.set_time_rotation_hour_minute_rs','devt','0');
INSERT INTO command_param VALUES('zodino_pns.zodino_pns_20.rs.set_time_rotation_hour_minute_rs','devn','19');
INSERT INTO command_param VALUES('zodino_pns.zodino_pns_20.rs.set_time_rotation_hour_minute_rs','code','1');
INSERT INTO command VALUES('zodino_pns.zodino_pns_20.rs.set_use_time_rotation_rs','zodino_pns.zodino_pns_20','zodino_pns.zodino_pns_20.rs','plg','sys','Установить использование ротации по времени');
INSERT INTO in_argument VALUES('zodino_pns.zodino_pns_20.rs.set_use_time_rotation_rs','zodino_pns.zodino_pns_20.rs.rs_use_time_rotation',0);
INSERT INTO out_argument VALUES('zodino_pns.zodino_pns_20.rs.set_use_time_rotation_rs','zodino_pns.zodino_pns_20.rs.rs_use_time_rotation',0);
INSERT INTO command_param VALUES('zodino_pns.zodino_pns_20.rs.set_use_time_rotation_rs','devt','0');
INSERT INTO command_param VALUES('zodino_pns.zodino_pns_20.rs.set_use_time_rotation_rs','devn','19');
INSERT INTO command_param VALUES('zodino_pns.zodino_pns_20.rs.set_use_time_rotation_rs','code','2');
INSERT INTO command VALUES('zodino_pns.zodino_pns_20.rs.set_time_rotation_hour_rs','zodino_pns.zodino_pns_20','zodino_pns.zodino_pns_20.rs','plg','sys','Установить период ротации');
INSERT INTO in_argument VALUES('zodino_pns.zodino_pns_20.rs.set_time_rotation_hour_rs','zodino_pns.zodino_pns_20.rs.rs_period_rotation',0);
INSERT INTO out_argument VALUES('zodino_pns.zodino_pns_20.rs.set_time_rotation_hour_rs','zodino_pns.zodino_pns_20.rs.rs_period_rotation',0);
INSERT INTO command_param VALUES('zodino_pns.zodino_pns_20.rs.set_time_rotation_hour_rs','devt','0');
INSERT INTO command_param VALUES('zodino_pns.zodino_pns_20.rs.set_time_rotation_hour_rs','devn','19');
INSERT INTO command_param VALUES('zodino_pns.zodino_pns_20.rs.set_time_rotation_hour_rs','code','3');
INSERT INTO command VALUES('zodino_pns.zodino_pns_20.rs.set_use_rotation_via_period_rs','zodino_pns.zodino_pns_20','zodino_pns.zodino_pns_20.rs','plg','sys','Установить использование ротации через период');
INSERT INTO in_argument VALUES('zodino_pns.zodino_pns_20.rs.set_use_rotation_via_period_rs','zodino_pns.zodino_pns_20.rs.rs_use_rotation_via_period',0);
INSERT INTO out_argument VALUES('zodino_pns.zodino_pns_20.rs.set_use_rotation_via_period_rs','zodino_pns.zodino_pns_20.rs.rs_use_rotation_via_period',0);
INSERT INTO command_param VALUES('zodino_pns.zodino_pns_20.rs.set_use_rotation_via_period_rs','devt','0');
INSERT INTO command_param VALUES('zodino_pns.zodino_pns_20.rs.set_use_rotation_via_period_rs','devn','19');
INSERT INTO command_param VALUES('zodino_pns.zodino_pns_20.rs.set_use_rotation_via_period_rs','code','4');
INSERT INTO command VALUES('zodino_pns.zodino_pns_20.rs.set_number_pump_rotation','zodino_pns.zodino_pns_20','zodino_pns.zodino_pns_20.rs','plg','sys','Установить номера насосов участвующих в ротации');
INSERT INTO in_argument VALUES('zodino_pns.zodino_pns_20.rs.set_number_pump_rotation','zodino_pns.zodino_pns_20.rs.rs_p1_use_rotation',0);
INSERT INTO in_argument VALUES('zodino_pns.zodino_pns_20.rs.set_number_pump_rotation','zodino_pns.zodino_pns_20.rs.rs_p2_use_rotation',1);
INSERT INTO in_argument VALUES('zodino_pns.zodino_pns_20.rs.set_number_pump_rotation','zodino_pns.zodino_pns_20.rs.rs_p3_use_rotation',2);
INSERT INTO in_argument VALUES('zodino_pns.zodino_pns_20.rs.set_number_pump_rotation','zodino_pns.zodino_pns_20.rs.rs_p4_use_rotation',3);
INSERT INTO in_argument VALUES('zodino_pns.zodino_pns_20.rs.set_number_pump_rotation','zodino_pns.zodino_pns_20.rs.rs_p5_use_rotation',4);
INSERT INTO in_argument VALUES('zodino_pns.zodino_pns_20.rs.set_number_pump_rotation','zodino_pns.zodino_pns_20.rs.reserve',15);
INSERT INTO out_argument VALUES('zodino_pns.zodino_pns_20.rs.set_number_pump_rotation','zodino_pns.zodino_pns_20.rs.rs_p1_use_rotation',0);
INSERT INTO out_argument VALUES('zodino_pns.zodino_pns_20.rs.set_number_pump_rotation','zodino_pns.zodino_pns_20.rs.rs_p2_use_rotation',1);
INSERT INTO out_argument VALUES('zodino_pns.zodino_pns_20.rs.set_number_pump_rotation','zodino_pns.zodino_pns_20.rs.rs_p3_use_rotation',2);
INSERT INTO out_argument VALUES('zodino_pns.zodino_pns_20.rs.set_number_pump_rotation','zodino_pns.zodino_pns_20.rs.rs_p4_use_rotation',3);
INSERT INTO out_argument VALUES('zodino_pns.zodino_pns_20.rs.set_number_pump_rotation','zodino_pns.zodino_pns_20.rs.rs_p5_use_rotation',4);
INSERT INTO out_argument VALUES('zodino_pns.zodino_pns_20.rs.set_number_pump_rotation','zodino_pns.zodino_pns_20.rs.reserve',15);
INSERT INTO command_param VALUES('zodino_pns.zodino_pns_20.rs.set_number_pump_rotation','devt','0');
INSERT INTO command_param VALUES('zodino_pns.zodino_pns_20.rs.set_number_pump_rotation','devn','19');
INSERT INTO command_param VALUES('zodino_pns.zodino_pns_20.rs.set_number_pump_rotation','code','5');
INSERT INTO command VALUES('zodino_pns.zodino_pns_20.rs.perform_rotation_rs','zodino_pns.zodino_pns_20','zodino_pns.zodino_pns_20.rs','plg','work','Выполнить ротацию');
INSERT INTO command_param VALUES('zodino_pns.zodino_pns_20.rs.perform_rotation_rs','devt','0');
INSERT INTO command_param VALUES('zodino_pns.zodino_pns_20.rs.perform_rotation_rs','devn','19');
INSERT INTO command_param VALUES('zodino_pns.zodino_pns_20.rs.perform_rotation_rs','code','7');
INSERT INTO command VALUES('zodino_pns.zodino_pns_20.cs_rsm0503.get_state','zodino_pns.zodino_pns_20','zodino_pns.zodino_pns_20.cs_rsm0503','none','work','Получить состояние');
INSERT INTO out_argument VALUES('zodino_pns.zodino_pns_20.cs_rsm0503.get_state','zodino_pns.zodino_pns_20.cs_rsm0503.rsm0503_cs_value',0);
INSERT INTO out_argument VALUES('zodino_pns.zodino_pns_20.cs_rsm0503.get_state','zodino_pns.zodino_pns_20.cs_rsm0503.rsm0503_cs_acc_value',32);
INSERT INTO out_argument VALUES('zodino_pns.zodino_pns_20.cs_rsm0503.get_state','zodino_pns.zodino_pns_20.cs_rsm0503.rsm0503_cs_address',64);
INSERT INTO out_argument VALUES('zodino_pns.zodino_pns_20.cs_rsm0503.get_state','zodino_pns.zodino_pns_20.cs_rsm0503.rsm0503_cs_common_alm',72);
INSERT INTO out_argument VALUES('zodino_pns.zodino_pns_20.cs_rsm0503.get_state','zodino_pns.zodino_pns_20.cs_rsm0503.rsm0503_cs_not_answer',73);
INSERT INTO out_argument VALUES('zodino_pns.zodino_pns_20.cs_rsm0503.get_state','zodino_pns.zodino_pns_20.cs_rsm0503.rsm0503_cs_use',74);
INSERT INTO command_param VALUES('zodino_pns.zodino_pns_20.cs_rsm0503.get_state','devt','0');
INSERT INTO command_param VALUES('zodino_pns.zodino_pns_20.cs_rsm0503.get_state','devn','6');
INSERT INTO command_param VALUES('zodino_pns.zodino_pns_20.cs_rsm0503.get_state','code','0');
INSERT INTO command VALUES('zodino_pns.zodino_pns_20.cs_rsm0503.set_address','zodino_pns.zodino_pns_20','zodino_pns.zodino_pns_20.cs_rsm0503','plg','sys','Установить адрес датчика');
INSERT INTO in_argument VALUES('zodino_pns.zodino_pns_20.cs_rsm0503.set_address','zodino_pns.zodino_pns_20.cs_rsm0503.rsm0503_cs_address',0);
INSERT INTO out_argument VALUES('zodino_pns.zodino_pns_20.cs_rsm0503.set_address','zodino_pns.zodino_pns_20.cs_rsm0503.rsm0503_cs_address',0);
INSERT INTO command_param VALUES('zodino_pns.zodino_pns_20.cs_rsm0503.set_address','devt','0');
INSERT INTO command_param VALUES('zodino_pns.zodino_pns_20.cs_rsm0503.set_address','devn','6');
INSERT INTO command_param VALUES('zodino_pns.zodino_pns_20.cs_rsm0503.set_address','code','2');
INSERT INTO command VALUES('zodino_pns.zodino_pns_20.cs_rsm0503.set_use','zodino_pns.zodino_pns_20','zodino_pns.zodino_pns_20.cs_rsm0503','plg','sys','Установить использование датчика');
INSERT INTO in_argument VALUES('zodino_pns.zodino_pns_20.cs_rsm0503.set_use','zodino_pns.zodino_pns_20.cs_rsm0503.rsm0503_cs_use',0);
INSERT INTO out_argument VALUES('zodino_pns.zodino_pns_20.cs_rsm0503.set_use','zodino_pns.zodino_pns_20.cs_rsm0503.rsm0503_cs_use',0);
INSERT INTO command_param VALUES('zodino_pns.zodino_pns_20.cs_rsm0503.set_use','devt','0');
INSERT INTO command_param VALUES('zodino_pns.zodino_pns_20.cs_rsm0503.set_use','devn','6');
INSERT INTO command_param VALUES('zodino_pns.zodino_pns_20.cs_rsm0503.set_use','code','3');
INSERT INTO command VALUES('zodino_pns.zodino_pns_20.zodino_pns_20.get_version','zodino_pns.zodino_pns_20','zodino_pns.zodino_pns_20.zodino_pns_20','none','work','Получить информацию о техпроцессе');
INSERT INTO out_argument VALUES('zodino_pns.zodino_pns_20.zodino_pns_20.get_version','zodino_pns.zodino_pns_20.zodino_pns_20.version',0);
INSERT INTO command_param VALUES('zodino_pns.zodino_pns_20.zodino_pns_20.get_version','code','0');
INSERT INTO command_param VALUES('zodino_pns.zodino_pns_20.zodino_pns_20.get_version','devt','0');
INSERT INTO command_param VALUES('zodino_pns.zodino_pns_20.zodino_pns_20.get_version','devn','0');
INSERT INTO command VALUES('zodino_pns.zodino_pns_20.zodino_pns_20.get_inf_alm','zodino_pns.zodino_pns_20','zodino_pns.zodino_pns_20.zodino_pns_20','alm','work','Получить информацию об авариях');
INSERT INTO out_argument VALUES('zodino_pns.zodino_pns_20.zodino_pns_20.get_inf_alm','zodino_pns.zodino_pns_20.zodino_pns_20.alm_time_incorrect',0);
INSERT INTO out_argument VALUES('zodino_pns.zodino_pns_20.zodino_pns_20.get_inf_alm','zodino_pns.zodino_pns_20.zodino_pns_20.alm_water',1);
INSERT INTO out_argument VALUES('zodino_pns.zodino_pns_20.zodino_pns_20.get_inf_alm','zodino_pns.zodino_pns_20.zodino_pns_20.alm_nsd',2);
INSERT INTO out_argument VALUES('zodino_pns.zodino_pns_20.zodino_pns_20.get_inf_alm','zodino_pns.zodino_pns_20.zodino_pns_20.alm_power',3);
INSERT INTO out_argument VALUES('zodino_pns.zodino_pns_20.zodino_pns_20.get_inf_alm','zodino_pns.zodino_pns_20.zodino_pns_20.alm_block_di1_not_answer',4);
INSERT INTO out_argument VALUES('zodino_pns.zodino_pns_20.zodino_pns_20.get_inf_alm','zodino_pns.zodino_pns_20.zodino_pns_20.alm_block_di2_not_answer',5);
INSERT INTO out_argument VALUES('zodino_pns.zodino_pns_20.zodino_pns_20.get_inf_alm','zodino_pns.zodino_pns_20.zodino_pns_20.alm_block_do1_not_answer',6);
INSERT INTO out_argument VALUES('zodino_pns.zodino_pns_20.zodino_pns_20.get_inf_alm','zodino_pns.zodino_pns_20.zodino_pns_20.alm_block_rs485_1_not_answer',7);
INSERT INTO out_argument VALUES('zodino_pns.zodino_pns_20.zodino_pns_20.get_inf_alm','zodino_pns.zodino_pns_20.zodino_pns_20.alm_block_rs485_2_not_answer',8);
INSERT INTO out_argument VALUES('zodino_pns.zodino_pns_20.zodino_pns_20.get_inf_alm','zodino_pns.zodino_pns_20.zodino_pns_20.alm_memory',9);
INSERT INTO out_argument VALUES('zodino_pns.zodino_pns_20.zodino_pns_20.get_inf_alm','zodino_pns.zodino_pns_20.zodino_pns_20.ps1_min_alm',10);
INSERT INTO out_argument VALUES('zodino_pns.zodino_pns_20.zodino_pns_20.get_inf_alm','zodino_pns.zodino_pns_20.zodino_pns_20.ps1_max_alm',11);
INSERT INTO out_argument VALUES('zodino_pns.zodino_pns_20.zodino_pns_20.get_inf_alm','zodino_pns.zodino_pns_20.zodino_pns_20.ps2_min_alm',12);
INSERT INTO out_argument VALUES('zodino_pns.zodino_pns_20.zodino_pns_20.get_inf_alm','zodino_pns.zodino_pns_20.zodino_pns_20.ps2_max_alm',13);
INSERT INTO out_argument VALUES('zodino_pns.zodino_pns_20.zodino_pns_20.get_inf_alm','zodino_pns.zodino_pns_20.zodino_pns_20.rsm0503_cs_common_alm',14);
INSERT INTO out_argument VALUES('zodino_pns.zodino_pns_20.zodino_pns_20.get_inf_alm','zodino_pns.zodino_pns_20.zodino_pns_20.rsm0503_cs_not_answer',15);
INSERT INTO out_argument VALUES('zodino_pns.zodino_pns_20.zodino_pns_20.get_inf_alm','zodino_pns.zodino_pns_20.zodino_pns_20.ts_min_alm',16);
INSERT INTO out_argument VALUES('zodino_pns.zodino_pns_20.zodino_pns_20.get_inf_alm','zodino_pns.zodino_pns_20.zodino_pns_20.ts_max_alm',17);
INSERT INTO out_argument VALUES('zodino_pns.zodino_pns_20.zodino_pns_20.get_inf_alm','zodino_pns.zodino_pns_20.zodino_pns_20.abb_acs580_1_common_alm',18);
INSERT INTO out_argument VALUES('zodino_pns.zodino_pns_20.zodino_pns_20.get_inf_alm','zodino_pns.zodino_pns_20.zodino_pns_20.abb_acs580_1_not_answer',19);
INSERT INTO out_argument VALUES('zodino_pns.zodino_pns_20.zodino_pns_20.get_inf_alm','zodino_pns.zodino_pns_20.zodino_pns_20.abb_acs580_2_common_alm',20);
INSERT INTO out_argument VALUES('zodino_pns.zodino_pns_20.zodino_pns_20.get_inf_alm','zodino_pns.zodino_pns_20.zodino_pns_20.abb_acs580_2_not_answer',21);
INSERT INTO out_argument VALUES('zodino_pns.zodino_pns_20.zodino_pns_20.get_inf_alm','zodino_pns.zodino_pns_20.zodino_pns_20.abb_acs580_3_common_alm',22);
INSERT INTO out_argument VALUES('zodino_pns.zodino_pns_20.zodino_pns_20.get_inf_alm','zodino_pns.zodino_pns_20.zodino_pns_20.abb_acs580_3_not_answer',23);
INSERT INTO out_argument VALUES('zodino_pns.zodino_pns_20.zodino_pns_20.get_inf_alm','zodino_pns.zodino_pns_20.zodino_pns_20.abb_acs580_4_common_alm',24);
INSERT INTO out_argument VALUES('zodino_pns.zodino_pns_20.zodino_pns_20.get_inf_alm','zodino_pns.zodino_pns_20.zodino_pns_20.abb_acs580_4_not_answer',25);
INSERT INTO out_argument VALUES('zodino_pns.zodino_pns_20.zodino_pns_20.get_inf_alm','zodino_pns.zodino_pns_20.zodino_pns_20.abb_acs580_5_common_alm',26);
INSERT INTO out_argument VALUES('zodino_pns.zodino_pns_20.zodino_pns_20.get_inf_alm','zodino_pns.zodino_pns_20.zodino_pns_20.abb_acs580_5_not_answer',26);
INSERT INTO command_param VALUES('zodino_pns.zodino_pns_20.zodino_pns_20.get_inf_alm','code','2');
INSERT INTO command_param VALUES('zodino_pns.zodino_pns_20.zodino_pns_20.get_inf_alm','devt','0');
INSERT INTO command_param VALUES('zodino_pns.zodino_pns_20.zodino_pns_20.get_inf_alm','devn','0');
INSERT INTO command VALUES('zodino_pns.zodino_pns_20.zodino_pns_20.get_date_time','zodino_pns.zodino_pns_20','zodino_pns.zodino_pns_20.zodino_pns_20','none','work','Получить время');
INSERT INTO out_argument VALUES('zodino_pns.zodino_pns_20.zodino_pns_20.get_date_time','zodino_pns.zodino_pns_20.zodino_pns_20.date_time',0);
INSERT INTO command_param VALUES('zodino_pns.zodino_pns_20.zodino_pns_20.get_date_time','code','4');
INSERT INTO command_param VALUES('zodino_pns.zodino_pns_20.zodino_pns_20.get_date_time','devt','0');
INSERT INTO command_param VALUES('zodino_pns.zodino_pns_20.zodino_pns_20.get_date_time','devn','0');
INSERT INTO command VALUES('zodino_pns.zodino_pns_20.zodino_pns_20.set_date_time','zodino_pns.zodino_pns_20','zodino_pns.zodino_pns_20.zodino_pns_20','plg','work','Установить время');
INSERT INTO in_argument VALUES('zodino_pns.zodino_pns_20.zodino_pns_20.set_date_time','zodino_pns.zodino_pns_20.zodino_pns_20.date_time',0);
INSERT INTO out_argument VALUES('zodino_pns.zodino_pns_20.zodino_pns_20.set_date_time','zodino_pns.zodino_pns_20.zodino_pns_20.date_time',0);
INSERT INTO command_param VALUES('zodino_pns.zodino_pns_20.zodino_pns_20.set_date_time','code','3');
INSERT INTO command_param VALUES('zodino_pns.zodino_pns_20.zodino_pns_20.set_date_time','devt','0');
INSERT INTO command_param VALUES('zodino_pns.zodino_pns_20.zodino_pns_20.set_date_time','devn','0');
INSERT INTO command VALUES('zodino_pns.zodino_pns_20.zodino_pns_20.get_state_stat','zodino_pns.zodino_pns_20','zodino_pns.zodino_pns_20.zodino_pns_20','none','work','Получить состояние  статистики');
INSERT INTO out_argument VALUES('zodino_pns.zodino_pns_20.zodino_pns_20.get_state_stat','zodino_pns.zodino_pns_20.zodino_pns_20.step_stat',0);
INSERT INTO out_argument VALUES('zodino_pns.zodino_pns_20.zodino_pns_20.get_state_stat','zodino_pns.zodino_pns_20.zodino_pns_20.count_part_of_block_stat',8);
INSERT INTO out_argument VALUES('zodino_pns.zodino_pns_20.zodino_pns_20.get_state_stat','zodino_pns.zodino_pns_20.zodino_pns_20.count_block_stat',16);
INSERT INTO out_argument VALUES('zodino_pns.zodino_pns_20.zodino_pns_20.get_state_stat','zodino_pns.zodino_pns_20.zodino_pns_20.alm_memory',32);
INSERT INTO command_param VALUES('zodino_pns.zodino_pns_20.zodino_pns_20.get_state_stat','code','5');
INSERT INTO command_param VALUES('zodino_pns.zodino_pns_20.zodino_pns_20.get_state_stat','devt','0');
INSERT INTO command_param VALUES('zodino_pns.zodino_pns_20.zodino_pns_20.get_state_stat','devn','0');
INSERT INTO command VALUES('zodino_pns.zodino_pns_20.zodino_pns_20.set_step_stat','zodino_pns.zodino_pns_20','zodino_pns.zodino_pns_20.zodino_pns_20','plg','work','Установить шаг статистики');
INSERT INTO in_argument VALUES('zodino_pns.zodino_pns_20.zodino_pns_20.set_step_stat','zodino_pns.zodino_pns_20.zodino_pns_20.step_stat',0);
INSERT INTO out_argument VALUES('zodino_pns.zodino_pns_20.zodino_pns_20.set_step_stat','zodino_pns.zodino_pns_20.zodino_pns_20.step_stat',0);
INSERT INTO command_param VALUES('zodino_pns.zodino_pns_20.zodino_pns_20.set_step_stat','code','6');
INSERT INTO command_param VALUES('zodino_pns.zodino_pns_20.zodino_pns_20.set_step_stat','devt','0');
INSERT INTO command_param VALUES('zodino_pns.zodino_pns_20.zodino_pns_20.set_step_stat','devn','0');
INSERT INTO command VALUES('zodino_pns.zodino_pns_20.zodino_pns_20.set_count_block_stat','zodino_pns.zodino_pns_20','zodino_pns.zodino_pns_20.zodino_pns_20','plg','work','Установить количество блоков для частичного получения статистики');
INSERT INTO in_argument VALUES('zodino_pns.zodino_pns_20.zodino_pns_20.set_count_block_stat','zodino_pns.zodino_pns_20.zodino_pns_20.count_part_of_block_stat',0);
INSERT INTO out_argument VALUES('zodino_pns.zodino_pns_20.zodino_pns_20.set_count_block_stat','zodino_pns.zodino_pns_20.zodino_pns_20.count_part_of_block_stat',0);
INSERT INTO command_param VALUES('zodino_pns.zodino_pns_20.zodino_pns_20.set_count_block_stat','code','7');
INSERT INTO command_param VALUES('zodino_pns.zodino_pns_20.zodino_pns_20.set_count_block_stat','devt','0');
INSERT INTO command_param VALUES('zodino_pns.zodino_pns_20.zodino_pns_20.set_count_block_stat','devn','0');
INSERT INTO command VALUES('zodino_pns.zodino_pns_20.zodino_pns_20.get_all_stat','zodino_pns.zodino_pns_20','zodino_pns.zodino_pns_20.zodino_pns_20','sta','work','Получить  всю статистику');
INSERT INTO out_argument VALUES('zodino_pns.zodino_pns_20.zodino_pns_20.get_all_stat','zodino_pns.zodino_pns_20.zodino_pns_20.date_time',0);
INSERT INTO out_argument VALUES('zodino_pns.zodino_pns_20.zodino_pns_20.get_all_stat','zodino_pns.zodino_pns_20.zodino_pns_20.as_flag_disable_alm',56);
INSERT INTO out_argument VALUES('zodino_pns.zodino_pns_20.zodino_pns_20.get_all_stat','zodino_pns.zodino_pns_20.zodino_pns_20.as_time_block_alm',64);
INSERT INTO out_argument VALUES('zodino_pns.zodino_pns_20.zodino_pns_20.get_all_stat','zodino_pns.zodino_pns_20.zodino_pns_20.gsm_lvl_signal_gsm',80);
INSERT INTO out_argument VALUES('zodino_pns.zodino_pns_20.zodino_pns_20.get_all_stat','zodino_pns.zodino_pns_20.zodino_pns_20.gsm_limiter_sms_messages',88);
INSERT INTO out_argument VALUES('zodino_pns.zodino_pns_20.zodino_pns_20.get_all_stat','zodino_pns.zodino_pns_20.zodino_pns_20.gsm_counter_send_sms',96);
INSERT INTO out_argument VALUES('zodino_pns.zodino_pns_20.zodino_pns_20.get_all_stat','zodino_pns.zodino_pns_20.zodino_pns_20.gsm_flag_disable_sms',112);
INSERT INTO out_argument VALUES('zodino_pns.zodino_pns_20.zodino_pns_20.get_all_stat','zodino_pns.zodino_pns_20.zodino_pns_20.gsm_flag_disable_sms_limiter',113);
INSERT INTO out_argument VALUES('zodino_pns.zodino_pns_20.zodino_pns_20.get_all_stat','zodino_pns.zodino_pns_20.zodino_pns_20.step_stat',120);
INSERT INTO out_argument VALUES('zodino_pns.zodino_pns_20.zodino_pns_20.get_all_stat','zodino_pns.zodino_pns_20.zodino_pns_20.count_block_stat',128);
INSERT INTO out_argument VALUES('zodino_pns.zodino_pns_20.zodino_pns_20.get_all_stat','zodino_pns.zodino_pns_20.zodino_pns_20.save_alm_stat',136);
INSERT INTO out_argument VALUES('zodino_pns.zodino_pns_20.zodino_pns_20.get_all_stat','zodino_pns.zodino_pns_20.zodino_pns_20.save_stat_send_sms',137);
INSERT INTO out_argument VALUES('zodino_pns.zodino_pns_20.zodino_pns_20.get_all_stat','zodino_pns.zodino_pns_20.zodino_pns_20.save_stat_event',138);
INSERT INTO out_argument VALUES('zodino_pns.zodino_pns_20.zodino_pns_20.get_all_stat','zodino_pns.zodino_pns_20.zodino_pns_20.alm_memory',143);
INSERT INTO out_argument VALUES('zodino_pns.zodino_pns_20.zodino_pns_20.get_all_stat','zodino_pns.zodino_pns_20.zodino_pns_20.ps1_value',144);
INSERT INTO out_argument VALUES('zodino_pns.zodino_pns_20.zodino_pns_20.get_all_stat','zodino_pns.zodino_pns_20.zodino_pns_20.ps1_min_value',152);
INSERT INTO out_argument VALUES('zodino_pns.zodino_pns_20.zodino_pns_20.get_all_stat','zodino_pns.zodino_pns_20.zodino_pns_20.ps1_max_value',160);
INSERT INTO out_argument VALUES('zodino_pns.zodino_pns_20.zodino_pns_20.get_all_stat','zodino_pns.zodino_pns_20.zodino_pns_20.ps1_min_use',168);
INSERT INTO out_argument VALUES('zodino_pns.zodino_pns_20.zodino_pns_20.get_all_stat','zodino_pns.zodino_pns_20.zodino_pns_20.ps1_max_use',169);
INSERT INTO out_argument VALUES('zodino_pns.zodino_pns_20.zodino_pns_20.get_all_stat','zodino_pns.zodino_pns_20.zodino_pns_20.ps1_min_alm',170);
INSERT INTO out_argument VALUES('zodino_pns.zodino_pns_20.zodino_pns_20.get_all_stat','zodino_pns.zodino_pns_20.zodino_pns_20.ps1_max_alm',171);
INSERT INTO out_argument VALUES('zodino_pns.zodino_pns_20.zodino_pns_20.get_all_stat','zodino_pns.zodino_pns_20.zodino_pns_20.ps2_value',176);
INSERT INTO out_argument VALUES('zodino_pns.zodino_pns_20.zodino_pns_20.get_all_stat','zodino_pns.zodino_pns_20.zodino_pns_20.ps2_min_value',184);
INSERT INTO out_argument VALUES('zodino_pns.zodino_pns_20.zodino_pns_20.get_all_stat','zodino_pns.zodino_pns_20.zodino_pns_20.ps2_max_value',192);
INSERT INTO out_argument VALUES('zodino_pns.zodino_pns_20.zodino_pns_20.get_all_stat','zodino_pns.zodino_pns_20.zodino_pns_20.ps2_min_use',200);
INSERT INTO out_argument VALUES('zodino_pns.zodino_pns_20.zodino_pns_20.get_all_stat','zodino_pns.zodino_pns_20.zodino_pns_20.ps2_max_use',201);
INSERT INTO out_argument VALUES('zodino_pns.zodino_pns_20.zodino_pns_20.get_all_stat','zodino_pns.zodino_pns_20.zodino_pns_20.ps2_min_alm',202);
INSERT INTO out_argument VALUES('zodino_pns.zodino_pns_20.zodino_pns_20.get_all_stat','zodino_pns.zodino_pns_20.zodino_pns_20.ps2_max_alm',203);
INSERT INTO out_argument VALUES('zodino_pns.zodino_pns_20.zodino_pns_20.get_all_stat','zodino_pns.zodino_pns_20.zodino_pns_20.rsm0503_cs_value',208);
INSERT INTO out_argument VALUES('zodino_pns.zodino_pns_20.zodino_pns_20.get_all_stat','zodino_pns.zodino_pns_20.zodino_pns_20.rsm0503_cs_acc_value',240);
INSERT INTO out_argument VALUES('zodino_pns.zodino_pns_20.zodino_pns_20.get_all_stat','zodino_pns.zodino_pns_20.zodino_pns_20.rsm0503_cs_address',272);
INSERT INTO out_argument VALUES('zodino_pns.zodino_pns_20.zodino_pns_20.get_all_stat','zodino_pns.zodino_pns_20.zodino_pns_20.rsm0503_use_responce_analysis',280);
INSERT INTO out_argument VALUES('zodino_pns.zodino_pns_20.zodino_pns_20.get_all_stat','zodino_pns.zodino_pns_20.zodino_pns_20.rsm0503_cs_common_alm',281);
INSERT INTO out_argument VALUES('zodino_pns.zodino_pns_20.zodino_pns_20.get_all_stat','zodino_pns.zodino_pns_20.zodino_pns_20.rsm0503_cs_not_answer',282);
INSERT INTO out_argument VALUES('zodino_pns.zodino_pns_20.zodino_pns_20.get_all_stat','zodino_pns.zodino_pns_20.zodino_pns_20.rsm0503_cs_use',283);
INSERT INTO out_argument VALUES('zodino_pns.zodino_pns_20.zodino_pns_20.get_all_stat','zodino_pns.zodino_pns_20.zodino_pns_20.ts_value',288);
INSERT INTO out_argument VALUES('zodino_pns.zodino_pns_20.zodino_pns_20.get_all_stat','zodino_pns.zodino_pns_20.zodino_pns_20.ts_min_value',296);
INSERT INTO out_argument VALUES('zodino_pns.zodino_pns_20.zodino_pns_20.get_all_stat','zodino_pns.zodino_pns_20.zodino_pns_20.ts_max_value',304);
INSERT INTO out_argument VALUES('zodino_pns.zodino_pns_20.zodino_pns_20.get_all_stat','zodino_pns.zodino_pns_20.zodino_pns_20.ts_min_use',312);
INSERT INTO out_argument VALUES('zodino_pns.zodino_pns_20.zodino_pns_20.get_all_stat','zodino_pns.zodino_pns_20.zodino_pns_20.ts_max_use',313);
INSERT INTO out_argument VALUES('zodino_pns.zodino_pns_20.zodino_pns_20.get_all_stat','zodino_pns.zodino_pns_20.zodino_pns_20.ts_min_alm',314);
INSERT INTO out_argument VALUES('zodino_pns.zodino_pns_20.zodino_pns_20.get_all_stat','zodino_pns.zodino_pns_20.zodino_pns_20.ts_max_alm',315);
INSERT INTO out_argument VALUES('zodino_pns.zodino_pns_20.zodino_pns_20.get_all_stat','zodino_pns.zodino_pns_20.zodino_pns_20.p1_use_auto_off_on_event',324);
INSERT INTO out_argument VALUES('zodino_pns.zodino_pns_20.zodino_pns_20.get_all_stat','zodino_pns.zodino_pns_20.zodino_pns_20.p1_on',325);
INSERT INTO out_argument VALUES('zodino_pns.zodino_pns_20.zodino_pns_20.get_all_stat','zodino_pns.zodino_pns_20.zodino_pns_20.p1_state_on',326);
INSERT INTO out_argument VALUES('zodino_pns.zodino_pns_20.zodino_pns_20.get_all_stat','zodino_pns.zodino_pns_20.zodino_pns_20.p1_state_off',327);
INSERT INTO out_argument VALUES('zodino_pns.zodino_pns_20.zodino_pns_20.get_all_stat','zodino_pns.zodino_pns_20.zodino_pns_20.p2_use_auto_off_on_event',332);
INSERT INTO out_argument VALUES('zodino_pns.zodino_pns_20.zodino_pns_20.get_all_stat','zodino_pns.zodino_pns_20.zodino_pns_20.p2_on',333);
INSERT INTO out_argument VALUES('zodino_pns.zodino_pns_20.zodino_pns_20.get_all_stat','zodino_pns.zodino_pns_20.zodino_pns_20.p2_state_on',334);
INSERT INTO out_argument VALUES('zodino_pns.zodino_pns_20.zodino_pns_20.get_all_stat','zodino_pns.zodino_pns_20.zodino_pns_20.p2_state_off',335);
INSERT INTO out_argument VALUES('zodino_pns.zodino_pns_20.zodino_pns_20.get_all_stat','zodino_pns.zodino_pns_20.zodino_pns_20.p3_use_auto_off_on_event',340);
INSERT INTO out_argument VALUES('zodino_pns.zodino_pns_20.zodino_pns_20.get_all_stat','zodino_pns.zodino_pns_20.zodino_pns_20.p3_on',341);
INSERT INTO out_argument VALUES('zodino_pns.zodino_pns_20.zodino_pns_20.get_all_stat','zodino_pns.zodino_pns_20.zodino_pns_20.p3_state_on',342);
INSERT INTO out_argument VALUES('zodino_pns.zodino_pns_20.zodino_pns_20.get_all_stat','zodino_pns.zodino_pns_20.zodino_pns_20.p3_state_off',343);
INSERT INTO out_argument VALUES('zodino_pns.zodino_pns_20.zodino_pns_20.get_all_stat','zodino_pns.zodino_pns_20.zodino_pns_20.p4_use_auto_off_on_event',348);
INSERT INTO out_argument VALUES('zodino_pns.zodino_pns_20.zodino_pns_20.get_all_stat','zodino_pns.zodino_pns_20.zodino_pns_20.p4_on',349);
INSERT INTO out_argument VALUES('zodino_pns.zodino_pns_20.zodino_pns_20.get_all_stat','zodino_pns.zodino_pns_20.zodino_pns_20.p4_state_on',350);
INSERT INTO out_argument VALUES('zodino_pns.zodino_pns_20.zodino_pns_20.get_all_stat','zodino_pns.zodino_pns_20.zodino_pns_20.p4_state_off',351);
INSERT INTO out_argument VALUES('zodino_pns.zodino_pns_20.zodino_pns_20.get_all_stat','zodino_pns.zodino_pns_20.zodino_pns_20.p5_use_auto_off_on_event',356);
INSERT INTO out_argument VALUES('zodino_pns.zodino_pns_20.zodino_pns_20.get_all_stat','zodino_pns.zodino_pns_20.zodino_pns_20.p5_on',357);
INSERT INTO out_argument VALUES('zodino_pns.zodino_pns_20.zodino_pns_20.get_all_stat','zodino_pns.zodino_pns_20.zodino_pns_20.p5_state_on',358);
INSERT INTO out_argument VALUES('zodino_pns.zodino_pns_20.zodino_pns_20.get_all_stat','zodino_pns.zodino_pns_20.zodino_pns_20.p5_state_off',359);
INSERT INTO out_argument VALUES('zodino_pns.zodino_pns_20.zodino_pns_20.get_all_stat','zodino_pns.zodino_pns_20.zodino_pns_20.abb_acs580_1_output_freq',368);
INSERT INTO out_argument VALUES('zodino_pns.zodino_pns_20.zodino_pns_20.get_all_stat','zodino_pns.zodino_pns_20.zodino_pns_20.abb_acs580_1_speed_engine',400);
INSERT INTO out_argument VALUES('zodino_pns.zodino_pns_20.zodino_pns_20.get_all_stat','zodino_pns.zodino_pns_20.zodino_pns_20.abb_acs580_1_amperage_engine',432);
INSERT INTO out_argument VALUES('zodino_pns.zodino_pns_20.zodino_pns_20.get_all_stat','zodino_pns.zodino_pns_20.zodino_pns_20.abb_acs580_1_voltage_engine',464);
INSERT INTO out_argument VALUES('zodino_pns.zodino_pns_20.zodino_pns_20.get_all_stat','zodino_pns.zodino_pns_20.zodino_pns_20.abb_acs580_1_power_engine',480);
INSERT INTO out_argument VALUES('zodino_pns.zodino_pns_20.zodino_pns_20.get_all_stat','zodino_pns.zodino_pns_20.zodino_pns_20.abb_acs580_1_invertor_power_gigawatt',512);
INSERT INTO out_argument VALUES('zodino_pns.zodino_pns_20.zodino_pns_20.get_all_stat','zodino_pns.zodino_pns_20.zodino_pns_20.abb_acs580_1_invertor_power_megawatt',528);
INSERT INTO out_argument VALUES('zodino_pns.zodino_pns_20.zodino_pns_20.get_all_stat','zodino_pns.zodino_pns_20.zodino_pns_20.abb_acs580_1_invertor_power_kilowatt',544);
INSERT INTO out_argument VALUES('zodino_pns.zodino_pns_20.zodino_pns_20.get_all_stat','zodino_pns.zodino_pns_20.zodino_pns_20.abb_acs580_1_disconnecion_reason',560);
INSERT INTO out_argument VALUES('zodino_pns.zodino_pns_20.zodino_pns_20.get_all_stat','zodino_pns.zodino_pns_20.zodino_pns_20.abb_acs580_1_set_freq',576);
INSERT INTO out_argument VALUES('zodino_pns.zodino_pns_20.zodino_pns_20.get_all_stat','zodino_pns.zodino_pns_20.zodino_pns_20.abb_acs580_1_fact_value',608);
INSERT INTO out_argument VALUES('zodino_pns.zodino_pns_20.zodino_pns_20.get_all_stat','zodino_pns.zodino_pns_20.zodino_pns_20.abb_acs580_1_set_pid',640);
INSERT INTO out_argument VALUES('zodino_pns.zodino_pns_20.zodino_pns_20.get_all_stat','zodino_pns.zodino_pns_20.zodino_pns_20.abb_acs580_1_ready',672);
INSERT INTO out_argument VALUES('zodino_pns.zodino_pns_20.zodino_pns_20.get_all_stat','zodino_pns.zodino_pns_20.zodino_pns_20.abb_acs580_1_ready_to_run',673);
INSERT INTO out_argument VALUES('zodino_pns.zodino_pns_20.zodino_pns_20.get_all_stat','zodino_pns.zodino_pns_20.zodino_pns_20.abb_acs580_1_ready_for_task',674);
INSERT INTO out_argument VALUES('zodino_pns.zodino_pns_20.zodino_pns_20.get_all_stat','zodino_pns.zodino_pns_20.zodino_pns_20.abb_acs580_1_rejection',675);
INSERT INTO out_argument VALUES('zodino_pns.zodino_pns_20.zodino_pns_20.get_all_stat','zodino_pns.zodino_pns_20.zodino_pns_20.abb_acs580_1_switch_2_inactiv',676);
INSERT INTO out_argument VALUES('zodino_pns.zodino_pns_20.zodino_pns_20.get_all_stat','zodino_pns.zodino_pns_20.zodino_pns_20.abb_acs580_1_switch_3_inactiv',677);
INSERT INTO out_argument VALUES('zodino_pns.zodino_pns_20.zodino_pns_20.get_all_stat','zodino_pns.zodino_pns_20.zodino_pns_20.abb_acs580_1_forbid_to_on',678);
INSERT INTO out_argument VALUES('zodino_pns.zodino_pns_20.zodino_pns_20.get_all_stat','zodino_pns.zodino_pns_20.zodino_pns_20.abb_acs580_1_alert',679);
INSERT INTO out_argument VALUES('zodino_pns.zodino_pns_20.zodino_pns_20.get_all_stat','zodino_pns.zodino_pns_20.zodino_pns_20.abb_acs580_1_drive_on_setting',680);
INSERT INTO out_argument VALUES('zodino_pns.zodino_pns_20.zodino_pns_20.get_all_stat','zodino_pns.zodino_pns_20.zodino_pns_20.abb_acs580_1_remote_mode',681);
INSERT INTO out_argument VALUES('zodino_pns.zodino_pns_20.zodino_pns_20.get_all_stat','zodino_pns.zodino_pns_20.zodino_pns_20.abb_acs580_1_too_high_speed_or_frequency',682);
INSERT INTO out_argument VALUES('zodino_pns.zodino_pns_20.zodino_pns_20.get_all_stat','zodino_pns.zodino_pns_20.zodino_pns_20.abb_acs580_1_custom1',683);
INSERT INTO out_argument VALUES('zodino_pns.zodino_pns_20.zodino_pns_20.get_all_stat','zodino_pns.zodino_pns_20.zodino_pns_20.abb_acs580_1_custom2',684);
INSERT INTO out_argument VALUES('zodino_pns.zodino_pns_20.zodino_pns_20.get_all_stat','zodino_pns.zodino_pns_20.zodino_pns_20.abb_acs580_1_custom3',685);
INSERT INTO out_argument VALUES('zodino_pns.zodino_pns_20.zodino_pns_20.get_all_stat','zodino_pns.zodino_pns_20.zodino_pns_20.abb_acs580_1_custom4',686);
INSERT INTO out_argument VALUES('zodino_pns.zodino_pns_20.zodino_pns_20.get_all_stat','zodino_pns.zodino_pns_20.zodino_pns_20.abb_acs580_1_address',688);
INSERT INTO out_argument VALUES('zodino_pns.zodino_pns_20.zodino_pns_20.get_all_stat','zodino_pns.zodino_pns_20.zodino_pns_20.abb_acs580_1_use_answer',696);
INSERT INTO out_argument VALUES('zodino_pns.zodino_pns_20.zodino_pns_20.get_all_stat','zodino_pns.zodino_pns_20.zodino_pns_20.abb_acs580_1_common_alm',697);
INSERT INTO out_argument VALUES('zodino_pns.zodino_pns_20.zodino_pns_20.get_all_stat','zodino_pns.zodino_pns_20.zodino_pns_20.abb_acs580_1_not_answer',697);
INSERT INTO out_argument VALUES('zodino_pns.zodino_pns_20.zodino_pns_20.get_all_stat','zodino_pns.zodino_pns_20.zodino_pns_20.abb_acs580_1_use',697);
INSERT INTO out_argument VALUES('zodino_pns.zodino_pns_20.zodino_pns_20.get_all_stat','zodino_pns.zodino_pns_20.zodino_pns_20.abb_acs580_2_output_freq',704);
INSERT INTO out_argument VALUES('zodino_pns.zodino_pns_20.zodino_pns_20.get_all_stat','zodino_pns.zodino_pns_20.zodino_pns_20.abb_acs580_2_speed_engine',736);
INSERT INTO out_argument VALUES('zodino_pns.zodino_pns_20.zodino_pns_20.get_all_stat','zodino_pns.zodino_pns_20.zodino_pns_20.abb_acs580_2_amperage_engine',768);
INSERT INTO out_argument VALUES('zodino_pns.zodino_pns_20.zodino_pns_20.get_all_stat','zodino_pns.zodino_pns_20.zodino_pns_20.abb_acs580_2_voltage_engine',800);
INSERT INTO out_argument VALUES('zodino_pns.zodino_pns_20.zodino_pns_20.get_all_stat','zodino_pns.zodino_pns_20.zodino_pns_20.abb_acs580_2_power_engine',816);
INSERT INTO out_argument VALUES('zodino_pns.zodino_pns_20.zodino_pns_20.get_all_stat','zodino_pns.zodino_pns_20.zodino_pns_20.abb_acs580_2_invertor_power_gigawatt',848);
INSERT INTO out_argument VALUES('zodino_pns.zodino_pns_20.zodino_pns_20.get_all_stat','zodino_pns.zodino_pns_20.zodino_pns_20.abb_acs580_2_invertor_power_megawatt',864);
INSERT INTO out_argument VALUES('zodino_pns.zodino_pns_20.zodino_pns_20.get_all_stat','zodino_pns.zodino_pns_20.zodino_pns_20.abb_acs580_2_invertor_power_kilowatt',880);
INSERT INTO out_argument VALUES('zodino_pns.zodino_pns_20.zodino_pns_20.get_all_stat','zodino_pns.zodino_pns_20.zodino_pns_20.abb_acs580_2_disconnecion_reason',896);
INSERT INTO out_argument VALUES('zodino_pns.zodino_pns_20.zodino_pns_20.get_all_stat','zodino_pns.zodino_pns_20.zodino_pns_20.abb_acs580_2_set_freq',912);
INSERT INTO out_argument VALUES('zodino_pns.zodino_pns_20.zodino_pns_20.get_all_stat','zodino_pns.zodino_pns_20.zodino_pns_20.abb_acs580_2_fact_value',944);
INSERT INTO out_argument VALUES('zodino_pns.zodino_pns_20.zodino_pns_20.get_all_stat','zodino_pns.zodino_pns_20.zodino_pns_20.abb_acs580_2_set_pid',976);
INSERT INTO out_argument VALUES('zodino_pns.zodino_pns_20.zodino_pns_20.get_all_stat','zodino_pns.zodino_pns_20.zodino_pns_20.abb_acs580_2_ready',1008);
INSERT INTO out_argument VALUES('zodino_pns.zodino_pns_20.zodino_pns_20.get_all_stat','zodino_pns.zodino_pns_20.zodino_pns_20.abb_acs580_2_ready_to_run',1009);
INSERT INTO out_argument VALUES('zodino_pns.zodino_pns_20.zodino_pns_20.get_all_stat','zodino_pns.zodino_pns_20.zodino_pns_20.abb_acs580_2_ready_for_task',1010);
INSERT INTO out_argument VALUES('zodino_pns.zodino_pns_20.zodino_pns_20.get_all_stat','zodino_pns.zodino_pns_20.zodino_pns_20.abb_acs580_2_rejection',1011);
INSERT INTO out_argument VALUES('zodino_pns.zodino_pns_20.zodino_pns_20.get_all_stat','zodino_pns.zodino_pns_20.zodino_pns_20.abb_acs580_2_switch_2_inactiv',1012);
INSERT INTO out_argument VALUES('zodino_pns.zodino_pns_20.zodino_pns_20.get_all_stat','zodino_pns.zodino_pns_20.zodino_pns_20.abb_acs580_2_switch_3_inactiv',1013);
INSERT INTO out_argument VALUES('zodino_pns.zodino_pns_20.zodino_pns_20.get_all_stat','zodino_pns.zodino_pns_20.zodino_pns_20.abb_acs580_2_forbid_to_on',1014);
INSERT INTO out_argument VALUES('zodino_pns.zodino_pns_20.zodino_pns_20.get_all_stat','zodino_pns.zodino_pns_20.zodino_pns_20.abb_acs580_2_alert',1015);
INSERT INTO out_argument VALUES('zodino_pns.zodino_pns_20.zodino_pns_20.get_all_stat','zodino_pns.zodino_pns_20.zodino_pns_20.abb_acs580_2_drive_on_setting',1016);
INSERT INTO out_argument VALUES('zodino_pns.zodino_pns_20.zodino_pns_20.get_all_stat','zodino_pns.zodino_pns_20.zodino_pns_20.abb_acs580_2_remote_mode',1017);
INSERT INTO out_argument VALUES('zodino_pns.zodino_pns_20.zodino_pns_20.get_all_stat','zodino_pns.zodino_pns_20.zodino_pns_20.abb_acs580_2_too_high_speed_or_frequency',1018);
INSERT INTO out_argument VALUES('zodino_pns.zodino_pns_20.zodino_pns_20.get_all_stat','zodino_pns.zodino_pns_20.zodino_pns_20.abb_acs580_2_custom1',1019);
INSERT INTO out_argument VALUES('zodino_pns.zodino_pns_20.zodino_pns_20.get_all_stat','zodino_pns.zodino_pns_20.zodino_pns_20.abb_acs580_2_custom2',1020);
INSERT INTO out_argument VALUES('zodino_pns.zodino_pns_20.zodino_pns_20.get_all_stat','zodino_pns.zodino_pns_20.zodino_pns_20.abb_acs580_2_custom3',1021);
INSERT INTO out_argument VALUES('zodino_pns.zodino_pns_20.zodino_pns_20.get_all_stat','zodino_pns.zodino_pns_20.zodino_pns_20.abb_acs580_2_custom4',1022);
INSERT INTO out_argument VALUES('zodino_pns.zodino_pns_20.zodino_pns_20.get_all_stat','zodino_pns.zodino_pns_20.zodino_pns_20.abb_acs580_2_address',1024);
INSERT INTO out_argument VALUES('zodino_pns.zodino_pns_20.zodino_pns_20.get_all_stat','zodino_pns.zodino_pns_20.zodino_pns_20.abb_acs580_2_use_answer',1032);
INSERT INTO out_argument VALUES('zodino_pns.zodino_pns_20.zodino_pns_20.get_all_stat','zodino_pns.zodino_pns_20.zodino_pns_20.abb_acs580_2_common_alm',1033);
INSERT INTO out_argument VALUES('zodino_pns.zodino_pns_20.zodino_pns_20.get_all_stat','zodino_pns.zodino_pns_20.zodino_pns_20.abb_acs580_2_not_answer',1034);
INSERT INTO out_argument VALUES('zodino_pns.zodino_pns_20.zodino_pns_20.get_all_stat','zodino_pns.zodino_pns_20.zodino_pns_20.abb_acs580_2_use',1035);
INSERT INTO out_argument VALUES('zodino_pns.zodino_pns_20.zodino_pns_20.get_all_stat','zodino_pns.zodino_pns_20.zodino_pns_20.abb_acs580_3_output_freq',1040);
INSERT INTO out_argument VALUES('zodino_pns.zodino_pns_20.zodino_pns_20.get_all_stat','zodino_pns.zodino_pns_20.zodino_pns_20.abb_acs580_3_speed_engine',1072);
INSERT INTO out_argument VALUES('zodino_pns.zodino_pns_20.zodino_pns_20.get_all_stat','zodino_pns.zodino_pns_20.zodino_pns_20.abb_acs580_3_amperage_engine',1104);
INSERT INTO out_argument VALUES('zodino_pns.zodino_pns_20.zodino_pns_20.get_all_stat','zodino_pns.zodino_pns_20.zodino_pns_20.abb_acs580_3_voltage_engine',1136);
INSERT INTO out_argument VALUES('zodino_pns.zodino_pns_20.zodino_pns_20.get_all_stat','zodino_pns.zodino_pns_20.zodino_pns_20.abb_acs580_3_power_engine',1152);
INSERT INTO out_argument VALUES('zodino_pns.zodino_pns_20.zodino_pns_20.get_all_stat','zodino_pns.zodino_pns_20.zodino_pns_20.abb_acs580_3_invertor_power_gigawatt',1184);
INSERT INTO out_argument VALUES('zodino_pns.zodino_pns_20.zodino_pns_20.get_all_stat','zodino_pns.zodino_pns_20.zodino_pns_20.abb_acs580_3_invertor_power_megawatt',1200);
INSERT INTO out_argument VALUES('zodino_pns.zodino_pns_20.zodino_pns_20.get_all_stat','zodino_pns.zodino_pns_20.zodino_pns_20.abb_acs580_3_invertor_power_kilowatt',1216);
INSERT INTO out_argument VALUES('zodino_pns.zodino_pns_20.zodino_pns_20.get_all_stat','zodino_pns.zodino_pns_20.zodino_pns_20.abb_acs580_3_disconnecion_reason',1232);
INSERT INTO out_argument VALUES('zodino_pns.zodino_pns_20.zodino_pns_20.get_all_stat','zodino_pns.zodino_pns_20.zodino_pns_20.abb_acs580_3_set_freq',1248);
INSERT INTO out_argument VALUES('zodino_pns.zodino_pns_20.zodino_pns_20.get_all_stat','zodino_pns.zodino_pns_20.zodino_pns_20.abb_acs580_3_fact_value',1280);
INSERT INTO out_argument VALUES('zodino_pns.zodino_pns_20.zodino_pns_20.get_all_stat','zodino_pns.zodino_pns_20.zodino_pns_20.abb_acs580_3_set_pid',1312);
INSERT INTO out_argument VALUES('zodino_pns.zodino_pns_20.zodino_pns_20.get_all_stat','zodino_pns.zodino_pns_20.zodino_pns_20.abb_acs580_3_ready',1344);
INSERT INTO out_argument VALUES('zodino_pns.zodino_pns_20.zodino_pns_20.get_all_stat','zodino_pns.zodino_pns_20.zodino_pns_20.abb_acs580_3_ready_to_run',1345);
INSERT INTO out_argument VALUES('zodino_pns.zodino_pns_20.zodino_pns_20.get_all_stat','zodino_pns.zodino_pns_20.zodino_pns_20.abb_acs580_3_ready_for_task',1346);
INSERT INTO out_argument VALUES('zodino_pns.zodino_pns_20.zodino_pns_20.get_all_stat','zodino_pns.zodino_pns_20.zodino_pns_20.abb_acs580_3_rejection',1347);
INSERT INTO out_argument VALUES('zodino_pns.zodino_pns_20.zodino_pns_20.get_all_stat','zodino_pns.zodino_pns_20.zodino_pns_20.abb_acs580_3_switch_2_inactiv',1348);
INSERT INTO out_argument VALUES('zodino_pns.zodino_pns_20.zodino_pns_20.get_all_stat','zodino_pns.zodino_pns_20.zodino_pns_20.abb_acs580_3_switch_3_inactiv',1349);
INSERT INTO out_argument VALUES('zodino_pns.zodino_pns_20.zodino_pns_20.get_all_stat','zodino_pns.zodino_pns_20.zodino_pns_20.abb_acs580_3_forbid_to_on',1350);
INSERT INTO out_argument VALUES('zodino_pns.zodino_pns_20.zodino_pns_20.get_all_stat','zodino_pns.zodino_pns_20.zodino_pns_20.abb_acs580_3_alert',1351);
INSERT INTO out_argument VALUES('zodino_pns.zodino_pns_20.zodino_pns_20.get_all_stat','zodino_pns.zodino_pns_20.zodino_pns_20.abb_acs580_3_drive_on_setting',1352);
INSERT INTO out_argument VALUES('zodino_pns.zodino_pns_20.zodino_pns_20.get_all_stat','zodino_pns.zodino_pns_20.zodino_pns_20.abb_acs580_3_remote_mode',1353);
INSERT INTO out_argument VALUES('zodino_pns.zodino_pns_20.zodino_pns_20.get_all_stat','zodino_pns.zodino_pns_20.zodino_pns_20.abb_acs580_3_too_high_speed_or_frequency',1354);
INSERT INTO out_argument VALUES('zodino_pns.zodino_pns_20.zodino_pns_20.get_all_stat','zodino_pns.zodino_pns_20.zodino_pns_20.abb_acs580_3_custom1',1355);
INSERT INTO out_argument VALUES('zodino_pns.zodino_pns_20.zodino_pns_20.get_all_stat','zodino_pns.zodino_pns_20.zodino_pns_20.abb_acs580_3_custom2',1356);
INSERT INTO out_argument VALUES('zodino_pns.zodino_pns_20.zodino_pns_20.get_all_stat','zodino_pns.zodino_pns_20.zodino_pns_20.abb_acs580_3_custom3',1357);
INSERT INTO out_argument VALUES('zodino_pns.zodino_pns_20.zodino_pns_20.get_all_stat','zodino_pns.zodino_pns_20.zodino_pns_20.abb_acs580_3_custom4',1358);
INSERT INTO out_argument VALUES('zodino_pns.zodino_pns_20.zodino_pns_20.get_all_stat','zodino_pns.zodino_pns_20.zodino_pns_20.abb_acs580_3_address',1360);
INSERT INTO out_argument VALUES('zodino_pns.zodino_pns_20.zodino_pns_20.get_all_stat','zodino_pns.zodino_pns_20.zodino_pns_20.abb_acs580_3_use_answer',1368);
INSERT INTO out_argument VALUES('zodino_pns.zodino_pns_20.zodino_pns_20.get_all_stat','zodino_pns.zodino_pns_20.zodino_pns_20.abb_acs580_3_common_alm',1369);
INSERT INTO out_argument VALUES('zodino_pns.zodino_pns_20.zodino_pns_20.get_all_stat','zodino_pns.zodino_pns_20.zodino_pns_20.abb_acs580_3_not_answer',1370);
INSERT INTO out_argument VALUES('zodino_pns.zodino_pns_20.zodino_pns_20.get_all_stat','zodino_pns.zodino_pns_20.zodino_pns_20.abb_acs580_3_use',1371);
INSERT INTO out_argument VALUES('zodino_pns.zodino_pns_20.zodino_pns_20.get_all_stat','zodino_pns.zodino_pns_20.zodino_pns_20.abb_acs580_4_output_freq',1376);
INSERT INTO out_argument VALUES('zodino_pns.zodino_pns_20.zodino_pns_20.get_all_stat','zodino_pns.zodino_pns_20.zodino_pns_20.abb_acs580_4_speed_engine',1408);
INSERT INTO out_argument VALUES('zodino_pns.zodino_pns_20.zodino_pns_20.get_all_stat','zodino_pns.zodino_pns_20.zodino_pns_20.abb_acs580_4_amperage_engine',1440);
INSERT INTO out_argument VALUES('zodino_pns.zodino_pns_20.zodino_pns_20.get_all_stat','zodino_pns.zodino_pns_20.zodino_pns_20.abb_acs580_4_voltage_engine',1472);
INSERT INTO out_argument VALUES('zodino_pns.zodino_pns_20.zodino_pns_20.get_all_stat','zodino_pns.zodino_pns_20.zodino_pns_20.abb_acs580_4_power_engine',1488);
INSERT INTO out_argument VALUES('zodino_pns.zodino_pns_20.zodino_pns_20.get_all_stat','zodino_pns.zodino_pns_20.zodino_pns_20.abb_acs580_4_invertor_power_gigawatt',1520);
INSERT INTO out_argument VALUES('zodino_pns.zodino_pns_20.zodino_pns_20.get_all_stat','zodino_pns.zodino_pns_20.zodino_pns_20.abb_acs580_4_invertor_power_megawatt',1536);
INSERT INTO out_argument VALUES('zodino_pns.zodino_pns_20.zodino_pns_20.get_all_stat','zodino_pns.zodino_pns_20.zodino_pns_20.abb_acs580_4_invertor_power_kilowatt',1552);
INSERT INTO out_argument VALUES('zodino_pns.zodino_pns_20.zodino_pns_20.get_all_stat','zodino_pns.zodino_pns_20.zodino_pns_20.abb_acs580_4_disconnecion_reason',1568);
INSERT INTO out_argument VALUES('zodino_pns.zodino_pns_20.zodino_pns_20.get_all_stat','zodino_pns.zodino_pns_20.zodino_pns_20.abb_acs580_4_set_freq',1584);
INSERT INTO out_argument VALUES('zodino_pns.zodino_pns_20.zodino_pns_20.get_all_stat','zodino_pns.zodino_pns_20.zodino_pns_20.abb_acs580_4_fact_value',1616);
INSERT INTO out_argument VALUES('zodino_pns.zodino_pns_20.zodino_pns_20.get_all_stat','zodino_pns.zodino_pns_20.zodino_pns_20.abb_acs580_4_set_pid',1648);
INSERT INTO out_argument VALUES('zodino_pns.zodino_pns_20.zodino_pns_20.get_all_stat','zodino_pns.zodino_pns_20.zodino_pns_20.abb_acs580_4_ready',1680);
INSERT INTO out_argument VALUES('zodino_pns.zodino_pns_20.zodino_pns_20.get_all_stat','zodino_pns.zodino_pns_20.zodino_pns_20.abb_acs580_4_ready_to_run',1681);
INSERT INTO out_argument VALUES('zodino_pns.zodino_pns_20.zodino_pns_20.get_all_stat','zodino_pns.zodino_pns_20.zodino_pns_20.abb_acs580_4_ready_for_task',1682);
INSERT INTO out_argument VALUES('zodino_pns.zodino_pns_20.zodino_pns_20.get_all_stat','zodino_pns.zodino_pns_20.zodino_pns_20.abb_acs580_4_rejection',1683);
INSERT INTO out_argument VALUES('zodino_pns.zodino_pns_20.zodino_pns_20.get_all_stat','zodino_pns.zodino_pns_20.zodino_pns_20.abb_acs580_4_switch_2_inactiv',1684);
INSERT INTO out_argument VALUES('zodino_pns.zodino_pns_20.zodino_pns_20.get_all_stat','zodino_pns.zodino_pns_20.zodino_pns_20.abb_acs580_4_switch_3_inactiv',1685);
INSERT INTO out_argument VALUES('zodino_pns.zodino_pns_20.zodino_pns_20.get_all_stat','zodino_pns.zodino_pns_20.zodino_pns_20.abb_acs580_4_forbid_to_on',1686);
INSERT INTO out_argument VALUES('zodino_pns.zodino_pns_20.zodino_pns_20.get_all_stat','zodino_pns.zodino_pns_20.zodino_pns_20.abb_acs580_4_alert',1687);
INSERT INTO out_argument VALUES('zodino_pns.zodino_pns_20.zodino_pns_20.get_all_stat','zodino_pns.zodino_pns_20.zodino_pns_20.abb_acs580_4_drive_on_setting',1688);
INSERT INTO out_argument VALUES('zodino_pns.zodino_pns_20.zodino_pns_20.get_all_stat','zodino_pns.zodino_pns_20.zodino_pns_20.abb_acs580_4_remote_mode',1689);
INSERT INTO out_argument VALUES('zodino_pns.zodino_pns_20.zodino_pns_20.get_all_stat','zodino_pns.zodino_pns_20.zodino_pns_20.abb_acs580_4_too_high_speed_or_frequency',1690);
INSERT INTO out_argument VALUES('zodino_pns.zodino_pns_20.zodino_pns_20.get_all_stat','zodino_pns.zodino_pns_20.zodino_pns_20.abb_acs580_4_custom1',1691);
INSERT INTO out_argument VALUES('zodino_pns.zodino_pns_20.zodino_pns_20.get_all_stat','zodino_pns.zodino_pns_20.zodino_pns_20.abb_acs580_4_custom2',1692);
INSERT INTO out_argument VALUES('zodino_pns.zodino_pns_20.zodino_pns_20.get_all_stat','zodino_pns.zodino_pns_20.zodino_pns_20.abb_acs580_4_custom3',1693);
INSERT INTO out_argument VALUES('zodino_pns.zodino_pns_20.zodino_pns_20.get_all_stat','zodino_pns.zodino_pns_20.zodino_pns_20.abb_acs580_4_custom4',1694);
INSERT INTO out_argument VALUES('zodino_pns.zodino_pns_20.zodino_pns_20.get_all_stat','zodino_pns.zodino_pns_20.zodino_pns_20.abb_acs580_4_address',1696);
INSERT INTO out_argument VALUES('zodino_pns.zodino_pns_20.zodino_pns_20.get_all_stat','zodino_pns.zodino_pns_20.zodino_pns_20.abb_acs580_4_use_answer',1704);
INSERT INTO out_argument VALUES('zodino_pns.zodino_pns_20.zodino_pns_20.get_all_stat','zodino_pns.zodino_pns_20.zodino_pns_20.abb_acs580_4_common_alm',1705);
INSERT INTO out_argument VALUES('zodino_pns.zodino_pns_20.zodino_pns_20.get_all_stat','zodino_pns.zodino_pns_20.zodino_pns_20.abb_acs580_4_not_answer',1706);
INSERT INTO out_argument VALUES('zodino_pns.zodino_pns_20.zodino_pns_20.get_all_stat','zodino_pns.zodino_pns_20.zodino_pns_20.abb_acs580_4_use',1707);
INSERT INTO out_argument VALUES('zodino_pns.zodino_pns_20.zodino_pns_20.get_all_stat','zodino_pns.zodino_pns_20.zodino_pns_20.abb_acs580_5_output_freq',1712);
INSERT INTO out_argument VALUES('zodino_pns.zodino_pns_20.zodino_pns_20.get_all_stat','zodino_pns.zodino_pns_20.zodino_pns_20.abb_acs580_5_speed_engine',1744);
INSERT INTO out_argument VALUES('zodino_pns.zodino_pns_20.zodino_pns_20.get_all_stat','zodino_pns.zodino_pns_20.zodino_pns_20.abb_acs580_5_amperage_engine',1776);
INSERT INTO out_argument VALUES('zodino_pns.zodino_pns_20.zodino_pns_20.get_all_stat','zodino_pns.zodino_pns_20.zodino_pns_20.abb_acs580_5_voltage_engine',1808);
INSERT INTO out_argument VALUES('zodino_pns.zodino_pns_20.zodino_pns_20.get_all_stat','zodino_pns.zodino_pns_20.zodino_pns_20.abb_acs580_5_power_engine',1824);
INSERT INTO out_argument VALUES('zodino_pns.zodino_pns_20.zodino_pns_20.get_all_stat','zodino_pns.zodino_pns_20.zodino_pns_20.abb_acs580_5_invertor_power_gigawatt',1856);
INSERT INTO out_argument VALUES('zodino_pns.zodino_pns_20.zodino_pns_20.get_all_stat','zodino_pns.zodino_pns_20.zodino_pns_20.abb_acs580_5_invertor_power_megawatt',1872);
INSERT INTO out_argument VALUES('zodino_pns.zodino_pns_20.zodino_pns_20.get_all_stat','zodino_pns.zodino_pns_20.zodino_pns_20.abb_acs580_5_invertor_power_kilowatt',1888);
INSERT INTO out_argument VALUES('zodino_pns.zodino_pns_20.zodino_pns_20.get_all_stat','zodino_pns.zodino_pns_20.zodino_pns_20.abb_acs580_5_disconnecion_reason',1904);
INSERT INTO out_argument VALUES('zodino_pns.zodino_pns_20.zodino_pns_20.get_all_stat','zodino_pns.zodino_pns_20.zodino_pns_20.abb_acs580_5_set_freq',1920);
INSERT INTO out_argument VALUES('zodino_pns.zodino_pns_20.zodino_pns_20.get_all_stat','zodino_pns.zodino_pns_20.zodino_pns_20.abb_acs580_5_fact_value',1952);
INSERT INTO out_argument VALUES('zodino_pns.zodino_pns_20.zodino_pns_20.get_all_stat','zodino_pns.zodino_pns_20.zodino_pns_20.abb_acs580_5_set_pid',1984);
INSERT INTO out_argument VALUES('zodino_pns.zodino_pns_20.zodino_pns_20.get_all_stat','zodino_pns.zodino_pns_20.zodino_pns_20.abb_acs580_5_ready',2016);
INSERT INTO out_argument VALUES('zodino_pns.zodino_pns_20.zodino_pns_20.get_all_stat','zodino_pns.zodino_pns_20.zodino_pns_20.abb_acs580_5_ready_to_run',2017);
INSERT INTO out_argument VALUES('zodino_pns.zodino_pns_20.zodino_pns_20.get_all_stat','zodino_pns.zodino_pns_20.zodino_pns_20.abb_acs580_5_ready_for_task',2018);
INSERT INTO out_argument VALUES('zodino_pns.zodino_pns_20.zodino_pns_20.get_all_stat','zodino_pns.zodino_pns_20.zodino_pns_20.abb_acs580_5_rejection',2019);
INSERT INTO out_argument VALUES('zodino_pns.zodino_pns_20.zodino_pns_20.get_all_stat','zodino_pns.zodino_pns_20.zodino_pns_20.abb_acs580_5_switch_2_inactiv',2020);
INSERT INTO out_argument VALUES('zodino_pns.zodino_pns_20.zodino_pns_20.get_all_stat','zodino_pns.zodino_pns_20.zodino_pns_20.abb_acs580_5_switch_3_inactiv',2021);
INSERT INTO out_argument VALUES('zodino_pns.zodino_pns_20.zodino_pns_20.get_all_stat','zodino_pns.zodino_pns_20.zodino_pns_20.abb_acs580_5_forbid_to_on',2022);
INSERT INTO out_argument VALUES('zodino_pns.zodino_pns_20.zodino_pns_20.get_all_stat','zodino_pns.zodino_pns_20.zodino_pns_20.abb_acs580_5_alert',2023);
INSERT INTO out_argument VALUES('zodino_pns.zodino_pns_20.zodino_pns_20.get_all_stat','zodino_pns.zodino_pns_20.zodino_pns_20.abb_acs580_5_drive_on_setting',2024);
INSERT INTO out_argument VALUES('zodino_pns.zodino_pns_20.zodino_pns_20.get_all_stat','zodino_pns.zodino_pns_20.zodino_pns_20.abb_acs580_5_remote_mode',2025);
INSERT INTO out_argument VALUES('zodino_pns.zodino_pns_20.zodino_pns_20.get_all_stat','zodino_pns.zodino_pns_20.zodino_pns_20.abb_acs580_5_too_high_speed_or_frequency',2026);
INSERT INTO out_argument VALUES('zodino_pns.zodino_pns_20.zodino_pns_20.get_all_stat','zodino_pns.zodino_pns_20.zodino_pns_20.abb_acs580_5_custom1',2027);
INSERT INTO out_argument VALUES('zodino_pns.zodino_pns_20.zodino_pns_20.get_all_stat','zodino_pns.zodino_pns_20.zodino_pns_20.abb_acs580_5_custom2',2028);
INSERT INTO out_argument VALUES('zodino_pns.zodino_pns_20.zodino_pns_20.get_all_stat','zodino_pns.zodino_pns_20.zodino_pns_20.abb_acs580_5_custom3',2029);
INSERT INTO out_argument VALUES('zodino_pns.zodino_pns_20.zodino_pns_20.get_all_stat','zodino_pns.zodino_pns_20.zodino_pns_20.abb_acs580_5_custom4',2030);
INSERT INTO out_argument VALUES('zodino_pns.zodino_pns_20.zodino_pns_20.get_all_stat','zodino_pns.zodino_pns_20.zodino_pns_20.abb_acs580_5_address',2032);
INSERT INTO out_argument VALUES('zodino_pns.zodino_pns_20.zodino_pns_20.get_all_stat','zodino_pns.zodino_pns_20.zodino_pns_20.abb_acs580_5_use_answer',2040);
INSERT INTO out_argument VALUES('zodino_pns.zodino_pns_20.zodino_pns_20.get_all_stat','zodino_pns.zodino_pns_20.zodino_pns_20.abb_acs580_5_common_alm',2041);
INSERT INTO out_argument VALUES('zodino_pns.zodino_pns_20.zodino_pns_20.get_all_stat','zodino_pns.zodino_pns_20.zodino_pns_20.abb_acs580_5_not_answer',2042);
INSERT INTO out_argument VALUES('zodino_pns.zodino_pns_20.zodino_pns_20.get_all_stat','zodino_pns.zodino_pns_20.zodino_pns_20.abb_acs580_5_use',2043);
INSERT INTO out_argument VALUES('zodino_pns.zodino_pns_20.zodino_pns_20.get_all_stat','zodino_pns.zodino_pns_20.zodino_pns_20.fc_current_task',2048);
INSERT INTO out_argument VALUES('zodino_pns.zodino_pns_20.zodino_pns_20.get_all_stat','zodino_pns.zodino_pns_20.zodino_pns_20.fc_work_mode',2056);
INSERT INTO out_argument VALUES('zodino_pns.zodino_pns_20.zodino_pns_20.get_all_stat','zodino_pns.zodino_pns_20.zodino_pns_20.rs_time_rotation_hour',2064);
INSERT INTO out_argument VALUES('zodino_pns.zodino_pns_20.zodino_pns_20.get_all_stat','zodino_pns.zodino_pns_20.zodino_pns_20.rs_time_rotation_minute',2072);
INSERT INTO out_argument VALUES('zodino_pns.zodino_pns_20.zodino_pns_20.get_all_stat','zodino_pns.zodino_pns_20.zodino_pns_20.rs_period_rotation',2080);
INSERT INTO out_argument VALUES('zodino_pns.zodino_pns_20.zodino_pns_20.get_all_stat','zodino_pns.zodino_pns_20.zodino_pns_20.rs_p1_use_rotation',2096);
INSERT INTO out_argument VALUES('zodino_pns.zodino_pns_20.zodino_pns_20.get_all_stat','zodino_pns.zodino_pns_20.zodino_pns_20.rs_p2_use_rotation',2097);
INSERT INTO out_argument VALUES('zodino_pns.zodino_pns_20.zodino_pns_20.get_all_stat','zodino_pns.zodino_pns_20.zodino_pns_20.rs_p3_use_rotation',2098);
INSERT INTO out_argument VALUES('zodino_pns.zodino_pns_20.zodino_pns_20.get_all_stat','zodino_pns.zodino_pns_20.zodino_pns_20.rs_p4_use_rotation',2099);
INSERT INTO out_argument VALUES('zodino_pns.zodino_pns_20.zodino_pns_20.get_all_stat','zodino_pns.zodino_pns_20.zodino_pns_20.rs_p5_use_rotation',2100);
INSERT INTO out_argument VALUES('zodino_pns.zodino_pns_20.zodino_pns_20.get_all_stat','zodino_pns.zodino_pns_20.zodino_pns_20.rs_use_time_rotation',2104);
INSERT INTO out_argument VALUES('zodino_pns.zodino_pns_20.zodino_pns_20.get_all_stat','zodino_pns.zodino_pns_20.zodino_pns_20.rs_use_rotation_via_period',2105);
INSERT INTO out_argument VALUES('zodino_pns.zodino_pns_20.zodino_pns_20.get_all_stat','zodino_pns.zodino_pns_20.zodino_pns_20.rs_need_rotation',2106);
INSERT INTO out_argument VALUES('zodino_pns.zodino_pns_20.zodino_pns_20.get_all_stat','zodino_pns.zodino_pns_20.zodino_pns_20.alm_time_incorrect',2112);
INSERT INTO out_argument VALUES('zodino_pns.zodino_pns_20.zodino_pns_20.get_all_stat','zodino_pns.zodino_pns_20.zodino_pns_20.alm_water',2113);
INSERT INTO out_argument VALUES('zodino_pns.zodino_pns_20.zodino_pns_20.get_all_stat','zodino_pns.zodino_pns_20.zodino_pns_20.alm_nsd',2114);
INSERT INTO out_argument VALUES('zodino_pns.zodino_pns_20.zodino_pns_20.get_all_stat','zodino_pns.zodino_pns_20.zodino_pns_20.alm_power',2115);
INSERT INTO out_argument VALUES('zodino_pns.zodino_pns_20.zodino_pns_20.get_all_stat','zodino_pns.zodino_pns_20.zodino_pns_20.alm_block_di1_not_answer',2116);
INSERT INTO out_argument VALUES('zodino_pns.zodino_pns_20.zodino_pns_20.get_all_stat','zodino_pns.zodino_pns_20.zodino_pns_20.alm_block_di2_not_answer',2117);
INSERT INTO out_argument VALUES('zodino_pns.zodino_pns_20.zodino_pns_20.get_all_stat','zodino_pns.zodino_pns_20.zodino_pns_20.alm_block_do1_not_answer',2118);
INSERT INTO out_argument VALUES('zodino_pns.zodino_pns_20.zodino_pns_20.get_all_stat','zodino_pns.zodino_pns_20.zodino_pns_20.alm_block_rs485_1_not_answer',2119);
INSERT INTO out_argument VALUES('zodino_pns.zodino_pns_20.zodino_pns_20.get_all_stat','zodino_pns.zodino_pns_20.zodino_pns_20.alm_block_rs485_2_not_answer',2120);
INSERT INTO out_argument VALUES('zodino_pns.zodino_pns_20.zodino_pns_20.get_all_stat','zodino_pns.zodino_pns_20.zodino_pns_20.mode_alm_nsd',2128);
INSERT INTO out_argument VALUES('zodino_pns.zodino_pns_20.zodino_pns_20.get_all_stat','zodino_pns.zodino_pns_20.zodino_pns_20.p1_mode',2136);
INSERT INTO out_argument VALUES('zodino_pns.zodino_pns_20.zodino_pns_20.get_all_stat','zodino_pns.zodino_pns_20.zodino_pns_20.p2_mode',2137);
INSERT INTO out_argument VALUES('zodino_pns.zodino_pns_20.zodino_pns_20.get_all_stat','zodino_pns.zodino_pns_20.zodino_pns_20.p3_mode',2138);
INSERT INTO out_argument VALUES('zodino_pns.zodino_pns_20.zodino_pns_20.get_all_stat','zodino_pns.zodino_pns_20.zodino_pns_20.p4_mode',2139);
INSERT INTO out_argument VALUES('zodino_pns.zodino_pns_20.zodino_pns_20.get_all_stat','zodino_pns.zodino_pns_20.zodino_pns_20.p5_mode',2140);
INSERT INTO out_argument VALUES('zodino_pns.zodino_pns_20.zodino_pns_20.get_all_stat','zodino_pns.zodino_pns_20.zodino_pns_20.p1_state',2144);
INSERT INTO out_argument VALUES('zodino_pns.zodino_pns_20.zodino_pns_20.get_all_stat','zodino_pns.zodino_pns_20.zodino_pns_20.p2_state',2145);
INSERT INTO out_argument VALUES('zodino_pns.zodino_pns_20.zodino_pns_20.get_all_stat','zodino_pns.zodino_pns_20.zodino_pns_20.p3_state',2146);
INSERT INTO out_argument VALUES('zodino_pns.zodino_pns_20.zodino_pns_20.get_all_stat','zodino_pns.zodino_pns_20.zodino_pns_20.p4_state',2147);
INSERT INTO out_argument VALUES('zodino_pns.zodino_pns_20.zodino_pns_20.get_all_stat','zodino_pns.zodino_pns_20.zodino_pns_20.p5_state',2148);
INSERT INTO out_argument VALUES('zodino_pns.zodino_pns_20.zodino_pns_20.get_all_stat','zodino_pns.zodino_pns_20.zodino_pns_20.time_work_p1_minute',2152);
INSERT INTO out_argument VALUES('zodino_pns.zodino_pns_20.zodino_pns_20.get_all_stat','zodino_pns.zodino_pns_20.zodino_pns_20.time_work_p2_minute',2160);
INSERT INTO out_argument VALUES('zodino_pns.zodino_pns_20.zodino_pns_20.get_all_stat','zodino_pns.zodino_pns_20.zodino_pns_20.time_work_p3_minute',2168);
INSERT INTO out_argument VALUES('zodino_pns.zodino_pns_20.zodino_pns_20.get_all_stat','zodino_pns.zodino_pns_20.zodino_pns_20.time_work_p4_minute',2176);
INSERT INTO out_argument VALUES('zodino_pns.zodino_pns_20.zodino_pns_20.get_all_stat','zodino_pns.zodino_pns_20.zodino_pns_20.time_work_p5_minute',2184);
INSERT INTO out_argument VALUES('zodino_pns.zodino_pns_20.zodino_pns_20.get_all_stat','zodino_pns.zodino_pns_20.zodino_pns_20.time_work_p1_hour',2192);
INSERT INTO out_argument VALUES('zodino_pns.zodino_pns_20.zodino_pns_20.get_all_stat','zodino_pns.zodino_pns_20.zodino_pns_20.time_work_p2_hour',2208);
INSERT INTO out_argument VALUES('zodino_pns.zodino_pns_20.zodino_pns_20.get_all_stat','zodino_pns.zodino_pns_20.zodino_pns_20.time_work_p3_hour',2224);
INSERT INTO out_argument VALUES('zodino_pns.zodino_pns_20.zodino_pns_20.get_all_stat','zodino_pns.zodino_pns_20.zodino_pns_20.time_work_p4_hour',2240);
INSERT INTO out_argument VALUES('zodino_pns.zodino_pns_20.zodino_pns_20.get_all_stat','zodino_pns.zodino_pns_20.zodino_pns_20.time_work_p5_hour',2256);
INSERT INTO out_argument VALUES('zodino_pns.zodino_pns_20.zodino_pns_20.get_all_stat','zodino_pns.zodino_pns_20.zodino_pns_20.num_main_pump',2272);
INSERT INTO out_argument VALUES('zodino_pns.zodino_pns_20.zodino_pns_20.get_all_stat','zodino_pns.zodino_pns_20.zodino_pns_20.correction_to_fc_task',2280);
INSERT INTO out_argument VALUES('zodino_pns.zodino_pns_20.zodino_pns_20.get_all_stat','zodino_pns.zodino_pns_20.zodino_pns_20.mode_autokeep_ps',2288);
INSERT INTO out_argument VALUES('zodino_pns.zodino_pns_20.zodino_pns_20.get_all_stat','zodino_pns.zodino_pns_20.zodino_pns_20.p1_use',2289);
INSERT INTO out_argument VALUES('zodino_pns.zodino_pns_20.zodino_pns_20.get_all_stat','zodino_pns.zodino_pns_20.zodino_pns_20.p2_use',2290);
INSERT INTO out_argument VALUES('zodino_pns.zodino_pns_20.zodino_pns_20.get_all_stat','zodino_pns.zodino_pns_20.zodino_pns_20.p3_use',2291);
INSERT INTO out_argument VALUES('zodino_pns.zodino_pns_20.zodino_pns_20.get_all_stat','zodino_pns.zodino_pns_20.zodino_pns_20.p4_use',2292);
INSERT INTO out_argument VALUES('zodino_pns.zodino_pns_20.zodino_pns_20.get_all_stat','zodino_pns.zodino_pns_20.zodino_pns_20.p5_use',2293);
INSERT INTO out_argument VALUES('zodino_pns.zodino_pns_20.zodino_pns_20.get_all_stat','zodino_pns.zodino_pns_20.zodino_pns_20.delta_autokeep_ps',2296);
INSERT INTO out_argument VALUES('zodino_pns.zodino_pns_20.zodino_pns_20.get_all_stat','zodino_pns.zodino_pns_20.zodino_pns_20.delay_stabilization_system_autokeep',2304);
INSERT INTO out_argument VALUES('zodino_pns.zodino_pns_20.zodino_pns_20.get_all_stat','zodino_pns.zodino_pns_20.zodino_pns_20.p2_off_low_frequency',2320);
INSERT INTO out_argument VALUES('zodino_pns.zodino_pns_20.zodino_pns_20.get_all_stat','zodino_pns.zodino_pns_20.zodino_pns_20.p2_on_high_frequency',2352);
INSERT INTO out_argument VALUES('zodino_pns.zodino_pns_20.zodino_pns_20.get_all_stat','zodino_pns.zodino_pns_20.zodino_pns_20.p3_off_low_frequency',2384);
INSERT INTO out_argument VALUES('zodino_pns.zodino_pns_20.zodino_pns_20.get_all_stat','zodino_pns.zodino_pns_20.zodino_pns_20.p3_on_high_frequency',2416);
INSERT INTO out_argument VALUES('zodino_pns.zodino_pns_20.zodino_pns_20.get_all_stat','zodino_pns.zodino_pns_20.zodino_pns_20.p4_off_low_frequency',2448);
INSERT INTO out_argument VALUES('zodino_pns.zodino_pns_20.zodino_pns_20.get_all_stat','zodino_pns.zodino_pns_20.zodino_pns_20.p4_on_high_frequency',2480);
INSERT INTO out_argument VALUES('zodino_pns.zodino_pns_20.zodino_pns_20.get_all_stat','zodino_pns.zodino_pns_20.zodino_pns_20.p5_off_low_frequency',2512);
INSERT INTO out_argument VALUES('zodino_pns.zodino_pns_20.zodino_pns_20.get_all_stat','zodino_pns.zodino_pns_20.zodino_pns_20.p5_on_high_frequency',2544);
INSERT INTO out_argument VALUES('zodino_pns.zodino_pns_20.zodino_pns_20.get_all_stat','zodino_pns.zodino_pns_20.zodino_pns_20.freq_time_analys_sec',2576);
INSERT INTO command_param VALUES('zodino_pns.zodino_pns_20.zodino_pns_20.get_all_stat','code','8');
INSERT INTO command_param VALUES('zodino_pns.zodino_pns_20.zodino_pns_20.get_all_stat','devt','0');
INSERT INTO command_param VALUES('zodino_pns.zodino_pns_20.zodino_pns_20.get_all_stat','devn','0');
INSERT INTO command VALUES('zodino_pns.zodino_pns_20.zodino_pns_20.del_stat','zodino_pns.zodino_pns_20','zodino_pns.zodino_pns_20.zodino_pns_20','plg','work','Удалить  всю статистику');
INSERT INTO command_param VALUES('zodino_pns.zodino_pns_20.zodino_pns_20.del_stat','code','9');
INSERT INTO command_param VALUES('zodino_pns.zodino_pns_20.zodino_pns_20.del_stat','devt','0');
INSERT INTO command_param VALUES('zodino_pns.zodino_pns_20.zodino_pns_20.del_stat','devn','0');
INSERT INTO command VALUES('zodino_pns.zodino_pns_20.zodino_pns_20.get_count_not_read_block_stat','zodino_pns.zodino_pns_20','zodino_pns.zodino_pns_20.zodino_pns_20','none','work','Получить количество непрочитанных блоков статистики');
INSERT INTO out_argument VALUES('zodino_pns.zodino_pns_20.zodino_pns_20.get_count_not_read_block_stat','zodino_pns.zodino_pns_20.zodino_pns_20.count_block_stat',0);
INSERT INTO command_param VALUES('zodino_pns.zodino_pns_20.zodino_pns_20.get_count_not_read_block_stat','code','10');
INSERT INTO command_param VALUES('zodino_pns.zodino_pns_20.zodino_pns_20.get_count_not_read_block_stat','devt','0');
INSERT INTO command_param VALUES('zodino_pns.zodino_pns_20.zodino_pns_20.get_count_not_read_block_stat','devn','0');
INSERT INTO command VALUES('zodino_pns.zodino_pns_20.zodino_pns_20.get_count_block_stat','zodino_pns.zodino_pns_20','zodino_pns.zodino_pns_20.zodino_pns_20','sta','work','Получить заданное количество блоков статистики');
INSERT INTO in_argument VALUES('zodino_pns.zodino_pns_20.zodino_pns_20.get_count_block_stat','zodino_pns.zodino_pns_20.zodino_pns_20.count_block_stat',0);
INSERT INTO out_argument VALUES('zodino_pns.zodino_pns_20.zodino_pns_20.get_count_block_stat','zodino_pns.zodino_pns_20.zodino_pns_20.date_time',0);
INSERT INTO out_argument VALUES('zodino_pns.zodino_pns_20.zodino_pns_20.get_count_block_stat','zodino_pns.zodino_pns_20.zodino_pns_20.as_flag_disable_alm',56);
INSERT INTO out_argument VALUES('zodino_pns.zodino_pns_20.zodino_pns_20.get_count_block_stat','zodino_pns.zodino_pns_20.zodino_pns_20.as_time_block_alm',64);
INSERT INTO out_argument VALUES('zodino_pns.zodino_pns_20.zodino_pns_20.get_count_block_stat','zodino_pns.zodino_pns_20.zodino_pns_20.gsm_lvl_signal_gsm',80);
INSERT INTO out_argument VALUES('zodino_pns.zodino_pns_20.zodino_pns_20.get_count_block_stat','zodino_pns.zodino_pns_20.zodino_pns_20.gsm_limiter_sms_messages',88);
INSERT INTO out_argument VALUES('zodino_pns.zodino_pns_20.zodino_pns_20.get_count_block_stat','zodino_pns.zodino_pns_20.zodino_pns_20.gsm_counter_send_sms',96);
INSERT INTO out_argument VALUES('zodino_pns.zodino_pns_20.zodino_pns_20.get_count_block_stat','zodino_pns.zodino_pns_20.zodino_pns_20.gsm_flag_disable_sms',112);
INSERT INTO out_argument VALUES('zodino_pns.zodino_pns_20.zodino_pns_20.get_count_block_stat','zodino_pns.zodino_pns_20.zodino_pns_20.gsm_flag_disable_sms_limiter',113);
INSERT INTO out_argument VALUES('zodino_pns.zodino_pns_20.zodino_pns_20.get_count_block_stat','zodino_pns.zodino_pns_20.zodino_pns_20.step_stat',120);
INSERT INTO out_argument VALUES('zodino_pns.zodino_pns_20.zodino_pns_20.get_count_block_stat','zodino_pns.zodino_pns_20.zodino_pns_20.count_block_stat',128);
INSERT INTO out_argument VALUES('zodino_pns.zodino_pns_20.zodino_pns_20.get_count_block_stat','zodino_pns.zodino_pns_20.zodino_pns_20.save_alm_stat',136);
INSERT INTO out_argument VALUES('zodino_pns.zodino_pns_20.zodino_pns_20.get_count_block_stat','zodino_pns.zodino_pns_20.zodino_pns_20.save_stat_send_sms',137);
INSERT INTO out_argument VALUES('zodino_pns.zodino_pns_20.zodino_pns_20.get_count_block_stat','zodino_pns.zodino_pns_20.zodino_pns_20.save_stat_event',138);
INSERT INTO out_argument VALUES('zodino_pns.zodino_pns_20.zodino_pns_20.get_count_block_stat','zodino_pns.zodino_pns_20.zodino_pns_20.alm_memory',143);
INSERT INTO out_argument VALUES('zodino_pns.zodino_pns_20.zodino_pns_20.get_count_block_stat','zodino_pns.zodino_pns_20.zodino_pns_20.ps1_value',144);
INSERT INTO out_argument VALUES('zodino_pns.zodino_pns_20.zodino_pns_20.get_count_block_stat','zodino_pns.zodino_pns_20.zodino_pns_20.ps1_min_value',152);
INSERT INTO out_argument VALUES('zodino_pns.zodino_pns_20.zodino_pns_20.get_count_block_stat','zodino_pns.zodino_pns_20.zodino_pns_20.ps1_max_value',160);
INSERT INTO out_argument VALUES('zodino_pns.zodino_pns_20.zodino_pns_20.get_count_block_stat','zodino_pns.zodino_pns_20.zodino_pns_20.ps1_min_use',168);
INSERT INTO out_argument VALUES('zodino_pns.zodino_pns_20.zodino_pns_20.get_count_block_stat','zodino_pns.zodino_pns_20.zodino_pns_20.ps1_max_use',169);
INSERT INTO out_argument VALUES('zodino_pns.zodino_pns_20.zodino_pns_20.get_count_block_stat','zodino_pns.zodino_pns_20.zodino_pns_20.ps1_min_alm',170);
INSERT INTO out_argument VALUES('zodino_pns.zodino_pns_20.zodino_pns_20.get_count_block_stat','zodino_pns.zodino_pns_20.zodino_pns_20.ps1_max_alm',171);
INSERT INTO out_argument VALUES('zodino_pns.zodino_pns_20.zodino_pns_20.get_count_block_stat','zodino_pns.zodino_pns_20.zodino_pns_20.ps2_value',176);
INSERT INTO out_argument VALUES('zodino_pns.zodino_pns_20.zodino_pns_20.get_count_block_stat','zodino_pns.zodino_pns_20.zodino_pns_20.ps2_min_value',184);
INSERT INTO out_argument VALUES('zodino_pns.zodino_pns_20.zodino_pns_20.get_count_block_stat','zodino_pns.zodino_pns_20.zodino_pns_20.ps2_max_value',192);
INSERT INTO out_argument VALUES('zodino_pns.zodino_pns_20.zodino_pns_20.get_count_block_stat','zodino_pns.zodino_pns_20.zodino_pns_20.ps2_min_use',200);
INSERT INTO out_argument VALUES('zodino_pns.zodino_pns_20.zodino_pns_20.get_count_block_stat','zodino_pns.zodino_pns_20.zodino_pns_20.ps2_max_use',201);
INSERT INTO out_argument VALUES('zodino_pns.zodino_pns_20.zodino_pns_20.get_count_block_stat','zodino_pns.zodino_pns_20.zodino_pns_20.ps2_min_alm',202);
INSERT INTO out_argument VALUES('zodino_pns.zodino_pns_20.zodino_pns_20.get_count_block_stat','zodino_pns.zodino_pns_20.zodino_pns_20.ps2_max_alm',203);
INSERT INTO out_argument VALUES('zodino_pns.zodino_pns_20.zodino_pns_20.get_count_block_stat','zodino_pns.zodino_pns_20.zodino_pns_20.rsm0503_cs_value',208);
INSERT INTO out_argument VALUES('zodino_pns.zodino_pns_20.zodino_pns_20.get_count_block_stat','zodino_pns.zodino_pns_20.zodino_pns_20.rsm0503_cs_acc_value',240);
INSERT INTO out_argument VALUES('zodino_pns.zodino_pns_20.zodino_pns_20.get_count_block_stat','zodino_pns.zodino_pns_20.zodino_pns_20.rsm0503_cs_address',272);
INSERT INTO out_argument VALUES('zodino_pns.zodino_pns_20.zodino_pns_20.get_count_block_stat','zodino_pns.zodino_pns_20.zodino_pns_20.rsm0503_use_responce_analysis',280);
INSERT INTO out_argument VALUES('zodino_pns.zodino_pns_20.zodino_pns_20.get_count_block_stat','zodino_pns.zodino_pns_20.zodino_pns_20.rsm0503_cs_common_alm',281);
INSERT INTO out_argument VALUES('zodino_pns.zodino_pns_20.zodino_pns_20.get_count_block_stat','zodino_pns.zodino_pns_20.zodino_pns_20.rsm0503_cs_not_answer',282);
INSERT INTO out_argument VALUES('zodino_pns.zodino_pns_20.zodino_pns_20.get_count_block_stat','zodino_pns.zodino_pns_20.zodino_pns_20.rsm0503_cs_use',283);
INSERT INTO out_argument VALUES('zodino_pns.zodino_pns_20.zodino_pns_20.get_count_block_stat','zodino_pns.zodino_pns_20.zodino_pns_20.ts_value',288);
INSERT INTO out_argument VALUES('zodino_pns.zodino_pns_20.zodino_pns_20.get_count_block_stat','zodino_pns.zodino_pns_20.zodino_pns_20.ts_min_value',296);
INSERT INTO out_argument VALUES('zodino_pns.zodino_pns_20.zodino_pns_20.get_count_block_stat','zodino_pns.zodino_pns_20.zodino_pns_20.ts_max_value',304);
INSERT INTO out_argument VALUES('zodino_pns.zodino_pns_20.zodino_pns_20.get_count_block_stat','zodino_pns.zodino_pns_20.zodino_pns_20.ts_min_use',312);
INSERT INTO out_argument VALUES('zodino_pns.zodino_pns_20.zodino_pns_20.get_count_block_stat','zodino_pns.zodino_pns_20.zodino_pns_20.ts_max_use',313);
INSERT INTO out_argument VALUES('zodino_pns.zodino_pns_20.zodino_pns_20.get_count_block_stat','zodino_pns.zodino_pns_20.zodino_pns_20.ts_min_alm',314);
INSERT INTO out_argument VALUES('zodino_pns.zodino_pns_20.zodino_pns_20.get_count_block_stat','zodino_pns.zodino_pns_20.zodino_pns_20.ts_max_alm',315);
INSERT INTO out_argument VALUES('zodino_pns.zodino_pns_20.zodino_pns_20.get_count_block_stat','zodino_pns.zodino_pns_20.zodino_pns_20.p1_use_auto_off_on_event',324);
INSERT INTO out_argument VALUES('zodino_pns.zodino_pns_20.zodino_pns_20.get_count_block_stat','zodino_pns.zodino_pns_20.zodino_pns_20.p1_on',325);
INSERT INTO out_argument VALUES('zodino_pns.zodino_pns_20.zodino_pns_20.get_count_block_stat','zodino_pns.zodino_pns_20.zodino_pns_20.p1_state_on',326);
INSERT INTO out_argument VALUES('zodino_pns.zodino_pns_20.zodino_pns_20.get_count_block_stat','zodino_pns.zodino_pns_20.zodino_pns_20.p1_state_off',327);
INSERT INTO out_argument VALUES('zodino_pns.zodino_pns_20.zodino_pns_20.get_count_block_stat','zodino_pns.zodino_pns_20.zodino_pns_20.p2_use_auto_off_on_event',332);
INSERT INTO out_argument VALUES('zodino_pns.zodino_pns_20.zodino_pns_20.get_count_block_stat','zodino_pns.zodino_pns_20.zodino_pns_20.p2_on',333);
INSERT INTO out_argument VALUES('zodino_pns.zodino_pns_20.zodino_pns_20.get_count_block_stat','zodino_pns.zodino_pns_20.zodino_pns_20.p2_state_on',334);
INSERT INTO out_argument VALUES('zodino_pns.zodino_pns_20.zodino_pns_20.get_count_block_stat','zodino_pns.zodino_pns_20.zodino_pns_20.p2_state_off',335);
INSERT INTO out_argument VALUES('zodino_pns.zodino_pns_20.zodino_pns_20.get_count_block_stat','zodino_pns.zodino_pns_20.zodino_pns_20.p3_use_auto_off_on_event',340);
INSERT INTO out_argument VALUES('zodino_pns.zodino_pns_20.zodino_pns_20.get_count_block_stat','zodino_pns.zodino_pns_20.zodino_pns_20.p3_on',341);
INSERT INTO out_argument VALUES('zodino_pns.zodino_pns_20.zodino_pns_20.get_count_block_stat','zodino_pns.zodino_pns_20.zodino_pns_20.p3_state_on',342);
INSERT INTO out_argument VALUES('zodino_pns.zodino_pns_20.zodino_pns_20.get_count_block_stat','zodino_pns.zodino_pns_20.zodino_pns_20.p3_state_off',343);
INSERT INTO out_argument VALUES('zodino_pns.zodino_pns_20.zodino_pns_20.get_count_block_stat','zodino_pns.zodino_pns_20.zodino_pns_20.p4_use_auto_off_on_event',348);
INSERT INTO out_argument VALUES('zodino_pns.zodino_pns_20.zodino_pns_20.get_count_block_stat','zodino_pns.zodino_pns_20.zodino_pns_20.p4_on',349);
INSERT INTO out_argument VALUES('zodino_pns.zodino_pns_20.zodino_pns_20.get_count_block_stat','zodino_pns.zodino_pns_20.zodino_pns_20.p4_state_on',350);
INSERT INTO out_argument VALUES('zodino_pns.zodino_pns_20.zodino_pns_20.get_count_block_stat','zodino_pns.zodino_pns_20.zodino_pns_20.p4_state_off',351);
INSERT INTO out_argument VALUES('zodino_pns.zodino_pns_20.zodino_pns_20.get_count_block_stat','zodino_pns.zodino_pns_20.zodino_pns_20.p5_use_auto_off_on_event',356);
INSERT INTO out_argument VALUES('zodino_pns.zodino_pns_20.zodino_pns_20.get_count_block_stat','zodino_pns.zodino_pns_20.zodino_pns_20.p5_on',357);
INSERT INTO out_argument VALUES('zodino_pns.zodino_pns_20.zodino_pns_20.get_count_block_stat','zodino_pns.zodino_pns_20.zodino_pns_20.p5_state_on',358);
INSERT INTO out_argument VALUES('zodino_pns.zodino_pns_20.zodino_pns_20.get_count_block_stat','zodino_pns.zodino_pns_20.zodino_pns_20.p5_state_off',359);
INSERT INTO out_argument VALUES('zodino_pns.zodino_pns_20.zodino_pns_20.get_count_block_stat','zodino_pns.zodino_pns_20.zodino_pns_20.abb_acs580_1_output_freq',368);
INSERT INTO out_argument VALUES('zodino_pns.zodino_pns_20.zodino_pns_20.get_count_block_stat','zodino_pns.zodino_pns_20.zodino_pns_20.abb_acs580_1_speed_engine',400);
INSERT INTO out_argument VALUES('zodino_pns.zodino_pns_20.zodino_pns_20.get_count_block_stat','zodino_pns.zodino_pns_20.zodino_pns_20.abb_acs580_1_amperage_engine',432);
INSERT INTO out_argument VALUES('zodino_pns.zodino_pns_20.zodino_pns_20.get_count_block_stat','zodino_pns.zodino_pns_20.zodino_pns_20.abb_acs580_1_voltage_engine',464);
INSERT INTO out_argument VALUES('zodino_pns.zodino_pns_20.zodino_pns_20.get_count_block_stat','zodino_pns.zodino_pns_20.zodino_pns_20.abb_acs580_1_power_engine',480);
INSERT INTO out_argument VALUES('zodino_pns.zodino_pns_20.zodino_pns_20.get_count_block_stat','zodino_pns.zodino_pns_20.zodino_pns_20.abb_acs580_1_invertor_power_gigawatt',512);
INSERT INTO out_argument VALUES('zodino_pns.zodino_pns_20.zodino_pns_20.get_count_block_stat','zodino_pns.zodino_pns_20.zodino_pns_20.abb_acs580_1_invertor_power_megawatt',528);
INSERT INTO out_argument VALUES('zodino_pns.zodino_pns_20.zodino_pns_20.get_count_block_stat','zodino_pns.zodino_pns_20.zodino_pns_20.abb_acs580_1_invertor_power_kilowatt',544);
INSERT INTO out_argument VALUES('zodino_pns.zodino_pns_20.zodino_pns_20.get_count_block_stat','zodino_pns.zodino_pns_20.zodino_pns_20.abb_acs580_1_disconnecion_reason',560);
INSERT INTO out_argument VALUES('zodino_pns.zodino_pns_20.zodino_pns_20.get_count_block_stat','zodino_pns.zodino_pns_20.zodino_pns_20.abb_acs580_1_set_freq',576);
INSERT INTO out_argument VALUES('zodino_pns.zodino_pns_20.zodino_pns_20.get_count_block_stat','zodino_pns.zodino_pns_20.zodino_pns_20.abb_acs580_1_fact_value',608);
INSERT INTO out_argument VALUES('zodino_pns.zodino_pns_20.zodino_pns_20.get_count_block_stat','zodino_pns.zodino_pns_20.zodino_pns_20.abb_acs580_1_set_pid',640);
INSERT INTO out_argument VALUES('zodino_pns.zodino_pns_20.zodino_pns_20.get_count_block_stat','zodino_pns.zodino_pns_20.zodino_pns_20.abb_acs580_1_ready',672);
INSERT INTO out_argument VALUES('zodino_pns.zodino_pns_20.zodino_pns_20.get_count_block_stat','zodino_pns.zodino_pns_20.zodino_pns_20.abb_acs580_1_ready_to_run',673);
INSERT INTO out_argument VALUES('zodino_pns.zodino_pns_20.zodino_pns_20.get_count_block_stat','zodino_pns.zodino_pns_20.zodino_pns_20.abb_acs580_1_ready_for_task',674);
INSERT INTO out_argument VALUES('zodino_pns.zodino_pns_20.zodino_pns_20.get_count_block_stat','zodino_pns.zodino_pns_20.zodino_pns_20.abb_acs580_1_rejection',675);
INSERT INTO out_argument VALUES('zodino_pns.zodino_pns_20.zodino_pns_20.get_count_block_stat','zodino_pns.zodino_pns_20.zodino_pns_20.abb_acs580_1_switch_2_inactiv',676);
INSERT INTO out_argument VALUES('zodino_pns.zodino_pns_20.zodino_pns_20.get_count_block_stat','zodino_pns.zodino_pns_20.zodino_pns_20.abb_acs580_1_switch_3_inactiv',677);
INSERT INTO out_argument VALUES('zodino_pns.zodino_pns_20.zodino_pns_20.get_count_block_stat','zodino_pns.zodino_pns_20.zodino_pns_20.abb_acs580_1_forbid_to_on',678);
INSERT INTO out_argument VALUES('zodino_pns.zodino_pns_20.zodino_pns_20.get_count_block_stat','zodino_pns.zodino_pns_20.zodino_pns_20.abb_acs580_1_alert',679);
INSERT INTO out_argument VALUES('zodino_pns.zodino_pns_20.zodino_pns_20.get_count_block_stat','zodino_pns.zodino_pns_20.zodino_pns_20.abb_acs580_1_drive_on_setting',680);
INSERT INTO out_argument VALUES('zodino_pns.zodino_pns_20.zodino_pns_20.get_count_block_stat','zodino_pns.zodino_pns_20.zodino_pns_20.abb_acs580_1_remote_mode',681);
INSERT INTO out_argument VALUES('zodino_pns.zodino_pns_20.zodino_pns_20.get_count_block_stat','zodino_pns.zodino_pns_20.zodino_pns_20.abb_acs580_1_too_high_speed_or_frequency',682);
INSERT INTO out_argument VALUES('zodino_pns.zodino_pns_20.zodino_pns_20.get_count_block_stat','zodino_pns.zodino_pns_20.zodino_pns_20.abb_acs580_1_custom1',683);
INSERT INTO out_argument VALUES('zodino_pns.zodino_pns_20.zodino_pns_20.get_count_block_stat','zodino_pns.zodino_pns_20.zodino_pns_20.abb_acs580_1_custom2',684);
INSERT INTO out_argument VALUES('zodino_pns.zodino_pns_20.zodino_pns_20.get_count_block_stat','zodino_pns.zodino_pns_20.zodino_pns_20.abb_acs580_1_custom3',685);
INSERT INTO out_argument VALUES('zodino_pns.zodino_pns_20.zodino_pns_20.get_count_block_stat','zodino_pns.zodino_pns_20.zodino_pns_20.abb_acs580_1_custom4',686);
INSERT INTO out_argument VALUES('zodino_pns.zodino_pns_20.zodino_pns_20.get_count_block_stat','zodino_pns.zodino_pns_20.zodino_pns_20.abb_acs580_1_address',688);
INSERT INTO out_argument VALUES('zodino_pns.zodino_pns_20.zodino_pns_20.get_count_block_stat','zodino_pns.zodino_pns_20.zodino_pns_20.abb_acs580_1_use_answer',696);
INSERT INTO out_argument VALUES('zodino_pns.zodino_pns_20.zodino_pns_20.get_count_block_stat','zodino_pns.zodino_pns_20.zodino_pns_20.abb_acs580_1_common_alm',697);
INSERT INTO out_argument VALUES('zodino_pns.zodino_pns_20.zodino_pns_20.get_count_block_stat','zodino_pns.zodino_pns_20.zodino_pns_20.abb_acs580_1_not_answer',697);
INSERT INTO out_argument VALUES('zodino_pns.zodino_pns_20.zodino_pns_20.get_count_block_stat','zodino_pns.zodino_pns_20.zodino_pns_20.abb_acs580_1_use',697);
INSERT INTO out_argument VALUES('zodino_pns.zodino_pns_20.zodino_pns_20.get_count_block_stat','zodino_pns.zodino_pns_20.zodino_pns_20.abb_acs580_2_output_freq',704);
INSERT INTO out_argument VALUES('zodino_pns.zodino_pns_20.zodino_pns_20.get_count_block_stat','zodino_pns.zodino_pns_20.zodino_pns_20.abb_acs580_2_speed_engine',736);
INSERT INTO out_argument VALUES('zodino_pns.zodino_pns_20.zodino_pns_20.get_count_block_stat','zodino_pns.zodino_pns_20.zodino_pns_20.abb_acs580_2_amperage_engine',768);
INSERT INTO out_argument VALUES('zodino_pns.zodino_pns_20.zodino_pns_20.get_count_block_stat','zodino_pns.zodino_pns_20.zodino_pns_20.abb_acs580_2_voltage_engine',800);
INSERT INTO out_argument VALUES('zodino_pns.zodino_pns_20.zodino_pns_20.get_count_block_stat','zodino_pns.zodino_pns_20.zodino_pns_20.abb_acs580_2_power_engine',816);
INSERT INTO out_argument VALUES('zodino_pns.zodino_pns_20.zodino_pns_20.get_count_block_stat','zodino_pns.zodino_pns_20.zodino_pns_20.abb_acs580_2_invertor_power_gigawatt',848);
INSERT INTO out_argument VALUES('zodino_pns.zodino_pns_20.zodino_pns_20.get_count_block_stat','zodino_pns.zodino_pns_20.zodino_pns_20.abb_acs580_2_invertor_power_megawatt',864);
INSERT INTO out_argument VALUES('zodino_pns.zodino_pns_20.zodino_pns_20.get_count_block_stat','zodino_pns.zodino_pns_20.zodino_pns_20.abb_acs580_2_invertor_power_kilowatt',880);
INSERT INTO out_argument VALUES('zodino_pns.zodino_pns_20.zodino_pns_20.get_count_block_stat','zodino_pns.zodino_pns_20.zodino_pns_20.abb_acs580_2_disconnecion_reason',896);
INSERT INTO out_argument VALUES('zodino_pns.zodino_pns_20.zodino_pns_20.get_count_block_stat','zodino_pns.zodino_pns_20.zodino_pns_20.abb_acs580_2_set_freq',912);
INSERT INTO out_argument VALUES('zodino_pns.zodino_pns_20.zodino_pns_20.get_count_block_stat','zodino_pns.zodino_pns_20.zodino_pns_20.abb_acs580_2_fact_value',944);
INSERT INTO out_argument VALUES('zodino_pns.zodino_pns_20.zodino_pns_20.get_count_block_stat','zodino_pns.zodino_pns_20.zodino_pns_20.abb_acs580_2_set_pid',976);
INSERT INTO out_argument VALUES('zodino_pns.zodino_pns_20.zodino_pns_20.get_count_block_stat','zodino_pns.zodino_pns_20.zodino_pns_20.abb_acs580_2_ready',1008);
INSERT INTO out_argument VALUES('zodino_pns.zodino_pns_20.zodino_pns_20.get_count_block_stat','zodino_pns.zodino_pns_20.zodino_pns_20.abb_acs580_2_ready_to_run',1009);
INSERT INTO out_argument VALUES('zodino_pns.zodino_pns_20.zodino_pns_20.get_count_block_stat','zodino_pns.zodino_pns_20.zodino_pns_20.abb_acs580_2_ready_for_task',1010);
INSERT INTO out_argument VALUES('zodino_pns.zodino_pns_20.zodino_pns_20.get_count_block_stat','zodino_pns.zodino_pns_20.zodino_pns_20.abb_acs580_2_rejection',1011);
INSERT INTO out_argument VALUES('zodino_pns.zodino_pns_20.zodino_pns_20.get_count_block_stat','zodino_pns.zodino_pns_20.zodino_pns_20.abb_acs580_2_switch_2_inactiv',1012);
INSERT INTO out_argument VALUES('zodino_pns.zodino_pns_20.zodino_pns_20.get_count_block_stat','zodino_pns.zodino_pns_20.zodino_pns_20.abb_acs580_2_switch_3_inactiv',1013);
INSERT INTO out_argument VALUES('zodino_pns.zodino_pns_20.zodino_pns_20.get_count_block_stat','zodino_pns.zodino_pns_20.zodino_pns_20.abb_acs580_2_forbid_to_on',1014);
INSERT INTO out_argument VALUES('zodino_pns.zodino_pns_20.zodino_pns_20.get_count_block_stat','zodino_pns.zodino_pns_20.zodino_pns_20.abb_acs580_2_alert',1015);
INSERT INTO out_argument VALUES('zodino_pns.zodino_pns_20.zodino_pns_20.get_count_block_stat','zodino_pns.zodino_pns_20.zodino_pns_20.abb_acs580_2_drive_on_setting',1016);
INSERT INTO out_argument VALUES('zodino_pns.zodino_pns_20.zodino_pns_20.get_count_block_stat','zodino_pns.zodino_pns_20.zodino_pns_20.abb_acs580_2_remote_mode',1017);
INSERT INTO out_argument VALUES('zodino_pns.zodino_pns_20.zodino_pns_20.get_count_block_stat','zodino_pns.zodino_pns_20.zodino_pns_20.abb_acs580_2_too_high_speed_or_frequency',1018);
INSERT INTO out_argument VALUES('zodino_pns.zodino_pns_20.zodino_pns_20.get_count_block_stat','zodino_pns.zodino_pns_20.zodino_pns_20.abb_acs580_2_custom1',1019);
INSERT INTO out_argument VALUES('zodino_pns.zodino_pns_20.zodino_pns_20.get_count_block_stat','zodino_pns.zodino_pns_20.zodino_pns_20.abb_acs580_2_custom2',1020);
INSERT INTO out_argument VALUES('zodino_pns.zodino_pns_20.zodino_pns_20.get_count_block_stat','zodino_pns.zodino_pns_20.zodino_pns_20.abb_acs580_2_custom3',1021);
INSERT INTO out_argument VALUES('zodino_pns.zodino_pns_20.zodino_pns_20.get_count_block_stat','zodino_pns.zodino_pns_20.zodino_pns_20.abb_acs580_2_custom4',1022);
INSERT INTO out_argument VALUES('zodino_pns.zodino_pns_20.zodino_pns_20.get_count_block_stat','zodino_pns.zodino_pns_20.zodino_pns_20.abb_acs580_2_address',1024);
INSERT INTO out_argument VALUES('zodino_pns.zodino_pns_20.zodino_pns_20.get_count_block_stat','zodino_pns.zodino_pns_20.zodino_pns_20.abb_acs580_2_use_answer',1032);
INSERT INTO out_argument VALUES('zodino_pns.zodino_pns_20.zodino_pns_20.get_count_block_stat','zodino_pns.zodino_pns_20.zodino_pns_20.abb_acs580_2_common_alm',1033);
INSERT INTO out_argument VALUES('zodino_pns.zodino_pns_20.zodino_pns_20.get_count_block_stat','zodino_pns.zodino_pns_20.zodino_pns_20.abb_acs580_2_not_answer',1034);
INSERT INTO out_argument VALUES('zodino_pns.zodino_pns_20.zodino_pns_20.get_count_block_stat','zodino_pns.zodino_pns_20.zodino_pns_20.abb_acs580_2_use',1035);
INSERT INTO out_argument VALUES('zodino_pns.zodino_pns_20.zodino_pns_20.get_count_block_stat','zodino_pns.zodino_pns_20.zodino_pns_20.abb_acs580_3_output_freq',1040);
INSERT INTO out_argument VALUES('zodino_pns.zodino_pns_20.zodino_pns_20.get_count_block_stat','zodino_pns.zodino_pns_20.zodino_pns_20.abb_acs580_3_speed_engine',1072);
INSERT INTO out_argument VALUES('zodino_pns.zodino_pns_20.zodino_pns_20.get_count_block_stat','zodino_pns.zodino_pns_20.zodino_pns_20.abb_acs580_3_amperage_engine',1104);
INSERT INTO out_argument VALUES('zodino_pns.zodino_pns_20.zodino_pns_20.get_count_block_stat','zodino_pns.zodino_pns_20.zodino_pns_20.abb_acs580_3_voltage_engine',1136);
INSERT INTO out_argument VALUES('zodino_pns.zodino_pns_20.zodino_pns_20.get_count_block_stat','zodino_pns.zodino_pns_20.zodino_pns_20.abb_acs580_3_power_engine',1152);
INSERT INTO out_argument VALUES('zodino_pns.zodino_pns_20.zodino_pns_20.get_count_block_stat','zodino_pns.zodino_pns_20.zodino_pns_20.abb_acs580_3_invertor_power_gigawatt',1184);
INSERT INTO out_argument VALUES('zodino_pns.zodino_pns_20.zodino_pns_20.get_count_block_stat','zodino_pns.zodino_pns_20.zodino_pns_20.abb_acs580_3_invertor_power_megawatt',1200);
INSERT INTO out_argument VALUES('zodino_pns.zodino_pns_20.zodino_pns_20.get_count_block_stat','zodino_pns.zodino_pns_20.zodino_pns_20.abb_acs580_3_invertor_power_kilowatt',1216);
INSERT INTO out_argument VALUES('zodino_pns.zodino_pns_20.zodino_pns_20.get_count_block_stat','zodino_pns.zodino_pns_20.zodino_pns_20.abb_acs580_3_disconnecion_reason',1232);
INSERT INTO out_argument VALUES('zodino_pns.zodino_pns_20.zodino_pns_20.get_count_block_stat','zodino_pns.zodino_pns_20.zodino_pns_20.abb_acs580_3_set_freq',1248);
INSERT INTO out_argument VALUES('zodino_pns.zodino_pns_20.zodino_pns_20.get_count_block_stat','zodino_pns.zodino_pns_20.zodino_pns_20.abb_acs580_3_fact_value',1280);
INSERT INTO out_argument VALUES('zodino_pns.zodino_pns_20.zodino_pns_20.get_count_block_stat','zodino_pns.zodino_pns_20.zodino_pns_20.abb_acs580_3_set_pid',1312);
INSERT INTO out_argument VALUES('zodino_pns.zodino_pns_20.zodino_pns_20.get_count_block_stat','zodino_pns.zodino_pns_20.zodino_pns_20.abb_acs580_3_ready',1344);
INSERT INTO out_argument VALUES('zodino_pns.zodino_pns_20.zodino_pns_20.get_count_block_stat','zodino_pns.zodino_pns_20.zodino_pns_20.abb_acs580_3_ready_to_run',1345);
INSERT INTO out_argument VALUES('zodino_pns.zodino_pns_20.zodino_pns_20.get_count_block_stat','zodino_pns.zodino_pns_20.zodino_pns_20.abb_acs580_3_ready_for_task',1346);
INSERT INTO out_argument VALUES('zodino_pns.zodino_pns_20.zodino_pns_20.get_count_block_stat','zodino_pns.zodino_pns_20.zodino_pns_20.abb_acs580_3_rejection',1347);
INSERT INTO out_argument VALUES('zodino_pns.zodino_pns_20.zodino_pns_20.get_count_block_stat','zodino_pns.zodino_pns_20.zodino_pns_20.abb_acs580_3_switch_2_inactiv',1348);
INSERT INTO out_argument VALUES('zodino_pns.zodino_pns_20.zodino_pns_20.get_count_block_stat','zodino_pns.zodino_pns_20.zodino_pns_20.abb_acs580_3_switch_3_inactiv',1349);
INSERT INTO out_argument VALUES('zodino_pns.zodino_pns_20.zodino_pns_20.get_count_block_stat','zodino_pns.zodino_pns_20.zodino_pns_20.abb_acs580_3_forbid_to_on',1350);
INSERT INTO out_argument VALUES('zodino_pns.zodino_pns_20.zodino_pns_20.get_count_block_stat','zodino_pns.zodino_pns_20.zodino_pns_20.abb_acs580_3_alert',1351);
INSERT INTO out_argument VALUES('zodino_pns.zodino_pns_20.zodino_pns_20.get_count_block_stat','zodino_pns.zodino_pns_20.zodino_pns_20.abb_acs580_3_drive_on_setting',1352);
INSERT INTO out_argument VALUES('zodino_pns.zodino_pns_20.zodino_pns_20.get_count_block_stat','zodino_pns.zodino_pns_20.zodino_pns_20.abb_acs580_3_remote_mode',1353);
INSERT INTO out_argument VALUES('zodino_pns.zodino_pns_20.zodino_pns_20.get_count_block_stat','zodino_pns.zodino_pns_20.zodino_pns_20.abb_acs580_3_too_high_speed_or_frequency',1354);
INSERT INTO out_argument VALUES('zodino_pns.zodino_pns_20.zodino_pns_20.get_count_block_stat','zodino_pns.zodino_pns_20.zodino_pns_20.abb_acs580_3_custom1',1355);
INSERT INTO out_argument VALUES('zodino_pns.zodino_pns_20.zodino_pns_20.get_count_block_stat','zodino_pns.zodino_pns_20.zodino_pns_20.abb_acs580_3_custom2',1356);
INSERT INTO out_argument VALUES('zodino_pns.zodino_pns_20.zodino_pns_20.get_count_block_stat','zodino_pns.zodino_pns_20.zodino_pns_20.abb_acs580_3_custom3',1357);
INSERT INTO out_argument VALUES('zodino_pns.zodino_pns_20.zodino_pns_20.get_count_block_stat','zodino_pns.zodino_pns_20.zodino_pns_20.abb_acs580_3_custom4',1358);
INSERT INTO out_argument VALUES('zodino_pns.zodino_pns_20.zodino_pns_20.get_count_block_stat','zodino_pns.zodino_pns_20.zodino_pns_20.abb_acs580_3_address',1360);
INSERT INTO out_argument VALUES('zodino_pns.zodino_pns_20.zodino_pns_20.get_count_block_stat','zodino_pns.zodino_pns_20.zodino_pns_20.abb_acs580_3_use_answer',1368);
INSERT INTO out_argument VALUES('zodino_pns.zodino_pns_20.zodino_pns_20.get_count_block_stat','zodino_pns.zodino_pns_20.zodino_pns_20.abb_acs580_3_common_alm',1369);
INSERT INTO out_argument VALUES('zodino_pns.zodino_pns_20.zodino_pns_20.get_count_block_stat','zodino_pns.zodino_pns_20.zodino_pns_20.abb_acs580_3_not_answer',1370);
INSERT INTO out_argument VALUES('zodino_pns.zodino_pns_20.zodino_pns_20.get_count_block_stat','zodino_pns.zodino_pns_20.zodino_pns_20.abb_acs580_3_use',1371);
INSERT INTO out_argument VALUES('zodino_pns.zodino_pns_20.zodino_pns_20.get_count_block_stat','zodino_pns.zodino_pns_20.zodino_pns_20.abb_acs580_4_output_freq',1376);
INSERT INTO out_argument VALUES('zodino_pns.zodino_pns_20.zodino_pns_20.get_count_block_stat','zodino_pns.zodino_pns_20.zodino_pns_20.abb_acs580_4_speed_engine',1408);
INSERT INTO out_argument VALUES('zodino_pns.zodino_pns_20.zodino_pns_20.get_count_block_stat','zodino_pns.zodino_pns_20.zodino_pns_20.abb_acs580_4_amperage_engine',1440);
INSERT INTO out_argument VALUES('zodino_pns.zodino_pns_20.zodino_pns_20.get_count_block_stat','zodino_pns.zodino_pns_20.zodino_pns_20.abb_acs580_4_voltage_engine',1472);
INSERT INTO out_argument VALUES('zodino_pns.zodino_pns_20.zodino_pns_20.get_count_block_stat','zodino_pns.zodino_pns_20.zodino_pns_20.abb_acs580_4_power_engine',1488);
INSERT INTO out_argument VALUES('zodino_pns.zodino_pns_20.zodino_pns_20.get_count_block_stat','zodino_pns.zodino_pns_20.zodino_pns_20.abb_acs580_4_invertor_power_gigawatt',1520);
INSERT INTO out_argument VALUES('zodino_pns.zodino_pns_20.zodino_pns_20.get_count_block_stat','zodino_pns.zodino_pns_20.zodino_pns_20.abb_acs580_4_invertor_power_megawatt',1536);
INSERT INTO out_argument VALUES('zodino_pns.zodino_pns_20.zodino_pns_20.get_count_block_stat','zodino_pns.zodino_pns_20.zodino_pns_20.abb_acs580_4_invertor_power_kilowatt',1552);
INSERT INTO out_argument VALUES('zodino_pns.zodino_pns_20.zodino_pns_20.get_count_block_stat','zodino_pns.zodino_pns_20.zodino_pns_20.abb_acs580_4_disconnecion_reason',1568);
INSERT INTO out_argument VALUES('zodino_pns.zodino_pns_20.zodino_pns_20.get_count_block_stat','zodino_pns.zodino_pns_20.zodino_pns_20.abb_acs580_4_set_freq',1584);
INSERT INTO out_argument VALUES('zodino_pns.zodino_pns_20.zodino_pns_20.get_count_block_stat','zodino_pns.zodino_pns_20.zodino_pns_20.abb_acs580_4_fact_value',1616);
INSERT INTO out_argument VALUES('zodino_pns.zodino_pns_20.zodino_pns_20.get_count_block_stat','zodino_pns.zodino_pns_20.zodino_pns_20.abb_acs580_4_set_pid',1648);
INSERT INTO out_argument VALUES('zodino_pns.zodino_pns_20.zodino_pns_20.get_count_block_stat','zodino_pns.zodino_pns_20.zodino_pns_20.abb_acs580_4_ready',1680);
INSERT INTO out_argument VALUES('zodino_pns.zodino_pns_20.zodino_pns_20.get_count_block_stat','zodino_pns.zodino_pns_20.zodino_pns_20.abb_acs580_4_ready_to_run',1681);
INSERT INTO out_argument VALUES('zodino_pns.zodino_pns_20.zodino_pns_20.get_count_block_stat','zodino_pns.zodino_pns_20.zodino_pns_20.abb_acs580_4_ready_for_task',1682);
INSERT INTO out_argument VALUES('zodino_pns.zodino_pns_20.zodino_pns_20.get_count_block_stat','zodino_pns.zodino_pns_20.zodino_pns_20.abb_acs580_4_rejection',1683);
INSERT INTO out_argument VALUES('zodino_pns.zodino_pns_20.zodino_pns_20.get_count_block_stat','zodino_pns.zodino_pns_20.zodino_pns_20.abb_acs580_4_switch_2_inactiv',1684);
INSERT INTO out_argument VALUES('zodino_pns.zodino_pns_20.zodino_pns_20.get_count_block_stat','zodino_pns.zodino_pns_20.zodino_pns_20.abb_acs580_4_switch_3_inactiv',1685);
INSERT INTO out_argument VALUES('zodino_pns.zodino_pns_20.zodino_pns_20.get_count_block_stat','zodino_pns.zodino_pns_20.zodino_pns_20.abb_acs580_4_forbid_to_on',1686);
INSERT INTO out_argument VALUES('zodino_pns.zodino_pns_20.zodino_pns_20.get_count_block_stat','zodino_pns.zodino_pns_20.zodino_pns_20.abb_acs580_4_alert',1687);
INSERT INTO out_argument VALUES('zodino_pns.zodino_pns_20.zodino_pns_20.get_count_block_stat','zodino_pns.zodino_pns_20.zodino_pns_20.abb_acs580_4_drive_on_setting',1688);
INSERT INTO out_argument VALUES('zodino_pns.zodino_pns_20.zodino_pns_20.get_count_block_stat','zodino_pns.zodino_pns_20.zodino_pns_20.abb_acs580_4_remote_mode',1689);
INSERT INTO out_argument VALUES('zodino_pns.zodino_pns_20.zodino_pns_20.get_count_block_stat','zodino_pns.zodino_pns_20.zodino_pns_20.abb_acs580_4_too_high_speed_or_frequency',1690);
INSERT INTO out_argument VALUES('zodino_pns.zodino_pns_20.zodino_pns_20.get_count_block_stat','zodino_pns.zodino_pns_20.zodino_pns_20.abb_acs580_4_custom1',1691);
INSERT INTO out_argument VALUES('zodino_pns.zodino_pns_20.zodino_pns_20.get_count_block_stat','zodino_pns.zodino_pns_20.zodino_pns_20.abb_acs580_4_custom2',1692);
INSERT INTO out_argument VALUES('zodino_pns.zodino_pns_20.zodino_pns_20.get_count_block_stat','zodino_pns.zodino_pns_20.zodino_pns_20.abb_acs580_4_custom3',1693);
INSERT INTO out_argument VALUES('zodino_pns.zodino_pns_20.zodino_pns_20.get_count_block_stat','zodino_pns.zodino_pns_20.zodino_pns_20.abb_acs580_4_custom4',1694);
INSERT INTO out_argument VALUES('zodino_pns.zodino_pns_20.zodino_pns_20.get_count_block_stat','zodino_pns.zodino_pns_20.zodino_pns_20.abb_acs580_4_address',1696);
INSERT INTO out_argument VALUES('zodino_pns.zodino_pns_20.zodino_pns_20.get_count_block_stat','zodino_pns.zodino_pns_20.zodino_pns_20.abb_acs580_4_use_answer',1704);
INSERT INTO out_argument VALUES('zodino_pns.zodino_pns_20.zodino_pns_20.get_count_block_stat','zodino_pns.zodino_pns_20.zodino_pns_20.abb_acs580_4_common_alm',1705);
INSERT INTO out_argument VALUES('zodino_pns.zodino_pns_20.zodino_pns_20.get_count_block_stat','zodino_pns.zodino_pns_20.zodino_pns_20.abb_acs580_4_not_answer',1706);
INSERT INTO out_argument VALUES('zodino_pns.zodino_pns_20.zodino_pns_20.get_count_block_stat','zodino_pns.zodino_pns_20.zodino_pns_20.abb_acs580_4_use',1707);
INSERT INTO out_argument VALUES('zodino_pns.zodino_pns_20.zodino_pns_20.get_count_block_stat','zodino_pns.zodino_pns_20.zodino_pns_20.abb_acs580_5_output_freq',1712);
INSERT INTO out_argument VALUES('zodino_pns.zodino_pns_20.zodino_pns_20.get_count_block_stat','zodino_pns.zodino_pns_20.zodino_pns_20.abb_acs580_5_speed_engine',1744);
INSERT INTO out_argument VALUES('zodino_pns.zodino_pns_20.zodino_pns_20.get_count_block_stat','zodino_pns.zodino_pns_20.zodino_pns_20.abb_acs580_5_amperage_engine',1776);
INSERT INTO out_argument VALUES('zodino_pns.zodino_pns_20.zodino_pns_20.get_count_block_stat','zodino_pns.zodino_pns_20.zodino_pns_20.abb_acs580_5_voltage_engine',1808);
INSERT INTO out_argument VALUES('zodino_pns.zodino_pns_20.zodino_pns_20.get_count_block_stat','zodino_pns.zodino_pns_20.zodino_pns_20.abb_acs580_5_power_engine',1824);
INSERT INTO out_argument VALUES('zodino_pns.zodino_pns_20.zodino_pns_20.get_count_block_stat','zodino_pns.zodino_pns_20.zodino_pns_20.abb_acs580_5_invertor_power_gigawatt',1856);
INSERT INTO out_argument VALUES('zodino_pns.zodino_pns_20.zodino_pns_20.get_count_block_stat','zodino_pns.zodino_pns_20.zodino_pns_20.abb_acs580_5_invertor_power_megawatt',1872);
INSERT INTO out_argument VALUES('zodino_pns.zodino_pns_20.zodino_pns_20.get_count_block_stat','zodino_pns.zodino_pns_20.zodino_pns_20.abb_acs580_5_invertor_power_kilowatt',1888);
INSERT INTO out_argument VALUES('zodino_pns.zodino_pns_20.zodino_pns_20.get_count_block_stat','zodino_pns.zodino_pns_20.zodino_pns_20.abb_acs580_5_disconnecion_reason',1904);
INSERT INTO out_argument VALUES('zodino_pns.zodino_pns_20.zodino_pns_20.get_count_block_stat','zodino_pns.zodino_pns_20.zodino_pns_20.abb_acs580_5_set_freq',1920);
INSERT INTO out_argument VALUES('zodino_pns.zodino_pns_20.zodino_pns_20.get_count_block_stat','zodino_pns.zodino_pns_20.zodino_pns_20.abb_acs580_5_fact_value',1952);
INSERT INTO out_argument VALUES('zodino_pns.zodino_pns_20.zodino_pns_20.get_count_block_stat','zodino_pns.zodino_pns_20.zodino_pns_20.abb_acs580_5_set_pid',1984);
INSERT INTO out_argument VALUES('zodino_pns.zodino_pns_20.zodino_pns_20.get_count_block_stat','zodino_pns.zodino_pns_20.zodino_pns_20.abb_acs580_5_ready',2016);
INSERT INTO out_argument VALUES('zodino_pns.zodino_pns_20.zodino_pns_20.get_count_block_stat','zodino_pns.zodino_pns_20.zodino_pns_20.abb_acs580_5_ready_to_run',2017);
INSERT INTO out_argument VALUES('zodino_pns.zodino_pns_20.zodino_pns_20.get_count_block_stat','zodino_pns.zodino_pns_20.zodino_pns_20.abb_acs580_5_ready_for_task',2018);
INSERT INTO out_argument VALUES('zodino_pns.zodino_pns_20.zodino_pns_20.get_count_block_stat','zodino_pns.zodino_pns_20.zodino_pns_20.abb_acs580_5_rejection',2019);
INSERT INTO out_argument VALUES('zodino_pns.zodino_pns_20.zodino_pns_20.get_count_block_stat','zodino_pns.zodino_pns_20.zodino_pns_20.abb_acs580_5_switch_2_inactiv',2020);
INSERT INTO out_argument VALUES('zodino_pns.zodino_pns_20.zodino_pns_20.get_count_block_stat','zodino_pns.zodino_pns_20.zodino_pns_20.abb_acs580_5_switch_3_inactiv',2021);
INSERT INTO out_argument VALUES('zodino_pns.zodino_pns_20.zodino_pns_20.get_count_block_stat','zodino_pns.zodino_pns_20.zodino_pns_20.abb_acs580_5_forbid_to_on',2022);
INSERT INTO out_argument VALUES('zodino_pns.zodino_pns_20.zodino_pns_20.get_count_block_stat','zodino_pns.zodino_pns_20.zodino_pns_20.abb_acs580_5_alert',2023);
INSERT INTO out_argument VALUES('zodino_pns.zodino_pns_20.zodino_pns_20.get_count_block_stat','zodino_pns.zodino_pns_20.zodino_pns_20.abb_acs580_5_drive_on_setting',2024);
INSERT INTO out_argument VALUES('zodino_pns.zodino_pns_20.zodino_pns_20.get_count_block_stat','zodino_pns.zodino_pns_20.zodino_pns_20.abb_acs580_5_remote_mode',2025);
INSERT INTO out_argument VALUES('zodino_pns.zodino_pns_20.zodino_pns_20.get_count_block_stat','zodino_pns.zodino_pns_20.zodino_pns_20.abb_acs580_5_too_high_speed_or_frequency',2026);
INSERT INTO out_argument VALUES('zodino_pns.zodino_pns_20.zodino_pns_20.get_count_block_stat','zodino_pns.zodino_pns_20.zodino_pns_20.abb_acs580_5_custom1',2027);
INSERT INTO out_argument VALUES('zodino_pns.zodino_pns_20.zodino_pns_20.get_count_block_stat','zodino_pns.zodino_pns_20.zodino_pns_20.abb_acs580_5_custom2',2028);
INSERT INTO out_argument VALUES('zodino_pns.zodino_pns_20.zodino_pns_20.get_count_block_stat','zodino_pns.zodino_pns_20.zodino_pns_20.abb_acs580_5_custom3',2029);
INSERT INTO out_argument VALUES('zodino_pns.zodino_pns_20.zodino_pns_20.get_count_block_stat','zodino_pns.zodino_pns_20.zodino_pns_20.abb_acs580_5_custom4',2030);
INSERT INTO out_argument VALUES('zodino_pns.zodino_pns_20.zodino_pns_20.get_count_block_stat','zodino_pns.zodino_pns_20.zodino_pns_20.abb_acs580_5_address',2032);
INSERT INTO out_argument VALUES('zodino_pns.zodino_pns_20.zodino_pns_20.get_count_block_stat','zodino_pns.zodino_pns_20.zodino_pns_20.abb_acs580_5_use_answer',2040);
INSERT INTO out_argument VALUES('zodino_pns.zodino_pns_20.zodino_pns_20.get_count_block_stat','zodino_pns.zodino_pns_20.zodino_pns_20.abb_acs580_5_common_alm',2041);
INSERT INTO out_argument VALUES('zodino_pns.zodino_pns_20.zodino_pns_20.get_count_block_stat','zodino_pns.zodino_pns_20.zodino_pns_20.abb_acs580_5_not_answer',2042);
INSERT INTO out_argument VALUES('zodino_pns.zodino_pns_20.zodino_pns_20.get_count_block_stat','zodino_pns.zodino_pns_20.zodino_pns_20.abb_acs580_5_use',2043);
INSERT INTO out_argument VALUES('zodino_pns.zodino_pns_20.zodino_pns_20.get_count_block_stat','zodino_pns.zodino_pns_20.zodino_pns_20.fc_current_task',2048);
INSERT INTO out_argument VALUES('zodino_pns.zodino_pns_20.zodino_pns_20.get_count_block_stat','zodino_pns.zodino_pns_20.zodino_pns_20.fc_work_mode',2056);
INSERT INTO out_argument VALUES('zodino_pns.zodino_pns_20.zodino_pns_20.get_count_block_stat','zodino_pns.zodino_pns_20.zodino_pns_20.rs_time_rotation_hour',2064);
INSERT INTO out_argument VALUES('zodino_pns.zodino_pns_20.zodino_pns_20.get_count_block_stat','zodino_pns.zodino_pns_20.zodino_pns_20.rs_time_rotation_minute',2072);
INSERT INTO out_argument VALUES('zodino_pns.zodino_pns_20.zodino_pns_20.get_count_block_stat','zodino_pns.zodino_pns_20.zodino_pns_20.rs_period_rotation',2080);
INSERT INTO out_argument VALUES('zodino_pns.zodino_pns_20.zodino_pns_20.get_count_block_stat','zodino_pns.zodino_pns_20.zodino_pns_20.rs_p1_use_rotation',2096);
INSERT INTO out_argument VALUES('zodino_pns.zodino_pns_20.zodino_pns_20.get_count_block_stat','zodino_pns.zodino_pns_20.zodino_pns_20.rs_p2_use_rotation',2097);
INSERT INTO out_argument VALUES('zodino_pns.zodino_pns_20.zodino_pns_20.get_count_block_stat','zodino_pns.zodino_pns_20.zodino_pns_20.rs_p3_use_rotation',2098);
INSERT INTO out_argument VALUES('zodino_pns.zodino_pns_20.zodino_pns_20.get_count_block_stat','zodino_pns.zodino_pns_20.zodino_pns_20.rs_p4_use_rotation',2099);
INSERT INTO out_argument VALUES('zodino_pns.zodino_pns_20.zodino_pns_20.get_count_block_stat','zodino_pns.zodino_pns_20.zodino_pns_20.rs_p5_use_rotation',2100);
INSERT INTO out_argument VALUES('zodino_pns.zodino_pns_20.zodino_pns_20.get_count_block_stat','zodino_pns.zodino_pns_20.zodino_pns_20.rs_use_time_rotation',2104);
INSERT INTO out_argument VALUES('zodino_pns.zodino_pns_20.zodino_pns_20.get_count_block_stat','zodino_pns.zodino_pns_20.zodino_pns_20.rs_use_rotation_via_period',2105);
INSERT INTO out_argument VALUES('zodino_pns.zodino_pns_20.zodino_pns_20.get_count_block_stat','zodino_pns.zodino_pns_20.zodino_pns_20.rs_need_rotation',2106);
INSERT INTO out_argument VALUES('zodino_pns.zodino_pns_20.zodino_pns_20.get_count_block_stat','zodino_pns.zodino_pns_20.zodino_pns_20.alm_time_incorrect',2112);
INSERT INTO out_argument VALUES('zodino_pns.zodino_pns_20.zodino_pns_20.get_count_block_stat','zodino_pns.zodino_pns_20.zodino_pns_20.alm_water',2113);
INSERT INTO out_argument VALUES('zodino_pns.zodino_pns_20.zodino_pns_20.get_count_block_stat','zodino_pns.zodino_pns_20.zodino_pns_20.alm_nsd',2114);
INSERT INTO out_argument VALUES('zodino_pns.zodino_pns_20.zodino_pns_20.get_count_block_stat','zodino_pns.zodino_pns_20.zodino_pns_20.alm_power',2115);
INSERT INTO out_argument VALUES('zodino_pns.zodino_pns_20.zodino_pns_20.get_count_block_stat','zodino_pns.zodino_pns_20.zodino_pns_20.alm_block_di1_not_answer',2116);
INSERT INTO out_argument VALUES('zodino_pns.zodino_pns_20.zodino_pns_20.get_count_block_stat','zodino_pns.zodino_pns_20.zodino_pns_20.alm_block_di2_not_answer',2117);
INSERT INTO out_argument VALUES('zodino_pns.zodino_pns_20.zodino_pns_20.get_count_block_stat','zodino_pns.zodino_pns_20.zodino_pns_20.alm_block_do1_not_answer',2118);
INSERT INTO out_argument VALUES('zodino_pns.zodino_pns_20.zodino_pns_20.get_count_block_stat','zodino_pns.zodino_pns_20.zodino_pns_20.alm_block_rs485_1_not_answer',2119);
INSERT INTO out_argument VALUES('zodino_pns.zodino_pns_20.zodino_pns_20.get_count_block_stat','zodino_pns.zodino_pns_20.zodino_pns_20.alm_block_rs485_2_not_answer',2120);
INSERT INTO out_argument VALUES('zodino_pns.zodino_pns_20.zodino_pns_20.get_count_block_stat','zodino_pns.zodino_pns_20.zodino_pns_20.mode_alm_nsd',2128);
INSERT INTO out_argument VALUES('zodino_pns.zodino_pns_20.zodino_pns_20.get_count_block_stat','zodino_pns.zodino_pns_20.zodino_pns_20.p1_mode',2136);
INSERT INTO out_argument VALUES('zodino_pns.zodino_pns_20.zodino_pns_20.get_count_block_stat','zodino_pns.zodino_pns_20.zodino_pns_20.p2_mode',2137);
INSERT INTO out_argument VALUES('zodino_pns.zodino_pns_20.zodino_pns_20.get_count_block_stat','zodino_pns.zodino_pns_20.zodino_pns_20.p3_mode',2138);
INSERT INTO out_argument VALUES('zodino_pns.zodino_pns_20.zodino_pns_20.get_count_block_stat','zodino_pns.zodino_pns_20.zodino_pns_20.p4_mode',2139);
INSERT INTO out_argument VALUES('zodino_pns.zodino_pns_20.zodino_pns_20.get_count_block_stat','zodino_pns.zodino_pns_20.zodino_pns_20.p5_mode',2140);
INSERT INTO out_argument VALUES('zodino_pns.zodino_pns_20.zodino_pns_20.get_count_block_stat','zodino_pns.zodino_pns_20.zodino_pns_20.p1_state',2144);
INSERT INTO out_argument VALUES('zodino_pns.zodino_pns_20.zodino_pns_20.get_count_block_stat','zodino_pns.zodino_pns_20.zodino_pns_20.p2_state',2145);
INSERT INTO out_argument VALUES('zodino_pns.zodino_pns_20.zodino_pns_20.get_count_block_stat','zodino_pns.zodino_pns_20.zodino_pns_20.p3_state',2146);
INSERT INTO out_argument VALUES('zodino_pns.zodino_pns_20.zodino_pns_20.get_count_block_stat','zodino_pns.zodino_pns_20.zodino_pns_20.p4_state',2147);
INSERT INTO out_argument VALUES('zodino_pns.zodino_pns_20.zodino_pns_20.get_count_block_stat','zodino_pns.zodino_pns_20.zodino_pns_20.p5_state',2148);
INSERT INTO out_argument VALUES('zodino_pns.zodino_pns_20.zodino_pns_20.get_count_block_stat','zodino_pns.zodino_pns_20.zodino_pns_20.time_work_p1_minute',2152);
INSERT INTO out_argument VALUES('zodino_pns.zodino_pns_20.zodino_pns_20.get_count_block_stat','zodino_pns.zodino_pns_20.zodino_pns_20.time_work_p2_minute',2160);
INSERT INTO out_argument VALUES('zodino_pns.zodino_pns_20.zodino_pns_20.get_count_block_stat','zodino_pns.zodino_pns_20.zodino_pns_20.time_work_p3_minute',2168);
INSERT INTO out_argument VALUES('zodino_pns.zodino_pns_20.zodino_pns_20.get_count_block_stat','zodino_pns.zodino_pns_20.zodino_pns_20.time_work_p4_minute',2176);
INSERT INTO out_argument VALUES('zodino_pns.zodino_pns_20.zodino_pns_20.get_count_block_stat','zodino_pns.zodino_pns_20.zodino_pns_20.time_work_p5_minute',2184);
INSERT INTO out_argument VALUES('zodino_pns.zodino_pns_20.zodino_pns_20.get_count_block_stat','zodino_pns.zodino_pns_20.zodino_pns_20.time_work_p1_hour',2192);
INSERT INTO out_argument VALUES('zodino_pns.zodino_pns_20.zodino_pns_20.get_count_block_stat','zodino_pns.zodino_pns_20.zodino_pns_20.time_work_p2_hour',2208);
INSERT INTO out_argument VALUES('zodino_pns.zodino_pns_20.zodino_pns_20.get_count_block_stat','zodino_pns.zodino_pns_20.zodino_pns_20.time_work_p3_hour',2224);
INSERT INTO out_argument VALUES('zodino_pns.zodino_pns_20.zodino_pns_20.get_count_block_stat','zodino_pns.zodino_pns_20.zodino_pns_20.time_work_p4_hour',2240);
INSERT INTO out_argument VALUES('zodino_pns.zodino_pns_20.zodino_pns_20.get_count_block_stat','zodino_pns.zodino_pns_20.zodino_pns_20.time_work_p5_hour',2256);
INSERT INTO out_argument VALUES('zodino_pns.zodino_pns_20.zodino_pns_20.get_count_block_stat','zodino_pns.zodino_pns_20.zodino_pns_20.num_main_pump',2272);
INSERT INTO out_argument VALUES('zodino_pns.zodino_pns_20.zodino_pns_20.get_count_block_stat','zodino_pns.zodino_pns_20.zodino_pns_20.correction_to_fc_task',2280);
INSERT INTO out_argument VALUES('zodino_pns.zodino_pns_20.zodino_pns_20.get_count_block_stat','zodino_pns.zodino_pns_20.zodino_pns_20.mode_autokeep_ps',2288);
INSERT INTO out_argument VALUES('zodino_pns.zodino_pns_20.zodino_pns_20.get_count_block_stat','zodino_pns.zodino_pns_20.zodino_pns_20.p1_use',2289);
INSERT INTO out_argument VALUES('zodino_pns.zodino_pns_20.zodino_pns_20.get_count_block_stat','zodino_pns.zodino_pns_20.zodino_pns_20.p2_use',2290);
INSERT INTO out_argument VALUES('zodino_pns.zodino_pns_20.zodino_pns_20.get_count_block_stat','zodino_pns.zodino_pns_20.zodino_pns_20.p3_use',2291);
INSERT INTO out_argument VALUES('zodino_pns.zodino_pns_20.zodino_pns_20.get_count_block_stat','zodino_pns.zodino_pns_20.zodino_pns_20.p4_use',2292);
INSERT INTO out_argument VALUES('zodino_pns.zodino_pns_20.zodino_pns_20.get_count_block_stat','zodino_pns.zodino_pns_20.zodino_pns_20.p5_use',2293);
INSERT INTO out_argument VALUES('zodino_pns.zodino_pns_20.zodino_pns_20.get_count_block_stat','zodino_pns.zodino_pns_20.zodino_pns_20.delta_autokeep_ps',2296);
INSERT INTO out_argument VALUES('zodino_pns.zodino_pns_20.zodino_pns_20.get_count_block_stat','zodino_pns.zodino_pns_20.zodino_pns_20.delay_stabilization_system_autokeep',2304);
INSERT INTO out_argument VALUES('zodino_pns.zodino_pns_20.zodino_pns_20.get_count_block_stat','zodino_pns.zodino_pns_20.zodino_pns_20.p2_off_low_frequency',2320);
INSERT INTO out_argument VALUES('zodino_pns.zodino_pns_20.zodino_pns_20.get_count_block_stat','zodino_pns.zodino_pns_20.zodino_pns_20.p2_on_high_frequency',2352);
INSERT INTO out_argument VALUES('zodino_pns.zodino_pns_20.zodino_pns_20.get_count_block_stat','zodino_pns.zodino_pns_20.zodino_pns_20.p3_off_low_frequency',2384);
INSERT INTO out_argument VALUES('zodino_pns.zodino_pns_20.zodino_pns_20.get_count_block_stat','zodino_pns.zodino_pns_20.zodino_pns_20.p3_on_high_frequency',2416);
INSERT INTO out_argument VALUES('zodino_pns.zodino_pns_20.zodino_pns_20.get_count_block_stat','zodino_pns.zodino_pns_20.zodino_pns_20.p4_off_low_frequency',2448);
INSERT INTO out_argument VALUES('zodino_pns.zodino_pns_20.zodino_pns_20.get_count_block_stat','zodino_pns.zodino_pns_20.zodino_pns_20.p4_on_high_frequency',2480);
INSERT INTO out_argument VALUES('zodino_pns.zodino_pns_20.zodino_pns_20.get_count_block_stat','zodino_pns.zodino_pns_20.zodino_pns_20.p5_off_low_frequency',2512);
INSERT INTO out_argument VALUES('zodino_pns.zodino_pns_20.zodino_pns_20.get_count_block_stat','zodino_pns.zodino_pns_20.zodino_pns_20.p5_on_high_frequency',2544);
INSERT INTO out_argument VALUES('zodino_pns.zodino_pns_20.zodino_pns_20.get_count_block_stat','zodino_pns.zodino_pns_20.zodino_pns_20.freq_time_analys_sec',2576);
INSERT INTO command_param VALUES('zodino_pns.zodino_pns_20.zodino_pns_20.get_count_block_stat','code','11');
INSERT INTO command_param VALUES('zodino_pns.zodino_pns_20.zodino_pns_20.get_count_block_stat','devt','0');
INSERT INTO command_param VALUES('zodino_pns.zodino_pns_20.zodino_pns_20.get_count_block_stat','devn','0');
INSERT INTO command VALUES('zodino_pns.zodino_pns_20.zodino_pns_20.del_count_block_stat','zodino_pns.zodino_pns_20','zodino_pns.zodino_pns_20.zodino_pns_20','none','work','Удалить заданное количество блоков статистики');
INSERT INTO in_argument VALUES('zodino_pns.zodino_pns_20.zodino_pns_20.del_count_block_stat','zodino_pns.zodino_pns_20.zodino_pns_20.count_block_stat',0);
INSERT INTO command_param VALUES('zodino_pns.zodino_pns_20.zodino_pns_20.del_count_block_stat','code','12');
INSERT INTO command_param VALUES('zodino_pns.zodino_pns_20.zodino_pns_20.del_count_block_stat','devt','0');
INSERT INTO command_param VALUES('zodino_pns.zodino_pns_20.zodino_pns_20.del_count_block_stat','devn','0');
INSERT INTO command VALUES('zodino_pns.zodino_pns_20.zodino_pns_20.get_stat_part','zodino_pns.zodino_pns_20','zodino_pns.zodino_pns_20.zodino_pns_20','sta','work','Получить статистику частично');
INSERT INTO out_argument VALUES('zodino_pns.zodino_pns_20.zodino_pns_20.get_stat_part','zodino_pns.zodino_pns_20.zodino_pns_20.date_time',0);
INSERT INTO out_argument VALUES('zodino_pns.zodino_pns_20.zodino_pns_20.get_stat_part','zodino_pns.zodino_pns_20.zodino_pns_20.as_flag_disable_alm',56);
INSERT INTO out_argument VALUES('zodino_pns.zodino_pns_20.zodino_pns_20.get_stat_part','zodino_pns.zodino_pns_20.zodino_pns_20.as_time_block_alm',64);
INSERT INTO out_argument VALUES('zodino_pns.zodino_pns_20.zodino_pns_20.get_stat_part','zodino_pns.zodino_pns_20.zodino_pns_20.gsm_lvl_signal_gsm',80);
INSERT INTO out_argument VALUES('zodino_pns.zodino_pns_20.zodino_pns_20.get_stat_part','zodino_pns.zodino_pns_20.zodino_pns_20.gsm_limiter_sms_messages',88);
INSERT INTO out_argument VALUES('zodino_pns.zodino_pns_20.zodino_pns_20.get_stat_part','zodino_pns.zodino_pns_20.zodino_pns_20.gsm_counter_send_sms',96);
INSERT INTO out_argument VALUES('zodino_pns.zodino_pns_20.zodino_pns_20.get_stat_part','zodino_pns.zodino_pns_20.zodino_pns_20.gsm_flag_disable_sms',112);
INSERT INTO out_argument VALUES('zodino_pns.zodino_pns_20.zodino_pns_20.get_stat_part','zodino_pns.zodino_pns_20.zodino_pns_20.gsm_flag_disable_sms_limiter',113);
INSERT INTO out_argument VALUES('zodino_pns.zodino_pns_20.zodino_pns_20.get_stat_part','zodino_pns.zodino_pns_20.zodino_pns_20.step_stat',120);
INSERT INTO out_argument VALUES('zodino_pns.zodino_pns_20.zodino_pns_20.get_stat_part','zodino_pns.zodino_pns_20.zodino_pns_20.count_block_stat',128);
INSERT INTO out_argument VALUES('zodino_pns.zodino_pns_20.zodino_pns_20.get_stat_part','zodino_pns.zodino_pns_20.zodino_pns_20.save_alm_stat',136);
INSERT INTO out_argument VALUES('zodino_pns.zodino_pns_20.zodino_pns_20.get_stat_part','zodino_pns.zodino_pns_20.zodino_pns_20.save_stat_send_sms',137);
INSERT INTO out_argument VALUES('zodino_pns.zodino_pns_20.zodino_pns_20.get_stat_part','zodino_pns.zodino_pns_20.zodino_pns_20.save_stat_event',138);
INSERT INTO out_argument VALUES('zodino_pns.zodino_pns_20.zodino_pns_20.get_stat_part','zodino_pns.zodino_pns_20.zodino_pns_20.alm_memory',143);
INSERT INTO out_argument VALUES('zodino_pns.zodino_pns_20.zodino_pns_20.get_stat_part','zodino_pns.zodino_pns_20.zodino_pns_20.ps1_value',144);
INSERT INTO out_argument VALUES('zodino_pns.zodino_pns_20.zodino_pns_20.get_stat_part','zodino_pns.zodino_pns_20.zodino_pns_20.ps1_min_value',152);
INSERT INTO out_argument VALUES('zodino_pns.zodino_pns_20.zodino_pns_20.get_stat_part','zodino_pns.zodino_pns_20.zodino_pns_20.ps1_max_value',160);
INSERT INTO out_argument VALUES('zodino_pns.zodino_pns_20.zodino_pns_20.get_stat_part','zodino_pns.zodino_pns_20.zodino_pns_20.ps1_min_use',168);
INSERT INTO out_argument VALUES('zodino_pns.zodino_pns_20.zodino_pns_20.get_stat_part','zodino_pns.zodino_pns_20.zodino_pns_20.ps1_max_use',169);
INSERT INTO out_argument VALUES('zodino_pns.zodino_pns_20.zodino_pns_20.get_stat_part','zodino_pns.zodino_pns_20.zodino_pns_20.ps1_min_alm',170);
INSERT INTO out_argument VALUES('zodino_pns.zodino_pns_20.zodino_pns_20.get_stat_part','zodino_pns.zodino_pns_20.zodino_pns_20.ps1_max_alm',171);
INSERT INTO out_argument VALUES('zodino_pns.zodino_pns_20.zodino_pns_20.get_stat_part','zodino_pns.zodino_pns_20.zodino_pns_20.ps2_value',176);
INSERT INTO out_argument VALUES('zodino_pns.zodino_pns_20.zodino_pns_20.get_stat_part','zodino_pns.zodino_pns_20.zodino_pns_20.ps2_min_value',184);
INSERT INTO out_argument VALUES('zodino_pns.zodino_pns_20.zodino_pns_20.get_stat_part','zodino_pns.zodino_pns_20.zodino_pns_20.ps2_max_value',192);
INSERT INTO out_argument VALUES('zodino_pns.zodino_pns_20.zodino_pns_20.get_stat_part','zodino_pns.zodino_pns_20.zodino_pns_20.ps2_min_use',200);
INSERT INTO out_argument VALUES('zodino_pns.zodino_pns_20.zodino_pns_20.get_stat_part','zodino_pns.zodino_pns_20.zodino_pns_20.ps2_max_use',201);
INSERT INTO out_argument VALUES('zodino_pns.zodino_pns_20.zodino_pns_20.get_stat_part','zodino_pns.zodino_pns_20.zodino_pns_20.ps2_min_alm',202);
INSERT INTO out_argument VALUES('zodino_pns.zodino_pns_20.zodino_pns_20.get_stat_part','zodino_pns.zodino_pns_20.zodino_pns_20.ps2_max_alm',203);
INSERT INTO out_argument VALUES('zodino_pns.zodino_pns_20.zodino_pns_20.get_stat_part','zodino_pns.zodino_pns_20.zodino_pns_20.rsm0503_cs_value',208);
INSERT INTO out_argument VALUES('zodino_pns.zodino_pns_20.zodino_pns_20.get_stat_part','zodino_pns.zodino_pns_20.zodino_pns_20.rsm0503_cs_acc_value',240);
INSERT INTO out_argument VALUES('zodino_pns.zodino_pns_20.zodino_pns_20.get_stat_part','zodino_pns.zodino_pns_20.zodino_pns_20.rsm0503_cs_address',272);
INSERT INTO out_argument VALUES('zodino_pns.zodino_pns_20.zodino_pns_20.get_stat_part','zodino_pns.zodino_pns_20.zodino_pns_20.rsm0503_use_responce_analysis',280);
INSERT INTO out_argument VALUES('zodino_pns.zodino_pns_20.zodino_pns_20.get_stat_part','zodino_pns.zodino_pns_20.zodino_pns_20.rsm0503_cs_common_alm',281);
INSERT INTO out_argument VALUES('zodino_pns.zodino_pns_20.zodino_pns_20.get_stat_part','zodino_pns.zodino_pns_20.zodino_pns_20.rsm0503_cs_not_answer',282);
INSERT INTO out_argument VALUES('zodino_pns.zodino_pns_20.zodino_pns_20.get_stat_part','zodino_pns.zodino_pns_20.zodino_pns_20.rsm0503_cs_use',283);
INSERT INTO out_argument VALUES('zodino_pns.zodino_pns_20.zodino_pns_20.get_stat_part','zodino_pns.zodino_pns_20.zodino_pns_20.ts_value',288);
INSERT INTO out_argument VALUES('zodino_pns.zodino_pns_20.zodino_pns_20.get_stat_part','zodino_pns.zodino_pns_20.zodino_pns_20.ts_min_value',296);
INSERT INTO out_argument VALUES('zodino_pns.zodino_pns_20.zodino_pns_20.get_stat_part','zodino_pns.zodino_pns_20.zodino_pns_20.ts_max_value',304);
INSERT INTO out_argument VALUES('zodino_pns.zodino_pns_20.zodino_pns_20.get_stat_part','zodino_pns.zodino_pns_20.zodino_pns_20.ts_min_use',312);
INSERT INTO out_argument VALUES('zodino_pns.zodino_pns_20.zodino_pns_20.get_stat_part','zodino_pns.zodino_pns_20.zodino_pns_20.ts_max_use',313);
INSERT INTO out_argument VALUES('zodino_pns.zodino_pns_20.zodino_pns_20.get_stat_part','zodino_pns.zodino_pns_20.zodino_pns_20.ts_min_alm',314);
INSERT INTO out_argument VALUES('zodino_pns.zodino_pns_20.zodino_pns_20.get_stat_part','zodino_pns.zodino_pns_20.zodino_pns_20.ts_max_alm',315);
INSERT INTO out_argument VALUES('zodino_pns.zodino_pns_20.zodino_pns_20.get_stat_part','zodino_pns.zodino_pns_20.zodino_pns_20.p1_use_auto_off_on_event',324);
INSERT INTO out_argument VALUES('zodino_pns.zodino_pns_20.zodino_pns_20.get_stat_part','zodino_pns.zodino_pns_20.zodino_pns_20.p1_on',325);
INSERT INTO out_argument VALUES('zodino_pns.zodino_pns_20.zodino_pns_20.get_stat_part','zodino_pns.zodino_pns_20.zodino_pns_20.p1_state_on',326);
INSERT INTO out_argument VALUES('zodino_pns.zodino_pns_20.zodino_pns_20.get_stat_part','zodino_pns.zodino_pns_20.zodino_pns_20.p1_state_off',327);
INSERT INTO out_argument VALUES('zodino_pns.zodino_pns_20.zodino_pns_20.get_stat_part','zodino_pns.zodino_pns_20.zodino_pns_20.p2_use_auto_off_on_event',332);
INSERT INTO out_argument VALUES('zodino_pns.zodino_pns_20.zodino_pns_20.get_stat_part','zodino_pns.zodino_pns_20.zodino_pns_20.p2_on',333);
INSERT INTO out_argument VALUES('zodino_pns.zodino_pns_20.zodino_pns_20.get_stat_part','zodino_pns.zodino_pns_20.zodino_pns_20.p2_state_on',334);
INSERT INTO out_argument VALUES('zodino_pns.zodino_pns_20.zodino_pns_20.get_stat_part','zodino_pns.zodino_pns_20.zodino_pns_20.p2_state_off',335);
INSERT INTO out_argument VALUES('zodino_pns.zodino_pns_20.zodino_pns_20.get_stat_part','zodino_pns.zodino_pns_20.zodino_pns_20.p3_use_auto_off_on_event',340);
INSERT INTO out_argument VALUES('zodino_pns.zodino_pns_20.zodino_pns_20.get_stat_part','zodino_pns.zodino_pns_20.zodino_pns_20.p3_on',341);
INSERT INTO out_argument VALUES('zodino_pns.zodino_pns_20.zodino_pns_20.get_stat_part','zodino_pns.zodino_pns_20.zodino_pns_20.p3_state_on',342);
INSERT INTO out_argument VALUES('zodino_pns.zodino_pns_20.zodino_pns_20.get_stat_part','zodino_pns.zodino_pns_20.zodino_pns_20.p3_state_off',343);
INSERT INTO out_argument VALUES('zodino_pns.zodino_pns_20.zodino_pns_20.get_stat_part','zodino_pns.zodino_pns_20.zodino_pns_20.p4_use_auto_off_on_event',348);
INSERT INTO out_argument VALUES('zodino_pns.zodino_pns_20.zodino_pns_20.get_stat_part','zodino_pns.zodino_pns_20.zodino_pns_20.p4_on',349);
INSERT INTO out_argument VALUES('zodino_pns.zodino_pns_20.zodino_pns_20.get_stat_part','zodino_pns.zodino_pns_20.zodino_pns_20.p4_state_on',350);
INSERT INTO out_argument VALUES('zodino_pns.zodino_pns_20.zodino_pns_20.get_stat_part','zodino_pns.zodino_pns_20.zodino_pns_20.p4_state_off',351);
INSERT INTO out_argument VALUES('zodino_pns.zodino_pns_20.zodino_pns_20.get_stat_part','zodino_pns.zodino_pns_20.zodino_pns_20.p5_use_auto_off_on_event',356);
INSERT INTO out_argument VALUES('zodino_pns.zodino_pns_20.zodino_pns_20.get_stat_part','zodino_pns.zodino_pns_20.zodino_pns_20.p5_on',357);
INSERT INTO out_argument VALUES('zodino_pns.zodino_pns_20.zodino_pns_20.get_stat_part','zodino_pns.zodino_pns_20.zodino_pns_20.p5_state_on',358);
INSERT INTO out_argument VALUES('zodino_pns.zodino_pns_20.zodino_pns_20.get_stat_part','zodino_pns.zodino_pns_20.zodino_pns_20.p5_state_off',359);
INSERT INTO out_argument VALUES('zodino_pns.zodino_pns_20.zodino_pns_20.get_stat_part','zodino_pns.zodino_pns_20.zodino_pns_20.abb_acs580_1_output_freq',368);
INSERT INTO out_argument VALUES('zodino_pns.zodino_pns_20.zodino_pns_20.get_stat_part','zodino_pns.zodino_pns_20.zodino_pns_20.abb_acs580_1_speed_engine',400);
INSERT INTO out_argument VALUES('zodino_pns.zodino_pns_20.zodino_pns_20.get_stat_part','zodino_pns.zodino_pns_20.zodino_pns_20.abb_acs580_1_amperage_engine',432);
INSERT INTO out_argument VALUES('zodino_pns.zodino_pns_20.zodino_pns_20.get_stat_part','zodino_pns.zodino_pns_20.zodino_pns_20.abb_acs580_1_voltage_engine',464);
INSERT INTO out_argument VALUES('zodino_pns.zodino_pns_20.zodino_pns_20.get_stat_part','zodino_pns.zodino_pns_20.zodino_pns_20.abb_acs580_1_power_engine',480);
INSERT INTO out_argument VALUES('zodino_pns.zodino_pns_20.zodino_pns_20.get_stat_part','zodino_pns.zodino_pns_20.zodino_pns_20.abb_acs580_1_invertor_power_gigawatt',512);
INSERT INTO out_argument VALUES('zodino_pns.zodino_pns_20.zodino_pns_20.get_stat_part','zodino_pns.zodino_pns_20.zodino_pns_20.abb_acs580_1_invertor_power_megawatt',528);
INSERT INTO out_argument VALUES('zodino_pns.zodino_pns_20.zodino_pns_20.get_stat_part','zodino_pns.zodino_pns_20.zodino_pns_20.abb_acs580_1_invertor_power_kilowatt',544);
INSERT INTO out_argument VALUES('zodino_pns.zodino_pns_20.zodino_pns_20.get_stat_part','zodino_pns.zodino_pns_20.zodino_pns_20.abb_acs580_1_disconnecion_reason',560);
INSERT INTO out_argument VALUES('zodino_pns.zodino_pns_20.zodino_pns_20.get_stat_part','zodino_pns.zodino_pns_20.zodino_pns_20.abb_acs580_1_set_freq',576);
INSERT INTO out_argument VALUES('zodino_pns.zodino_pns_20.zodino_pns_20.get_stat_part','zodino_pns.zodino_pns_20.zodino_pns_20.abb_acs580_1_fact_value',608);
INSERT INTO out_argument VALUES('zodino_pns.zodino_pns_20.zodino_pns_20.get_stat_part','zodino_pns.zodino_pns_20.zodino_pns_20.abb_acs580_1_set_pid',640);
INSERT INTO out_argument VALUES('zodino_pns.zodino_pns_20.zodino_pns_20.get_stat_part','zodino_pns.zodino_pns_20.zodino_pns_20.abb_acs580_1_ready',672);
INSERT INTO out_argument VALUES('zodino_pns.zodino_pns_20.zodino_pns_20.get_stat_part','zodino_pns.zodino_pns_20.zodino_pns_20.abb_acs580_1_ready_to_run',673);
INSERT INTO out_argument VALUES('zodino_pns.zodino_pns_20.zodino_pns_20.get_stat_part','zodino_pns.zodino_pns_20.zodino_pns_20.abb_acs580_1_ready_for_task',674);
INSERT INTO out_argument VALUES('zodino_pns.zodino_pns_20.zodino_pns_20.get_stat_part','zodino_pns.zodino_pns_20.zodino_pns_20.abb_acs580_1_rejection',675);
INSERT INTO out_argument VALUES('zodino_pns.zodino_pns_20.zodino_pns_20.get_stat_part','zodino_pns.zodino_pns_20.zodino_pns_20.abb_acs580_1_switch_2_inactiv',676);
INSERT INTO out_argument VALUES('zodino_pns.zodino_pns_20.zodino_pns_20.get_stat_part','zodino_pns.zodino_pns_20.zodino_pns_20.abb_acs580_1_switch_3_inactiv',677);
INSERT INTO out_argument VALUES('zodino_pns.zodino_pns_20.zodino_pns_20.get_stat_part','zodino_pns.zodino_pns_20.zodino_pns_20.abb_acs580_1_forbid_to_on',678);
INSERT INTO out_argument VALUES('zodino_pns.zodino_pns_20.zodino_pns_20.get_stat_part','zodino_pns.zodino_pns_20.zodino_pns_20.abb_acs580_1_alert',679);
INSERT INTO out_argument VALUES('zodino_pns.zodino_pns_20.zodino_pns_20.get_stat_part','zodino_pns.zodino_pns_20.zodino_pns_20.abb_acs580_1_drive_on_setting',680);
INSERT INTO out_argument VALUES('zodino_pns.zodino_pns_20.zodino_pns_20.get_stat_part','zodino_pns.zodino_pns_20.zodino_pns_20.abb_acs580_1_remote_mode',681);
INSERT INTO out_argument VALUES('zodino_pns.zodino_pns_20.zodino_pns_20.get_stat_part','zodino_pns.zodino_pns_20.zodino_pns_20.abb_acs580_1_too_high_speed_or_frequency',682);
INSERT INTO out_argument VALUES('zodino_pns.zodino_pns_20.zodino_pns_20.get_stat_part','zodino_pns.zodino_pns_20.zodino_pns_20.abb_acs580_1_custom1',683);
INSERT INTO out_argument VALUES('zodino_pns.zodino_pns_20.zodino_pns_20.get_stat_part','zodino_pns.zodino_pns_20.zodino_pns_20.abb_acs580_1_custom2',684);
INSERT INTO out_argument VALUES('zodino_pns.zodino_pns_20.zodino_pns_20.get_stat_part','zodino_pns.zodino_pns_20.zodino_pns_20.abb_acs580_1_custom3',685);
INSERT INTO out_argument VALUES('zodino_pns.zodino_pns_20.zodino_pns_20.get_stat_part','zodino_pns.zodino_pns_20.zodino_pns_20.abb_acs580_1_custom4',686);
INSERT INTO out_argument VALUES('zodino_pns.zodino_pns_20.zodino_pns_20.get_stat_part','zodino_pns.zodino_pns_20.zodino_pns_20.abb_acs580_1_address',688);
INSERT INTO out_argument VALUES('zodino_pns.zodino_pns_20.zodino_pns_20.get_stat_part','zodino_pns.zodino_pns_20.zodino_pns_20.abb_acs580_1_use_answer',696);
INSERT INTO out_argument VALUES('zodino_pns.zodino_pns_20.zodino_pns_20.get_stat_part','zodino_pns.zodino_pns_20.zodino_pns_20.abb_acs580_1_common_alm',697);
INSERT INTO out_argument VALUES('zodino_pns.zodino_pns_20.zodino_pns_20.get_stat_part','zodino_pns.zodino_pns_20.zodino_pns_20.abb_acs580_1_not_answer',698);
INSERT INTO out_argument VALUES('zodino_pns.zodino_pns_20.zodino_pns_20.get_stat_part','zodino_pns.zodino_pns_20.zodino_pns_20.abb_acs580_1_use',699);
INSERT INTO out_argument VALUES('zodino_pns.zodino_pns_20.zodino_pns_20.get_stat_part','zodino_pns.zodino_pns_20.zodino_pns_20.abb_acs580_2_output_freq',704);
INSERT INTO out_argument VALUES('zodino_pns.zodino_pns_20.zodino_pns_20.get_stat_part','zodino_pns.zodino_pns_20.zodino_pns_20.abb_acs580_2_speed_engine',736);
INSERT INTO out_argument VALUES('zodino_pns.zodino_pns_20.zodino_pns_20.get_stat_part','zodino_pns.zodino_pns_20.zodino_pns_20.abb_acs580_2_amperage_engine',768);
INSERT INTO out_argument VALUES('zodino_pns.zodino_pns_20.zodino_pns_20.get_stat_part','zodino_pns.zodino_pns_20.zodino_pns_20.abb_acs580_2_voltage_engine',800);
INSERT INTO out_argument VALUES('zodino_pns.zodino_pns_20.zodino_pns_20.get_stat_part','zodino_pns.zodino_pns_20.zodino_pns_20.abb_acs580_2_power_engine',816);
INSERT INTO out_argument VALUES('zodino_pns.zodino_pns_20.zodino_pns_20.get_stat_part','zodino_pns.zodino_pns_20.zodino_pns_20.abb_acs580_2_invertor_power_gigawatt',848);
INSERT INTO out_argument VALUES('zodino_pns.zodino_pns_20.zodino_pns_20.get_stat_part','zodino_pns.zodino_pns_20.zodino_pns_20.abb_acs580_2_invertor_power_megawatt',864);
INSERT INTO out_argument VALUES('zodino_pns.zodino_pns_20.zodino_pns_20.get_stat_part','zodino_pns.zodino_pns_20.zodino_pns_20.abb_acs580_2_invertor_power_kilowatt',880);
INSERT INTO out_argument VALUES('zodino_pns.zodino_pns_20.zodino_pns_20.get_stat_part','zodino_pns.zodino_pns_20.zodino_pns_20.abb_acs580_2_disconnecion_reason',896);
INSERT INTO out_argument VALUES('zodino_pns.zodino_pns_20.zodino_pns_20.get_stat_part','zodino_pns.zodino_pns_20.zodino_pns_20.abb_acs580_2_set_freq',912);
INSERT INTO out_argument VALUES('zodino_pns.zodino_pns_20.zodino_pns_20.get_stat_part','zodino_pns.zodino_pns_20.zodino_pns_20.abb_acs580_2_fact_value',944);
INSERT INTO out_argument VALUES('zodino_pns.zodino_pns_20.zodino_pns_20.get_stat_part','zodino_pns.zodino_pns_20.zodino_pns_20.abb_acs580_2_set_pid',976);
INSERT INTO out_argument VALUES('zodino_pns.zodino_pns_20.zodino_pns_20.get_stat_part','zodino_pns.zodino_pns_20.zodino_pns_20.abb_acs580_2_ready',1008);
INSERT INTO out_argument VALUES('zodino_pns.zodino_pns_20.zodino_pns_20.get_stat_part','zodino_pns.zodino_pns_20.zodino_pns_20.abb_acs580_2_ready_to_run',1009);
INSERT INTO out_argument VALUES('zodino_pns.zodino_pns_20.zodino_pns_20.get_stat_part','zodino_pns.zodino_pns_20.zodino_pns_20.abb_acs580_2_ready_for_task',1010);
INSERT INTO out_argument VALUES('zodino_pns.zodino_pns_20.zodino_pns_20.get_stat_part','zodino_pns.zodino_pns_20.zodino_pns_20.abb_acs580_2_rejection',1011);
INSERT INTO out_argument VALUES('zodino_pns.zodino_pns_20.zodino_pns_20.get_stat_part','zodino_pns.zodino_pns_20.zodino_pns_20.abb_acs580_2_switch_2_inactiv',1012);
INSERT INTO out_argument VALUES('zodino_pns.zodino_pns_20.zodino_pns_20.get_stat_part','zodino_pns.zodino_pns_20.zodino_pns_20.abb_acs580_2_switch_3_inactiv',1013);
INSERT INTO out_argument VALUES('zodino_pns.zodino_pns_20.zodino_pns_20.get_stat_part','zodino_pns.zodino_pns_20.zodino_pns_20.abb_acs580_2_forbid_to_on',1014);
INSERT INTO out_argument VALUES('zodino_pns.zodino_pns_20.zodino_pns_20.get_stat_part','zodino_pns.zodino_pns_20.zodino_pns_20.abb_acs580_2_alert',1015);
INSERT INTO out_argument VALUES('zodino_pns.zodino_pns_20.zodino_pns_20.get_stat_part','zodino_pns.zodino_pns_20.zodino_pns_20.abb_acs580_2_drive_on_setting',1016);
INSERT INTO out_argument VALUES('zodino_pns.zodino_pns_20.zodino_pns_20.get_stat_part','zodino_pns.zodino_pns_20.zodino_pns_20.abb_acs580_2_remote_mode',1017);
INSERT INTO out_argument VALUES('zodino_pns.zodino_pns_20.zodino_pns_20.get_stat_part','zodino_pns.zodino_pns_20.zodino_pns_20.abb_acs580_2_too_high_speed_or_frequency',1018);
INSERT INTO out_argument VALUES('zodino_pns.zodino_pns_20.zodino_pns_20.get_stat_part','zodino_pns.zodino_pns_20.zodino_pns_20.abb_acs580_2_custom1',1019);
INSERT INTO out_argument VALUES('zodino_pns.zodino_pns_20.zodino_pns_20.get_stat_part','zodino_pns.zodino_pns_20.zodino_pns_20.abb_acs580_2_custom2',1020);
INSERT INTO out_argument VALUES('zodino_pns.zodino_pns_20.zodino_pns_20.get_stat_part','zodino_pns.zodino_pns_20.zodino_pns_20.abb_acs580_2_custom3',1021);
INSERT INTO out_argument VALUES('zodino_pns.zodino_pns_20.zodino_pns_20.get_stat_part','zodino_pns.zodino_pns_20.zodino_pns_20.abb_acs580_2_custom4',1022);
INSERT INTO out_argument VALUES('zodino_pns.zodino_pns_20.zodino_pns_20.get_stat_part','zodino_pns.zodino_pns_20.zodino_pns_20.abb_acs580_2_address',1024);
INSERT INTO out_argument VALUES('zodino_pns.zodino_pns_20.zodino_pns_20.get_stat_part','zodino_pns.zodino_pns_20.zodino_pns_20.abb_acs580_2_use_answer',1032);
INSERT INTO out_argument VALUES('zodino_pns.zodino_pns_20.zodino_pns_20.get_stat_part','zodino_pns.zodino_pns_20.zodino_pns_20.abb_acs580_2_common_alm',1033);
INSERT INTO out_argument VALUES('zodino_pns.zodino_pns_20.zodino_pns_20.get_stat_part','zodino_pns.zodino_pns_20.zodino_pns_20.abb_acs580_2_not_answer',1034);
INSERT INTO out_argument VALUES('zodino_pns.zodino_pns_20.zodino_pns_20.get_stat_part','zodino_pns.zodino_pns_20.zodino_pns_20.abb_acs580_2_use',1035);
INSERT INTO out_argument VALUES('zodino_pns.zodino_pns_20.zodino_pns_20.get_stat_part','zodino_pns.zodino_pns_20.zodino_pns_20.abb_acs580_3_output_freq',1040);
INSERT INTO out_argument VALUES('zodino_pns.zodino_pns_20.zodino_pns_20.get_stat_part','zodino_pns.zodino_pns_20.zodino_pns_20.abb_acs580_3_speed_engine',1072);
INSERT INTO out_argument VALUES('zodino_pns.zodino_pns_20.zodino_pns_20.get_stat_part','zodino_pns.zodino_pns_20.zodino_pns_20.abb_acs580_3_amperage_engine',1104);
INSERT INTO out_argument VALUES('zodino_pns.zodino_pns_20.zodino_pns_20.get_stat_part','zodino_pns.zodino_pns_20.zodino_pns_20.abb_acs580_3_voltage_engine',1136);
INSERT INTO out_argument VALUES('zodino_pns.zodino_pns_20.zodino_pns_20.get_stat_part','zodino_pns.zodino_pns_20.zodino_pns_20.abb_acs580_3_power_engine',1152);
INSERT INTO out_argument VALUES('zodino_pns.zodino_pns_20.zodino_pns_20.get_stat_part','zodino_pns.zodino_pns_20.zodino_pns_20.abb_acs580_3_invertor_power_gigawatt',1184);
INSERT INTO out_argument VALUES('zodino_pns.zodino_pns_20.zodino_pns_20.get_stat_part','zodino_pns.zodino_pns_20.zodino_pns_20.abb_acs580_3_invertor_power_megawatt',1200);
INSERT INTO out_argument VALUES('zodino_pns.zodino_pns_20.zodino_pns_20.get_stat_part','zodino_pns.zodino_pns_20.zodino_pns_20.abb_acs580_3_invertor_power_kilowatt',1216);
INSERT INTO out_argument VALUES('zodino_pns.zodino_pns_20.zodino_pns_20.get_stat_part','zodino_pns.zodino_pns_20.zodino_pns_20.abb_acs580_3_disconnecion_reason',1232);
INSERT INTO out_argument VALUES('zodino_pns.zodino_pns_20.zodino_pns_20.get_stat_part','zodino_pns.zodino_pns_20.zodino_pns_20.abb_acs580_3_set_freq',1248);
INSERT INTO out_argument VALUES('zodino_pns.zodino_pns_20.zodino_pns_20.get_stat_part','zodino_pns.zodino_pns_20.zodino_pns_20.abb_acs580_3_fact_value',1280);
INSERT INTO out_argument VALUES('zodino_pns.zodino_pns_20.zodino_pns_20.get_stat_part','zodino_pns.zodino_pns_20.zodino_pns_20.abb_acs580_3_set_pid',1312);
INSERT INTO out_argument VALUES('zodino_pns.zodino_pns_20.zodino_pns_20.get_stat_part','zodino_pns.zodino_pns_20.zodino_pns_20.abb_acs580_3_ready',1344);
INSERT INTO out_argument VALUES('zodino_pns.zodino_pns_20.zodino_pns_20.get_stat_part','zodino_pns.zodino_pns_20.zodino_pns_20.abb_acs580_3_ready_to_run',1345);
INSERT INTO out_argument VALUES('zodino_pns.zodino_pns_20.zodino_pns_20.get_stat_part','zodino_pns.zodino_pns_20.zodino_pns_20.abb_acs580_3_ready_for_task',1346);
INSERT INTO out_argument VALUES('zodino_pns.zodino_pns_20.zodino_pns_20.get_stat_part','zodino_pns.zodino_pns_20.zodino_pns_20.abb_acs580_3_rejection',1347);
INSERT INTO out_argument VALUES('zodino_pns.zodino_pns_20.zodino_pns_20.get_stat_part','zodino_pns.zodino_pns_20.zodino_pns_20.abb_acs580_3_switch_2_inactiv',1348);
INSERT INTO out_argument VALUES('zodino_pns.zodino_pns_20.zodino_pns_20.get_stat_part','zodino_pns.zodino_pns_20.zodino_pns_20.abb_acs580_3_switch_3_inactiv',1349);
INSERT INTO out_argument VALUES('zodino_pns.zodino_pns_20.zodino_pns_20.get_stat_part','zodino_pns.zodino_pns_20.zodino_pns_20.abb_acs580_3_forbid_to_on',1350);
INSERT INTO out_argument VALUES('zodino_pns.zodino_pns_20.zodino_pns_20.get_stat_part','zodino_pns.zodino_pns_20.zodino_pns_20.abb_acs580_3_alert',1351);
INSERT INTO out_argument VALUES('zodino_pns.zodino_pns_20.zodino_pns_20.get_stat_part','zodino_pns.zodino_pns_20.zodino_pns_20.abb_acs580_3_drive_on_setting',1352);
INSERT INTO out_argument VALUES('zodino_pns.zodino_pns_20.zodino_pns_20.get_stat_part','zodino_pns.zodino_pns_20.zodino_pns_20.abb_acs580_3_remote_mode',1353);
INSERT INTO out_argument VALUES('zodino_pns.zodino_pns_20.zodino_pns_20.get_stat_part','zodino_pns.zodino_pns_20.zodino_pns_20.abb_acs580_3_too_high_speed_or_frequency',1354);
INSERT INTO out_argument VALUES('zodino_pns.zodino_pns_20.zodino_pns_20.get_stat_part','zodino_pns.zodino_pns_20.zodino_pns_20.abb_acs580_3_custom1',1355);
INSERT INTO out_argument VALUES('zodino_pns.zodino_pns_20.zodino_pns_20.get_stat_part','zodino_pns.zodino_pns_20.zodino_pns_20.abb_acs580_3_custom2',1356);
INSERT INTO out_argument VALUES('zodino_pns.zodino_pns_20.zodino_pns_20.get_stat_part','zodino_pns.zodino_pns_20.zodino_pns_20.abb_acs580_3_custom3',1357);
INSERT INTO out_argument VALUES('zodino_pns.zodino_pns_20.zodino_pns_20.get_stat_part','zodino_pns.zodino_pns_20.zodino_pns_20.abb_acs580_3_custom4',1358);
INSERT INTO out_argument VALUES('zodino_pns.zodino_pns_20.zodino_pns_20.get_stat_part','zodino_pns.zodino_pns_20.zodino_pns_20.abb_acs580_3_address',1360);
INSERT INTO out_argument VALUES('zodino_pns.zodino_pns_20.zodino_pns_20.get_stat_part','zodino_pns.zodino_pns_20.zodino_pns_20.abb_acs580_3_use_answer',1368);
INSERT INTO out_argument VALUES('zodino_pns.zodino_pns_20.zodino_pns_20.get_stat_part','zodino_pns.zodino_pns_20.zodino_pns_20.abb_acs580_3_common_alm',1369);
INSERT INTO out_argument VALUES('zodino_pns.zodino_pns_20.zodino_pns_20.get_stat_part','zodino_pns.zodino_pns_20.zodino_pns_20.abb_acs580_3_not_answer',1370);
INSERT INTO out_argument VALUES('zodino_pns.zodino_pns_20.zodino_pns_20.get_stat_part','zodino_pns.zodino_pns_20.zodino_pns_20.abb_acs580_3_use',1371);
INSERT INTO out_argument VALUES('zodino_pns.zodino_pns_20.zodino_pns_20.get_stat_part','zodino_pns.zodino_pns_20.zodino_pns_20.abb_acs580_4_output_freq',1376);
INSERT INTO out_argument VALUES('zodino_pns.zodino_pns_20.zodino_pns_20.get_stat_part','zodino_pns.zodino_pns_20.zodino_pns_20.abb_acs580_4_speed_engine',1408);
INSERT INTO out_argument VALUES('zodino_pns.zodino_pns_20.zodino_pns_20.get_stat_part','zodino_pns.zodino_pns_20.zodino_pns_20.abb_acs580_4_amperage_engine',1440);
INSERT INTO out_argument VALUES('zodino_pns.zodino_pns_20.zodino_pns_20.get_stat_part','zodino_pns.zodino_pns_20.zodino_pns_20.abb_acs580_4_voltage_engine',1472);
INSERT INTO out_argument VALUES('zodino_pns.zodino_pns_20.zodino_pns_20.get_stat_part','zodino_pns.zodino_pns_20.zodino_pns_20.abb_acs580_4_power_engine',1488);
INSERT INTO out_argument VALUES('zodino_pns.zodino_pns_20.zodino_pns_20.get_stat_part','zodino_pns.zodino_pns_20.zodino_pns_20.abb_acs580_4_invertor_power_gigawatt',1520);
INSERT INTO out_argument VALUES('zodino_pns.zodino_pns_20.zodino_pns_20.get_stat_part','zodino_pns.zodino_pns_20.zodino_pns_20.abb_acs580_4_invertor_power_megawatt',1536);
INSERT INTO out_argument VALUES('zodino_pns.zodino_pns_20.zodino_pns_20.get_stat_part','zodino_pns.zodino_pns_20.zodino_pns_20.abb_acs580_4_invertor_power_kilowatt',1552);
INSERT INTO out_argument VALUES('zodino_pns.zodino_pns_20.zodino_pns_20.get_stat_part','zodino_pns.zodino_pns_20.zodino_pns_20.abb_acs580_4_disconnecion_reason',1568);
INSERT INTO out_argument VALUES('zodino_pns.zodino_pns_20.zodino_pns_20.get_stat_part','zodino_pns.zodino_pns_20.zodino_pns_20.abb_acs580_4_set_freq',1584);
INSERT INTO out_argument VALUES('zodino_pns.zodino_pns_20.zodino_pns_20.get_stat_part','zodino_pns.zodino_pns_20.zodino_pns_20.abb_acs580_4_fact_value',1616);
INSERT INTO out_argument VALUES('zodino_pns.zodino_pns_20.zodino_pns_20.get_stat_part','zodino_pns.zodino_pns_20.zodino_pns_20.abb_acs580_4_set_pid',1648);
INSERT INTO out_argument VALUES('zodino_pns.zodino_pns_20.zodino_pns_20.get_stat_part','zodino_pns.zodino_pns_20.zodino_pns_20.abb_acs580_4_ready',1680);
INSERT INTO out_argument VALUES('zodino_pns.zodino_pns_20.zodino_pns_20.get_stat_part','zodino_pns.zodino_pns_20.zodino_pns_20.abb_acs580_4_ready_to_run',1681);
INSERT INTO out_argument VALUES('zodino_pns.zodino_pns_20.zodino_pns_20.get_stat_part','zodino_pns.zodino_pns_20.zodino_pns_20.abb_acs580_4_ready_for_task',1682);
INSERT INTO out_argument VALUES('zodino_pns.zodino_pns_20.zodino_pns_20.get_stat_part','zodino_pns.zodino_pns_20.zodino_pns_20.abb_acs580_4_rejection',1683);
INSERT INTO out_argument VALUES('zodino_pns.zodino_pns_20.zodino_pns_20.get_stat_part','zodino_pns.zodino_pns_20.zodino_pns_20.abb_acs580_4_switch_2_inactiv',1684);
INSERT INTO out_argument VALUES('zodino_pns.zodino_pns_20.zodino_pns_20.get_stat_part','zodino_pns.zodino_pns_20.zodino_pns_20.abb_acs580_4_switch_3_inactiv',1685);
INSERT INTO out_argument VALUES('zodino_pns.zodino_pns_20.zodino_pns_20.get_stat_part','zodino_pns.zodino_pns_20.zodino_pns_20.abb_acs580_4_forbid_to_on',1686);
INSERT INTO out_argument VALUES('zodino_pns.zodino_pns_20.zodino_pns_20.get_stat_part','zodino_pns.zodino_pns_20.zodino_pns_20.abb_acs580_4_alert',1687);
INSERT INTO out_argument VALUES('zodino_pns.zodino_pns_20.zodino_pns_20.get_stat_part','zodino_pns.zodino_pns_20.zodino_pns_20.abb_acs580_4_drive_on_setting',1688);
INSERT INTO out_argument VALUES('zodino_pns.zodino_pns_20.zodino_pns_20.get_stat_part','zodino_pns.zodino_pns_20.zodino_pns_20.abb_acs580_4_remote_mode',1689);
INSERT INTO out_argument VALUES('zodino_pns.zodino_pns_20.zodino_pns_20.get_stat_part','zodino_pns.zodino_pns_20.zodino_pns_20.abb_acs580_4_too_high_speed_or_frequency',1690);
INSERT INTO out_argument VALUES('zodino_pns.zodino_pns_20.zodino_pns_20.get_stat_part','zodino_pns.zodino_pns_20.zodino_pns_20.abb_acs580_4_custom1',1691);
INSERT INTO out_argument VALUES('zodino_pns.zodino_pns_20.zodino_pns_20.get_stat_part','zodino_pns.zodino_pns_20.zodino_pns_20.abb_acs580_4_custom2',1692);
INSERT INTO out_argument VALUES('zodino_pns.zodino_pns_20.zodino_pns_20.get_stat_part','zodino_pns.zodino_pns_20.zodino_pns_20.abb_acs580_4_custom3',1693);
INSERT INTO out_argument VALUES('zodino_pns.zodino_pns_20.zodino_pns_20.get_stat_part','zodino_pns.zodino_pns_20.zodino_pns_20.abb_acs580_4_custom4',1694);
INSERT INTO out_argument VALUES('zodino_pns.zodino_pns_20.zodino_pns_20.get_stat_part','zodino_pns.zodino_pns_20.zodino_pns_20.abb_acs580_4_address',1696);
INSERT INTO out_argument VALUES('zodino_pns.zodino_pns_20.zodino_pns_20.get_stat_part','zodino_pns.zodino_pns_20.zodino_pns_20.abb_acs580_4_use_answer',1704);
INSERT INTO out_argument VALUES('zodino_pns.zodino_pns_20.zodino_pns_20.get_stat_part','zodino_pns.zodino_pns_20.zodino_pns_20.abb_acs580_4_common_alm',1705);
INSERT INTO out_argument VALUES('zodino_pns.zodino_pns_20.zodino_pns_20.get_stat_part','zodino_pns.zodino_pns_20.zodino_pns_20.abb_acs580_4_not_answer',1706);
INSERT INTO out_argument VALUES('zodino_pns.zodino_pns_20.zodino_pns_20.get_stat_part','zodino_pns.zodino_pns_20.zodino_pns_20.abb_acs580_4_use',1707);
INSERT INTO out_argument VALUES('zodino_pns.zodino_pns_20.zodino_pns_20.get_stat_part','zodino_pns.zodino_pns_20.zodino_pns_20.abb_acs580_5_output_freq',1712);
INSERT INTO out_argument VALUES('zodino_pns.zodino_pns_20.zodino_pns_20.get_stat_part','zodino_pns.zodino_pns_20.zodino_pns_20.abb_acs580_5_speed_engine',1744);
INSERT INTO out_argument VALUES('zodino_pns.zodino_pns_20.zodino_pns_20.get_stat_part','zodino_pns.zodino_pns_20.zodino_pns_20.abb_acs580_5_amperage_engine',1776);
INSERT INTO out_argument VALUES('zodino_pns.zodino_pns_20.zodino_pns_20.get_stat_part','zodino_pns.zodino_pns_20.zodino_pns_20.abb_acs580_5_voltage_engine',1808);
INSERT INTO out_argument VALUES('zodino_pns.zodino_pns_20.zodino_pns_20.get_stat_part','zodino_pns.zodino_pns_20.zodino_pns_20.abb_acs580_5_power_engine',1824);
INSERT INTO out_argument VALUES('zodino_pns.zodino_pns_20.zodino_pns_20.get_stat_part','zodino_pns.zodino_pns_20.zodino_pns_20.abb_acs580_5_invertor_power_gigawatt',1856);
INSERT INTO out_argument VALUES('zodino_pns.zodino_pns_20.zodino_pns_20.get_stat_part','zodino_pns.zodino_pns_20.zodino_pns_20.abb_acs580_5_invertor_power_megawatt',1872);
INSERT INTO out_argument VALUES('zodino_pns.zodino_pns_20.zodino_pns_20.get_stat_part','zodino_pns.zodino_pns_20.zodino_pns_20.abb_acs580_5_invertor_power_kilowatt',1888);
INSERT INTO out_argument VALUES('zodino_pns.zodino_pns_20.zodino_pns_20.get_stat_part','zodino_pns.zodino_pns_20.zodino_pns_20.abb_acs580_5_disconnecion_reason',1904);
INSERT INTO out_argument VALUES('zodino_pns.zodino_pns_20.zodino_pns_20.get_stat_part','zodino_pns.zodino_pns_20.zodino_pns_20.abb_acs580_5_set_freq',1920);
INSERT INTO out_argument VALUES('zodino_pns.zodino_pns_20.zodino_pns_20.get_stat_part','zodino_pns.zodino_pns_20.zodino_pns_20.abb_acs580_5_fact_value',1952);
INSERT INTO out_argument VALUES('zodino_pns.zodino_pns_20.zodino_pns_20.get_stat_part','zodino_pns.zodino_pns_20.zodino_pns_20.abb_acs580_5_set_pid',1984);
INSERT INTO out_argument VALUES('zodino_pns.zodino_pns_20.zodino_pns_20.get_stat_part','zodino_pns.zodino_pns_20.zodino_pns_20.abb_acs580_5_ready',2016);
INSERT INTO out_argument VALUES('zodino_pns.zodino_pns_20.zodino_pns_20.get_stat_part','zodino_pns.zodino_pns_20.zodino_pns_20.abb_acs580_5_ready_to_run',2017);
INSERT INTO out_argument VALUES('zodino_pns.zodino_pns_20.zodino_pns_20.get_stat_part','zodino_pns.zodino_pns_20.zodino_pns_20.abb_acs580_5_ready_for_task',2018);
INSERT INTO out_argument VALUES('zodino_pns.zodino_pns_20.zodino_pns_20.get_stat_part','zodino_pns.zodino_pns_20.zodino_pns_20.abb_acs580_5_rejection',2019);
INSERT INTO out_argument VALUES('zodino_pns.zodino_pns_20.zodino_pns_20.get_stat_part','zodino_pns.zodino_pns_20.zodino_pns_20.abb_acs580_5_switch_2_inactiv',2020);
INSERT INTO out_argument VALUES('zodino_pns.zodino_pns_20.zodino_pns_20.get_stat_part','zodino_pns.zodino_pns_20.zodino_pns_20.abb_acs580_5_switch_3_inactiv',2021);
INSERT INTO out_argument VALUES('zodino_pns.zodino_pns_20.zodino_pns_20.get_stat_part','zodino_pns.zodino_pns_20.zodino_pns_20.abb_acs580_5_forbid_to_on',2022);
INSERT INTO out_argument VALUES('zodino_pns.zodino_pns_20.zodino_pns_20.get_stat_part','zodino_pns.zodino_pns_20.zodino_pns_20.abb_acs580_5_alert',2023);
INSERT INTO out_argument VALUES('zodino_pns.zodino_pns_20.zodino_pns_20.get_stat_part','zodino_pns.zodino_pns_20.zodino_pns_20.abb_acs580_5_drive_on_setting',2024);
INSERT INTO out_argument VALUES('zodino_pns.zodino_pns_20.zodino_pns_20.get_stat_part','zodino_pns.zodino_pns_20.zodino_pns_20.abb_acs580_5_remote_mode',2025);
INSERT INTO out_argument VALUES('zodino_pns.zodino_pns_20.zodino_pns_20.get_stat_part','zodino_pns.zodino_pns_20.zodino_pns_20.abb_acs580_5_too_high_speed_or_frequency',2026);
INSERT INTO out_argument VALUES('zodino_pns.zodino_pns_20.zodino_pns_20.get_stat_part','zodino_pns.zodino_pns_20.zodino_pns_20.abb_acs580_5_custom1',2027);
INSERT INTO out_argument VALUES('zodino_pns.zodino_pns_20.zodino_pns_20.get_stat_part','zodino_pns.zodino_pns_20.zodino_pns_20.abb_acs580_5_custom2',2028);
INSERT INTO out_argument VALUES('zodino_pns.zodino_pns_20.zodino_pns_20.get_stat_part','zodino_pns.zodino_pns_20.zodino_pns_20.abb_acs580_5_custom3',2029);
INSERT INTO out_argument VALUES('zodino_pns.zodino_pns_20.zodino_pns_20.get_stat_part','zodino_pns.zodino_pns_20.zodino_pns_20.abb_acs580_5_custom4',2030);
INSERT INTO out_argument VALUES('zodino_pns.zodino_pns_20.zodino_pns_20.get_stat_part','zodino_pns.zodino_pns_20.zodino_pns_20.abb_acs580_5_address',2032);
INSERT INTO out_argument VALUES('zodino_pns.zodino_pns_20.zodino_pns_20.get_stat_part','zodino_pns.zodino_pns_20.zodino_pns_20.abb_acs580_5_use_answer',2040);
INSERT INTO out_argument VALUES('zodino_pns.zodino_pns_20.zodino_pns_20.get_stat_part','zodino_pns.zodino_pns_20.zodino_pns_20.abb_acs580_5_common_alm',2041);
INSERT INTO out_argument VALUES('zodino_pns.zodino_pns_20.zodino_pns_20.get_stat_part','zodino_pns.zodino_pns_20.zodino_pns_20.abb_acs580_5_not_answer',2042);
INSERT INTO out_argument VALUES('zodino_pns.zodino_pns_20.zodino_pns_20.get_stat_part','zodino_pns.zodino_pns_20.zodino_pns_20.abb_acs580_5_use',2043);
INSERT INTO out_argument VALUES('zodino_pns.zodino_pns_20.zodino_pns_20.get_stat_part','zodino_pns.zodino_pns_20.zodino_pns_20.fc_current_task',2048);
INSERT INTO out_argument VALUES('zodino_pns.zodino_pns_20.zodino_pns_20.get_stat_part','zodino_pns.zodino_pns_20.zodino_pns_20.fc_work_mode',2056);
INSERT INTO out_argument VALUES('zodino_pns.zodino_pns_20.zodino_pns_20.get_stat_part','zodino_pns.zodino_pns_20.zodino_pns_20.rs_time_rotation_hour',2064);
INSERT INTO out_argument VALUES('zodino_pns.zodino_pns_20.zodino_pns_20.get_stat_part','zodino_pns.zodino_pns_20.zodino_pns_20.rs_time_rotation_minute',2072);
INSERT INTO out_argument VALUES('zodino_pns.zodino_pns_20.zodino_pns_20.get_stat_part','zodino_pns.zodino_pns_20.zodino_pns_20.rs_period_rotation',2080);
INSERT INTO out_argument VALUES('zodino_pns.zodino_pns_20.zodino_pns_20.get_stat_part','zodino_pns.zodino_pns_20.zodino_pns_20.rs_p1_use_rotation',2096);
INSERT INTO out_argument VALUES('zodino_pns.zodino_pns_20.zodino_pns_20.get_stat_part','zodino_pns.zodino_pns_20.zodino_pns_20.rs_p2_use_rotation',2097);
INSERT INTO out_argument VALUES('zodino_pns.zodino_pns_20.zodino_pns_20.get_stat_part','zodino_pns.zodino_pns_20.zodino_pns_20.rs_p3_use_rotation',2098);
INSERT INTO out_argument VALUES('zodino_pns.zodino_pns_20.zodino_pns_20.get_stat_part','zodino_pns.zodino_pns_20.zodino_pns_20.rs_p4_use_rotation',2099);
INSERT INTO out_argument VALUES('zodino_pns.zodino_pns_20.zodino_pns_20.get_stat_part','zodino_pns.zodino_pns_20.zodino_pns_20.rs_p5_use_rotation',2100);
INSERT INTO out_argument VALUES('zodino_pns.zodino_pns_20.zodino_pns_20.get_stat_part','zodino_pns.zodino_pns_20.zodino_pns_20.rs_use_time_rotation',2104);
INSERT INTO out_argument VALUES('zodino_pns.zodino_pns_20.zodino_pns_20.get_stat_part','zodino_pns.zodino_pns_20.zodino_pns_20.rs_use_rotation_via_period',2105);
INSERT INTO out_argument VALUES('zodino_pns.zodino_pns_20.zodino_pns_20.get_stat_part','zodino_pns.zodino_pns_20.zodino_pns_20.rs_need_rotation',2106);
INSERT INTO out_argument VALUES('zodino_pns.zodino_pns_20.zodino_pns_20.get_stat_part','zodino_pns.zodino_pns_20.zodino_pns_20.alm_time_incorrect',2112);
INSERT INTO out_argument VALUES('zodino_pns.zodino_pns_20.zodino_pns_20.get_stat_part','zodino_pns.zodino_pns_20.zodino_pns_20.alm_water',2113);
INSERT INTO out_argument VALUES('zodino_pns.zodino_pns_20.zodino_pns_20.get_stat_part','zodino_pns.zodino_pns_20.zodino_pns_20.alm_nsd',2114);
INSERT INTO out_argument VALUES('zodino_pns.zodino_pns_20.zodino_pns_20.get_stat_part','zodino_pns.zodino_pns_20.zodino_pns_20.alm_power',2115);
INSERT INTO out_argument VALUES('zodino_pns.zodino_pns_20.zodino_pns_20.get_stat_part','zodino_pns.zodino_pns_20.zodino_pns_20.alm_block_di1_not_answer',2116);
INSERT INTO out_argument VALUES('zodino_pns.zodino_pns_20.zodino_pns_20.get_stat_part','zodino_pns.zodino_pns_20.zodino_pns_20.alm_block_di2_not_answer',2117);
INSERT INTO out_argument VALUES('zodino_pns.zodino_pns_20.zodino_pns_20.get_stat_part','zodino_pns.zodino_pns_20.zodino_pns_20.alm_block_do1_not_answer',2118);
INSERT INTO out_argument VALUES('zodino_pns.zodino_pns_20.zodino_pns_20.get_stat_part','zodino_pns.zodino_pns_20.zodino_pns_20.alm_block_rs485_1_not_answer',2119);
INSERT INTO out_argument VALUES('zodino_pns.zodino_pns_20.zodino_pns_20.get_stat_part','zodino_pns.zodino_pns_20.zodino_pns_20.alm_block_rs485_2_not_answer',2120);
INSERT INTO out_argument VALUES('zodino_pns.zodino_pns_20.zodino_pns_20.get_stat_part','zodino_pns.zodino_pns_20.zodino_pns_20.mode_alm_nsd',2128);
INSERT INTO out_argument VALUES('zodino_pns.zodino_pns_20.zodino_pns_20.get_stat_part','zodino_pns.zodino_pns_20.zodino_pns_20.p1_mode',2136);
INSERT INTO out_argument VALUES('zodino_pns.zodino_pns_20.zodino_pns_20.get_stat_part','zodino_pns.zodino_pns_20.zodino_pns_20.p2_mode',2137);
INSERT INTO out_argument VALUES('zodino_pns.zodino_pns_20.zodino_pns_20.get_stat_part','zodino_pns.zodino_pns_20.zodino_pns_20.p3_mode',2138);
INSERT INTO out_argument VALUES('zodino_pns.zodino_pns_20.zodino_pns_20.get_stat_part','zodino_pns.zodino_pns_20.zodino_pns_20.p4_mode',2139);
INSERT INTO out_argument VALUES('zodino_pns.zodino_pns_20.zodino_pns_20.get_stat_part','zodino_pns.zodino_pns_20.zodino_pns_20.p5_mode',2140);
INSERT INTO out_argument VALUES('zodino_pns.zodino_pns_20.zodino_pns_20.get_stat_part','zodino_pns.zodino_pns_20.zodino_pns_20.p1_state',2144);
INSERT INTO out_argument VALUES('zodino_pns.zodino_pns_20.zodino_pns_20.get_stat_part','zodino_pns.zodino_pns_20.zodino_pns_20.p2_state',2145);
INSERT INTO out_argument VALUES('zodino_pns.zodino_pns_20.zodino_pns_20.get_stat_part','zodino_pns.zodino_pns_20.zodino_pns_20.p3_state',2146);
INSERT INTO out_argument VALUES('zodino_pns.zodino_pns_20.zodino_pns_20.get_stat_part','zodino_pns.zodino_pns_20.zodino_pns_20.p4_state',2147);
INSERT INTO out_argument VALUES('zodino_pns.zodino_pns_20.zodino_pns_20.get_stat_part','zodino_pns.zodino_pns_20.zodino_pns_20.p5_state',2148);
INSERT INTO out_argument VALUES('zodino_pns.zodino_pns_20.zodino_pns_20.get_stat_part','zodino_pns.zodino_pns_20.zodino_pns_20.time_work_p1_minute',2152);
INSERT INTO out_argument VALUES('zodino_pns.zodino_pns_20.zodino_pns_20.get_stat_part','zodino_pns.zodino_pns_20.zodino_pns_20.time_work_p2_minute',2160);
INSERT INTO out_argument VALUES('zodino_pns.zodino_pns_20.zodino_pns_20.get_stat_part','zodino_pns.zodino_pns_20.zodino_pns_20.time_work_p3_minute',2168);
INSERT INTO out_argument VALUES('zodino_pns.zodino_pns_20.zodino_pns_20.get_stat_part','zodino_pns.zodino_pns_20.zodino_pns_20.time_work_p4_minute',2176);
INSERT INTO out_argument VALUES('zodino_pns.zodino_pns_20.zodino_pns_20.get_stat_part','zodino_pns.zodino_pns_20.zodino_pns_20.time_work_p5_minute',2184);
INSERT INTO out_argument VALUES('zodino_pns.zodino_pns_20.zodino_pns_20.get_stat_part','zodino_pns.zodino_pns_20.zodino_pns_20.time_work_p1_hour',2192);
INSERT INTO out_argument VALUES('zodino_pns.zodino_pns_20.zodino_pns_20.get_stat_part','zodino_pns.zodino_pns_20.zodino_pns_20.time_work_p2_hour',2208);
INSERT INTO out_argument VALUES('zodino_pns.zodino_pns_20.zodino_pns_20.get_stat_part','zodino_pns.zodino_pns_20.zodino_pns_20.time_work_p3_hour',2224);
INSERT INTO out_argument VALUES('zodino_pns.zodino_pns_20.zodino_pns_20.get_stat_part','zodino_pns.zodino_pns_20.zodino_pns_20.time_work_p4_hour',2240);
INSERT INTO out_argument VALUES('zodino_pns.zodino_pns_20.zodino_pns_20.get_stat_part','zodino_pns.zodino_pns_20.zodino_pns_20.time_work_p5_hour',2256);
INSERT INTO out_argument VALUES('zodino_pns.zodino_pns_20.zodino_pns_20.get_stat_part','zodino_pns.zodino_pns_20.zodino_pns_20.num_main_pump',2272);
INSERT INTO out_argument VALUES('zodino_pns.zodino_pns_20.zodino_pns_20.get_stat_part','zodino_pns.zodino_pns_20.zodino_pns_20.correction_to_fc_task',2280);
INSERT INTO out_argument VALUES('zodino_pns.zodino_pns_20.zodino_pns_20.get_stat_part','zodino_pns.zodino_pns_20.zodino_pns_20.mode_autokeep_ps',2288);
INSERT INTO out_argument VALUES('zodino_pns.zodino_pns_20.zodino_pns_20.get_stat_part','zodino_pns.zodino_pns_20.zodino_pns_20.p1_use',2289);
INSERT INTO out_argument VALUES('zodino_pns.zodino_pns_20.zodino_pns_20.get_stat_part','zodino_pns.zodino_pns_20.zodino_pns_20.p2_use',2290);
INSERT INTO out_argument VALUES('zodino_pns.zodino_pns_20.zodino_pns_20.get_stat_part','zodino_pns.zodino_pns_20.zodino_pns_20.p3_use',2291);
INSERT INTO out_argument VALUES('zodino_pns.zodino_pns_20.zodino_pns_20.get_stat_part','zodino_pns.zodino_pns_20.zodino_pns_20.p4_use',2292);
INSERT INTO out_argument VALUES('zodino_pns.zodino_pns_20.zodino_pns_20.get_stat_part','zodino_pns.zodino_pns_20.zodino_pns_20.p5_use',2293);
INSERT INTO out_argument VALUES('zodino_pns.zodino_pns_20.zodino_pns_20.get_stat_part','zodino_pns.zodino_pns_20.zodino_pns_20.delta_autokeep_ps',2296);
INSERT INTO out_argument VALUES('zodino_pns.zodino_pns_20.zodino_pns_20.get_stat_part','zodino_pns.zodino_pns_20.zodino_pns_20.delay_stabilization_system_autokeep',2304);
INSERT INTO out_argument VALUES('zodino_pns.zodino_pns_20.zodino_pns_20.get_stat_part','zodino_pns.zodino_pns_20.zodino_pns_20.p2_off_low_frequency',2320);
INSERT INTO out_argument VALUES('zodino_pns.zodino_pns_20.zodino_pns_20.get_stat_part','zodino_pns.zodino_pns_20.zodino_pns_20.p2_on_high_frequency',2352);
INSERT INTO out_argument VALUES('zodino_pns.zodino_pns_20.zodino_pns_20.get_stat_part','zodino_pns.zodino_pns_20.zodino_pns_20.p3_off_low_frequency',2384);
INSERT INTO out_argument VALUES('zodino_pns.zodino_pns_20.zodino_pns_20.get_stat_part','zodino_pns.zodino_pns_20.zodino_pns_20.p3_on_high_frequency',2416);
INSERT INTO out_argument VALUES('zodino_pns.zodino_pns_20.zodino_pns_20.get_stat_part','zodino_pns.zodino_pns_20.zodino_pns_20.p4_off_low_frequency',2448);
INSERT INTO out_argument VALUES('zodino_pns.zodino_pns_20.zodino_pns_20.get_stat_part','zodino_pns.zodino_pns_20.zodino_pns_20.p4_on_high_frequency',2480);
INSERT INTO out_argument VALUES('zodino_pns.zodino_pns_20.zodino_pns_20.get_stat_part','zodino_pns.zodino_pns_20.zodino_pns_20.p5_off_low_frequency',2512);
INSERT INTO out_argument VALUES('zodino_pns.zodino_pns_20.zodino_pns_20.get_stat_part','zodino_pns.zodino_pns_20.zodino_pns_20.p5_on_high_frequency',2544);
INSERT INTO out_argument VALUES('zodino_pns.zodino_pns_20.zodino_pns_20.get_stat_part','zodino_pns.zodino_pns_20.zodino_pns_20.freq_time_analys_sec',2576);
INSERT INTO command_param VALUES('zodino_pns.zodino_pns_20.zodino_pns_20.get_stat_part','code','13');
INSERT INTO command_param VALUES('zodino_pns.zodino_pns_20.zodino_pns_20.get_stat_part','devt','0');
INSERT INTO command_param VALUES('zodino_pns.zodino_pns_20.zodino_pns_20.get_stat_part','devn','0');
INSERT INTO command VALUES('zodino_pns.zodino_pns_20.zodino_pns_20.del_stat_part','zodino_pns.zodino_pns_20','zodino_pns.zodino_pns_20.zodino_pns_20','none','work','Удалить статистику частично');
INSERT INTO command_param VALUES('zodino_pns.zodino_pns_20.zodino_pns_20.del_stat_part','code','14');
INSERT INTO command_param VALUES('zodino_pns.zodino_pns_20.zodino_pns_20.del_stat_part','devt','0');
INSERT INTO command_param VALUES('zodino_pns.zodino_pns_20.zodino_pns_20.del_stat_part','devn','0');
INSERT INTO command VALUES('zodino_pns.zodino_pns_20.zodino_pns_20.get_count_reset_controller','zodino_pns.zodino_pns_20','zodino_pns.zodino_pns_20.zodino_pns_20','none','work','Получить количество сбросов контроллера');
INSERT INTO out_argument VALUES('zodino_pns.zodino_pns_20.zodino_pns_20.get_count_reset_controller','zodino_pns.zodino_pns_20.zodino_pns_20.count_reset_controller',0);
INSERT INTO out_argument VALUES('zodino_pns.zodino_pns_20.zodino_pns_20.get_count_reset_controller','zodino_pns.zodino_pns_20.zodino_pns_20.reset_por',16);
INSERT INTO out_argument VALUES('zodino_pns.zodino_pns_20.zodino_pns_20.get_count_reset_controller','zodino_pns.zodino_pns_20.zodino_pns_20.reset_bor',17);
INSERT INTO out_argument VALUES('zodino_pns.zodino_pns_20.zodino_pns_20.get_count_reset_controller','zodino_pns.zodino_pns_20.zodino_pns_20.reset_wdtr',18);
INSERT INTO out_argument VALUES('zodino_pns.zodino_pns_20.zodino_pns_20.get_count_reset_controller','zodino_pns.zodino_pns_20.zodino_pns_20.reset_swr',19);
INSERT INTO out_argument VALUES('zodino_pns.zodino_pns_20.zodino_pns_20.get_count_reset_controller','zodino_pns.zodino_pns_20.zodino_pns_20.reset_extr',20);
INSERT INTO out_argument VALUES('zodino_pns.zodino_pns_20.zodino_pns_20.get_count_reset_controller','zodino_pns.zodino_pns_20.zodino_pns_20.reset_iopr_or_uwr',21);
INSERT INTO out_argument VALUES('zodino_pns.zodino_pns_20.zodino_pns_20.get_count_reset_controller','zodino_pns.zodino_pns_20.zodino_pns_20.reset_trapr',22);
INSERT INTO command_param VALUES('zodino_pns.zodino_pns_20.zodino_pns_20.get_count_reset_controller','code','15');
INSERT INTO command_param VALUES('zodino_pns.zodino_pns_20.zodino_pns_20.get_count_reset_controller','devt','0');
INSERT INTO command_param VALUES('zodino_pns.zodino_pns_20.zodino_pns_20.get_count_reset_controller','devn','0');
INSERT INTO command VALUES('zodino_pns.zodino_pns_20.zodino_pns_20.reset','zodino_pns.zodino_pns_20','zodino_pns.zodino_pns_20.zodino_pns_20','plg','alm','Очистить всю память и выполнить ресет');
INSERT INTO command_param VALUES('zodino_pns.zodino_pns_20.zodino_pns_20.reset','code','16');
INSERT INTO command_param VALUES('zodino_pns.zodino_pns_20.zodino_pns_20.reset','devt','0');
INSERT INTO command_param VALUES('zodino_pns.zodino_pns_20.zodino_pns_20.reset','devn','0');
INSERT INTO command VALUES('zodino_pns.zodino_pns_20.zodino_pns_20.set_mode_alm_nsd','zodino_pns.zodino_pns_20','zodino_pns.zodino_pns_20.zodino_pns_20','plg','work','Установить режим уведомления об авариях НСД');
INSERT INTO in_argument VALUES('zodino_pns.zodino_pns_20.zodino_pns_20.set_mode_alm_nsd','zodino_pns.zodino_pns_20.zodino_pns_20.mode_alm_nsd',0);
INSERT INTO out_argument VALUES('zodino_pns.zodino_pns_20.zodino_pns_20.set_mode_alm_nsd','zodino_pns.zodino_pns_20.zodino_pns_20.mode_alm_nsd',0);
INSERT INTO command_param VALUES('zodino_pns.zodino_pns_20.zodino_pns_20.set_mode_alm_nsd','code','17');
INSERT INTO command_param VALUES('zodino_pns.zodino_pns_20.zodino_pns_20.set_mode_alm_nsd','devt','0');
INSERT INTO command_param VALUES('zodino_pns.zodino_pns_20.zodino_pns_20.set_mode_alm_nsd','devn','0');
INSERT INTO command VALUES('zodino_pns.zodino_pns_20.zodino_pns_20.set_time_work_p1','zodino_pns.zodino_pns_20','zodino_pns.zodino_pns_20.zodino_pns_20','plg','work','Установить значение времени работы насоса 1');
INSERT INTO in_argument VALUES('zodino_pns.zodino_pns_20.zodino_pns_20.set_time_work_p1','zodino_pns.zodino_pns_20.zodino_pns_20.time_work_p1_hour',0);
INSERT INTO in_argument VALUES('zodino_pns.zodino_pns_20.zodino_pns_20.set_time_work_p1','zodino_pns.zodino_pns_20.zodino_pns_20.time_work_p1_minute',16);
INSERT INTO out_argument VALUES('zodino_pns.zodino_pns_20.zodino_pns_20.set_time_work_p1','zodino_pns.zodino_pns_20.zodino_pns_20.time_work_p1_hour',0);
INSERT INTO out_argument VALUES('zodino_pns.zodino_pns_20.zodino_pns_20.set_time_work_p1','zodino_pns.zodino_pns_20.zodino_pns_20.time_work_p1_minute',16);
INSERT INTO command_param VALUES('zodino_pns.zodino_pns_20.zodino_pns_20.set_time_work_p1','code','18');
INSERT INTO command_param VALUES('zodino_pns.zodino_pns_20.zodino_pns_20.set_time_work_p1','devt','0');
INSERT INTO command_param VALUES('zodino_pns.zodino_pns_20.zodino_pns_20.set_time_work_p1','devn','0');
INSERT INTO command VALUES('zodino_pns.zodino_pns_20.zodino_pns_20.set_time_work_p2','zodino_pns.zodino_pns_20','zodino_pns.zodino_pns_20.zodino_pns_20','plg','work','Установить значение времени работы насоса 2');
INSERT INTO in_argument VALUES('zodino_pns.zodino_pns_20.zodino_pns_20.set_time_work_p2','zodino_pns.zodino_pns_20.zodino_pns_20.time_work_p2_hour',0);
INSERT INTO in_argument VALUES('zodino_pns.zodino_pns_20.zodino_pns_20.set_time_work_p2','zodino_pns.zodino_pns_20.zodino_pns_20.time_work_p2_minute',16);
INSERT INTO out_argument VALUES('zodino_pns.zodino_pns_20.zodino_pns_20.set_time_work_p2','zodino_pns.zodino_pns_20.zodino_pns_20.time_work_p2_hour',0);
INSERT INTO out_argument VALUES('zodino_pns.zodino_pns_20.zodino_pns_20.set_time_work_p2','zodino_pns.zodino_pns_20.zodino_pns_20.time_work_p2_minute',16);
INSERT INTO command_param VALUES('zodino_pns.zodino_pns_20.zodino_pns_20.set_time_work_p2','code','19');
INSERT INTO command_param VALUES('zodino_pns.zodino_pns_20.zodino_pns_20.set_time_work_p2','devt','0');
INSERT INTO command_param VALUES('zodino_pns.zodino_pns_20.zodino_pns_20.set_time_work_p2','devn','0');
INSERT INTO command VALUES('zodino_pns.zodino_pns_20.zodino_pns_20.set_time_work_p3','zodino_pns.zodino_pns_20','zodino_pns.zodino_pns_20.zodino_pns_20','plg','work','Установить значение времени работы насоса 3');
INSERT INTO in_argument VALUES('zodino_pns.zodino_pns_20.zodino_pns_20.set_time_work_p3','zodino_pns.zodino_pns_20.zodino_pns_20.time_work_p3_hour',0);
INSERT INTO in_argument VALUES('zodino_pns.zodino_pns_20.zodino_pns_20.set_time_work_p3','zodino_pns.zodino_pns_20.zodino_pns_20.time_work_p3_minute',16);
INSERT INTO out_argument VALUES('zodino_pns.zodino_pns_20.zodino_pns_20.set_time_work_p3','zodino_pns.zodino_pns_20.zodino_pns_20.time_work_p3_hour',0);
INSERT INTO out_argument VALUES('zodino_pns.zodino_pns_20.zodino_pns_20.set_time_work_p3','zodino_pns.zodino_pns_20.zodino_pns_20.time_work_p3_minute',16);
INSERT INTO command_param VALUES('zodino_pns.zodino_pns_20.zodino_pns_20.set_time_work_p3','code','20');
INSERT INTO command_param VALUES('zodino_pns.zodino_pns_20.zodino_pns_20.set_time_work_p3','devt','0');
INSERT INTO command_param VALUES('zodino_pns.zodino_pns_20.zodino_pns_20.set_time_work_p3','devn','0');
INSERT INTO command VALUES('zodino_pns.zodino_pns_20.zodino_pns_20.set_time_work_p4','zodino_pns.zodino_pns_20','zodino_pns.zodino_pns_20.zodino_pns_20','plg','work','Установить значение времени работы насоса 4');
INSERT INTO in_argument VALUES('zodino_pns.zodino_pns_20.zodino_pns_20.set_time_work_p4','zodino_pns.zodino_pns_20.zodino_pns_20.time_work_p4_hour',0);
INSERT INTO in_argument VALUES('zodino_pns.zodino_pns_20.zodino_pns_20.set_time_work_p4','zodino_pns.zodino_pns_20.zodino_pns_20.time_work_p4_minute',16);
INSERT INTO out_argument VALUES('zodino_pns.zodino_pns_20.zodino_pns_20.set_time_work_p4','zodino_pns.zodino_pns_20.zodino_pns_20.time_work_p4_hour',0);
INSERT INTO out_argument VALUES('zodino_pns.zodino_pns_20.zodino_pns_20.set_time_work_p4','zodino_pns.zodino_pns_20.zodino_pns_20.time_work_p4_minute',16);
INSERT INTO command_param VALUES('zodino_pns.zodino_pns_20.zodino_pns_20.set_time_work_p4','code','21');
INSERT INTO command_param VALUES('zodino_pns.zodino_pns_20.zodino_pns_20.set_time_work_p4','devt','0');
INSERT INTO command_param VALUES('zodino_pns.zodino_pns_20.zodino_pns_20.set_time_work_p4','devn','0');
INSERT INTO command VALUES('zodino_pns.zodino_pns_20.zodino_pns_20.set_time_work_p5','zodino_pns.zodino_pns_20','zodino_pns.zodino_pns_20.zodino_pns_20','plg','work','Установить значение времени работы насоса 5');
INSERT INTO in_argument VALUES('zodino_pns.zodino_pns_20.zodino_pns_20.set_time_work_p5','zodino_pns.zodino_pns_20.zodino_pns_20.time_work_p5_hour',0);
INSERT INTO in_argument VALUES('zodino_pns.zodino_pns_20.zodino_pns_20.set_time_work_p5','zodino_pns.zodino_pns_20.zodino_pns_20.time_work_p5_minute',16);
INSERT INTO out_argument VALUES('zodino_pns.zodino_pns_20.zodino_pns_20.set_time_work_p5','zodino_pns.zodino_pns_20.zodino_pns_20.time_work_p5_hour',0);
INSERT INTO out_argument VALUES('zodino_pns.zodino_pns_20.zodino_pns_20.set_time_work_p5','zodino_pns.zodino_pns_20.zodino_pns_20.time_work_p5_minute',16);
INSERT INTO command_param VALUES('zodino_pns.zodino_pns_20.zodino_pns_20.set_time_work_p5','code','22');
INSERT INTO command_param VALUES('zodino_pns.zodino_pns_20.zodino_pns_20.set_time_work_p5','devt','0');
INSERT INTO command_param VALUES('zodino_pns.zodino_pns_20.zodino_pns_20.set_time_work_p5','devn','0');
INSERT INTO command VALUES('zodino_pns.zodino_pns_20.zodino_pns_20.set_num_main_pump','zodino_pns.zodino_pns_20','zodino_pns.zodino_pns_20.zodino_pns_20','plg','work','Установить номер основного насоса');
INSERT INTO in_argument VALUES('zodino_pns.zodino_pns_20.zodino_pns_20.set_num_main_pump','zodino_pns.zodino_pns_20.zodino_pns_20.num_main_pump',0);
INSERT INTO out_argument VALUES('zodino_pns.zodino_pns_20.zodino_pns_20.set_num_main_pump','zodino_pns.zodino_pns_20.zodino_pns_20.num_main_pump',0);
INSERT INTO command_param VALUES('zodino_pns.zodino_pns_20.zodino_pns_20.set_num_main_pump','code','23');
INSERT INTO command_param VALUES('zodino_pns.zodino_pns_20.zodino_pns_20.set_num_main_pump','devt','0');
INSERT INTO command_param VALUES('zodino_pns.zodino_pns_20.zodino_pns_20.set_num_main_pump','devn','0');
INSERT INTO command VALUES('zodino_pns.zodino_pns_20.zodino_pns_20.set_ps_mode_keep','zodino_pns.zodino_pns_20','zodino_pns.zodino_pns_20.zodino_pns_20','plg','work','Установить режим поддержания давления');
INSERT INTO in_argument VALUES('zodino_pns.zodino_pns_20.zodino_pns_20.set_ps_mode_keep','zodino_pns.zodino_pns_20.zodino_pns_20.mode_autokeep_ps',0);
INSERT INTO in_argument VALUES('zodino_pns.zodino_pns_20.zodino_pns_20.set_ps_mode_keep','zodino_pns.zodino_pns_20.zodino_pns_20.p1_use',1);
INSERT INTO in_argument VALUES('zodino_pns.zodino_pns_20.zodino_pns_20.set_ps_mode_keep','zodino_pns.zodino_pns_20.zodino_pns_20.p2_use',2);
INSERT INTO in_argument VALUES('zodino_pns.zodino_pns_20.zodino_pns_20.set_ps_mode_keep','zodino_pns.zodino_pns_20.zodino_pns_20.p3_use',3);
INSERT INTO in_argument VALUES('zodino_pns.zodino_pns_20.zodino_pns_20.set_ps_mode_keep','zodino_pns.zodino_pns_20.zodino_pns_20.p4_use',4);
INSERT INTO in_argument VALUES('zodino_pns.zodino_pns_20.zodino_pns_20.set_ps_mode_keep','zodino_pns.zodino_pns_20.zodino_pns_20.p5_use',5);
INSERT INTO in_argument VALUES('zodino_pns.zodino_pns_20.zodino_pns_20.set_ps_mode_keep','zodino_pns.zodino_pns_20.zodino_pns_20.delta_autokeep_ps',8);
INSERT INTO in_argument VALUES('zodino_pns.zodino_pns_20.zodino_pns_20.set_ps_mode_keep','zodino_pns.zodino_pns_20.zodino_pns_20.delay_stabilization_system_autokeep',16);
INSERT INTO in_argument VALUES('zodino_pns.zodino_pns_20.zodino_pns_20.set_ps_mode_keep','zodino_pns.zodino_pns_20.zodino_pns_20.p2_off_low_frequency',32);
INSERT INTO in_argument VALUES('zodino_pns.zodino_pns_20.zodino_pns_20.set_ps_mode_keep','zodino_pns.zodino_pns_20.zodino_pns_20.p2_on_high_frequency',64);
INSERT INTO in_argument VALUES('zodino_pns.zodino_pns_20.zodino_pns_20.set_ps_mode_keep','zodino_pns.zodino_pns_20.zodino_pns_20.p3_off_low_frequency',96);
INSERT INTO in_argument VALUES('zodino_pns.zodino_pns_20.zodino_pns_20.set_ps_mode_keep','zodino_pns.zodino_pns_20.zodino_pns_20.p3_on_high_frequency',128);
INSERT INTO in_argument VALUES('zodino_pns.zodino_pns_20.zodino_pns_20.set_ps_mode_keep','zodino_pns.zodino_pns_20.zodino_pns_20.p4_off_low_frequency',160);
INSERT INTO in_argument VALUES('zodino_pns.zodino_pns_20.zodino_pns_20.set_ps_mode_keep','zodino_pns.zodino_pns_20.zodino_pns_20.p4_on_high_frequency',192);
INSERT INTO in_argument VALUES('zodino_pns.zodino_pns_20.zodino_pns_20.set_ps_mode_keep','zodino_pns.zodino_pns_20.zodino_pns_20.p5_off_low_frequency',224);
INSERT INTO in_argument VALUES('zodino_pns.zodino_pns_20.zodino_pns_20.set_ps_mode_keep','zodino_pns.zodino_pns_20.zodino_pns_20.p5_on_high_frequency',256);
INSERT INTO out_argument VALUES('zodino_pns.zodino_pns_20.zodino_pns_20.set_ps_mode_keep','zodino_pns.zodino_pns_20.zodino_pns_20.mode_autokeep_ps',0);
INSERT INTO out_argument VALUES('zodino_pns.zodino_pns_20.zodino_pns_20.set_ps_mode_keep','zodino_pns.zodino_pns_20.zodino_pns_20.p1_use',1);
INSERT INTO out_argument VALUES('zodino_pns.zodino_pns_20.zodino_pns_20.set_ps_mode_keep','zodino_pns.zodino_pns_20.zodino_pns_20.p2_use',2);
INSERT INTO out_argument VALUES('zodino_pns.zodino_pns_20.zodino_pns_20.set_ps_mode_keep','zodino_pns.zodino_pns_20.zodino_pns_20.p3_use',3);
INSERT INTO out_argument VALUES('zodino_pns.zodino_pns_20.zodino_pns_20.set_ps_mode_keep','zodino_pns.zodino_pns_20.zodino_pns_20.p4_use',4);
INSERT INTO out_argument VALUES('zodino_pns.zodino_pns_20.zodino_pns_20.set_ps_mode_keep','zodino_pns.zodino_pns_20.zodino_pns_20.p5_use',5);
INSERT INTO out_argument VALUES('zodino_pns.zodino_pns_20.zodino_pns_20.set_ps_mode_keep','zodino_pns.zodino_pns_20.zodino_pns_20.delta_autokeep_ps',8);
INSERT INTO out_argument VALUES('zodino_pns.zodino_pns_20.zodino_pns_20.set_ps_mode_keep','zodino_pns.zodino_pns_20.zodino_pns_20.delay_stabilization_system_autokeep',16);
INSERT INTO out_argument VALUES('zodino_pns.zodino_pns_20.zodino_pns_20.set_ps_mode_keep','zodino_pns.zodino_pns_20.zodino_pns_20.p2_off_low_frequency',32);
INSERT INTO out_argument VALUES('zodino_pns.zodino_pns_20.zodino_pns_20.set_ps_mode_keep','zodino_pns.zodino_pns_20.zodino_pns_20.p2_on_high_frequency',64);
INSERT INTO out_argument VALUES('zodino_pns.zodino_pns_20.zodino_pns_20.set_ps_mode_keep','zodino_pns.zodino_pns_20.zodino_pns_20.p3_off_low_frequency',96);
INSERT INTO out_argument VALUES('zodino_pns.zodino_pns_20.zodino_pns_20.set_ps_mode_keep','zodino_pns.zodino_pns_20.zodino_pns_20.p3_on_high_frequency',128);
INSERT INTO out_argument VALUES('zodino_pns.zodino_pns_20.zodino_pns_20.set_ps_mode_keep','zodino_pns.zodino_pns_20.zodino_pns_20.p4_off_low_frequency',160);
INSERT INTO out_argument VALUES('zodino_pns.zodino_pns_20.zodino_pns_20.set_ps_mode_keep','zodino_pns.zodino_pns_20.zodino_pns_20.p4_on_high_frequency',192);
INSERT INTO out_argument VALUES('zodino_pns.zodino_pns_20.zodino_pns_20.set_ps_mode_keep','zodino_pns.zodino_pns_20.zodino_pns_20.p5_off_low_frequency',224);
INSERT INTO out_argument VALUES('zodino_pns.zodino_pns_20.zodino_pns_20.set_ps_mode_keep','zodino_pns.zodino_pns_20.zodino_pns_20.p5_on_high_frequency',256);
INSERT INTO command_param VALUES('zodino_pns.zodino_pns_20.zodino_pns_20.set_ps_mode_keep','code','24');
INSERT INTO command_param VALUES('zodino_pns.zodino_pns_20.zodino_pns_20.set_ps_mode_keep','devt','0');
INSERT INTO command_param VALUES('zodino_pns.zodino_pns_20.zodino_pns_20.set_ps_mode_keep','devn','0');
INSERT INTO command VALUES('zodino_pns.zodino_pns_20.zodino_pns_20.set_task_correct','zodino_pns.zodino_pns_20','zodino_pns.zodino_pns_20.zodino_pns_20','plg','work','Установить поправку к заданию ПЧТ');
INSERT INTO in_argument VALUES('zodino_pns.zodino_pns_20.zodino_pns_20.set_task_correct','zodino_pns.zodino_pns_20.zodino_pns_20.correction_to_fc_task',0);
INSERT INTO out_argument VALUES('zodino_pns.zodino_pns_20.zodino_pns_20.set_task_correct','zodino_pns.zodino_pns_20.zodino_pns_20.correction_to_fc_task',0);
INSERT INTO command_param VALUES('zodino_pns.zodino_pns_20.zodino_pns_20.set_task_correct','code','25');
INSERT INTO command_param VALUES('zodino_pns.zodino_pns_20.zodino_pns_20.set_task_correct','devt','0');
INSERT INTO command_param VALUES('zodino_pns.zodino_pns_20.zodino_pns_20.set_task_correct','devn','0');
INSERT INTO command VALUES('zodino_pns.zodino_pns_20.zodino_pns_20.system_answer','zodino_pns.zodino_pns_20','zodino_pns.zodino_pns_20.zodino_pns_20','sys','work','Системный ответ');
INSERT INTO out_argument VALUES('zodino_pns.zodino_pns_20.zodino_pns_20.system_answer','zodino_pns.zodino_pns_20.zodino_pns_20.system_code',0);
INSERT INTO command_param VALUES('zodino_pns.zodino_pns_20.zodino_pns_20.system_answer','code','255');
INSERT INTO command_param VALUES('zodino_pns.zodino_pns_20.zodino_pns_20.system_answer','devt','0');
INSERT INTO command_param VALUES('zodino_pns.zodino_pns_20.zodino_pns_20.system_answer','devn','0');
INSERT INTO command VALUES('zodino_pns.zodino_pns_20.zodino_pns_20.get_state','zodino_pns.zodino_pns_20','zodino_pns.zodino_pns_20.zodino_pns_20','none','work','Получить снимок системы');
INSERT INTO out_argument VALUES('zodino_pns.zodino_pns_20.zodino_pns_20.get_state','zodino_pns.zodino_pns_20.zodino_pns_20.date_time',0);
INSERT INTO out_argument VALUES('zodino_pns.zodino_pns_20.zodino_pns_20.get_state','zodino_pns.zodino_pns_20.zodino_pns_20.as_flag_disable_alm',56);
INSERT INTO out_argument VALUES('zodino_pns.zodino_pns_20.zodino_pns_20.get_state','zodino_pns.zodino_pns_20.zodino_pns_20.as_time_block_alm',64);
INSERT INTO out_argument VALUES('zodino_pns.zodino_pns_20.zodino_pns_20.get_state','zodino_pns.zodino_pns_20.zodino_pns_20.gsm_lvl_signal_gsm',80);
INSERT INTO out_argument VALUES('zodino_pns.zodino_pns_20.zodino_pns_20.get_state','zodino_pns.zodino_pns_20.zodino_pns_20.gsm_limiter_sms_messages',88);
INSERT INTO out_argument VALUES('zodino_pns.zodino_pns_20.zodino_pns_20.get_state','zodino_pns.zodino_pns_20.zodino_pns_20.gsm_counter_send_sms',96);
INSERT INTO out_argument VALUES('zodino_pns.zodino_pns_20.zodino_pns_20.get_state','zodino_pns.zodino_pns_20.zodino_pns_20.gsm_flag_disable_sms',112);
INSERT INTO out_argument VALUES('zodino_pns.zodino_pns_20.zodino_pns_20.get_state','zodino_pns.zodino_pns_20.zodino_pns_20.gsm_flag_disable_sms_limiter',113);
INSERT INTO out_argument VALUES('zodino_pns.zodino_pns_20.zodino_pns_20.get_state','zodino_pns.zodino_pns_20.zodino_pns_20.step_stat',120);
INSERT INTO out_argument VALUES('zodino_pns.zodino_pns_20.zodino_pns_20.get_state','zodino_pns.zodino_pns_20.zodino_pns_20.count_block_stat',128);
INSERT INTO out_argument VALUES('zodino_pns.zodino_pns_20.zodino_pns_20.get_state','zodino_pns.zodino_pns_20.zodino_pns_20.save_alm_stat',136);
INSERT INTO out_argument VALUES('zodino_pns.zodino_pns_20.zodino_pns_20.get_state','zodino_pns.zodino_pns_20.zodino_pns_20.save_stat_send_sms',137);
INSERT INTO out_argument VALUES('zodino_pns.zodino_pns_20.zodino_pns_20.get_state','zodino_pns.zodino_pns_20.zodino_pns_20.save_stat_event',138);
INSERT INTO out_argument VALUES('zodino_pns.zodino_pns_20.zodino_pns_20.get_state','zodino_pns.zodino_pns_20.zodino_pns_20.alm_memory',143);
INSERT INTO out_argument VALUES('zodino_pns.zodino_pns_20.zodino_pns_20.get_state','zodino_pns.zodino_pns_20.zodino_pns_20.ps1_value',144);
INSERT INTO out_argument VALUES('zodino_pns.zodino_pns_20.zodino_pns_20.get_state','zodino_pns.zodino_pns_20.zodino_pns_20.ps1_min_value',152);
INSERT INTO out_argument VALUES('zodino_pns.zodino_pns_20.zodino_pns_20.get_state','zodino_pns.zodino_pns_20.zodino_pns_20.ps1_max_value',160);
INSERT INTO out_argument VALUES('zodino_pns.zodino_pns_20.zodino_pns_20.get_state','zodino_pns.zodino_pns_20.zodino_pns_20.ps1_min_use',168);
INSERT INTO out_argument VALUES('zodino_pns.zodino_pns_20.zodino_pns_20.get_state','zodino_pns.zodino_pns_20.zodino_pns_20.ps1_max_use',169);
INSERT INTO out_argument VALUES('zodino_pns.zodino_pns_20.zodino_pns_20.get_state','zodino_pns.zodino_pns_20.zodino_pns_20.ps1_min_alm',170);
INSERT INTO out_argument VALUES('zodino_pns.zodino_pns_20.zodino_pns_20.get_state','zodino_pns.zodino_pns_20.zodino_pns_20.ps1_max_alm',171);
INSERT INTO out_argument VALUES('zodino_pns.zodino_pns_20.zodino_pns_20.get_state','zodino_pns.zodino_pns_20.zodino_pns_20.ps2_value',176);
INSERT INTO out_argument VALUES('zodino_pns.zodino_pns_20.zodino_pns_20.get_state','zodino_pns.zodino_pns_20.zodino_pns_20.ps2_min_value',184);
INSERT INTO out_argument VALUES('zodino_pns.zodino_pns_20.zodino_pns_20.get_state','zodino_pns.zodino_pns_20.zodino_pns_20.ps2_max_value',192);
INSERT INTO out_argument VALUES('zodino_pns.zodino_pns_20.zodino_pns_20.get_state','zodino_pns.zodino_pns_20.zodino_pns_20.ps2_min_use',200);
INSERT INTO out_argument VALUES('zodino_pns.zodino_pns_20.zodino_pns_20.get_state','zodino_pns.zodino_pns_20.zodino_pns_20.ps2_max_use',201);
INSERT INTO out_argument VALUES('zodino_pns.zodino_pns_20.zodino_pns_20.get_state','zodino_pns.zodino_pns_20.zodino_pns_20.ps2_min_alm',202);
INSERT INTO out_argument VALUES('zodino_pns.zodino_pns_20.zodino_pns_20.get_state','zodino_pns.zodino_pns_20.zodino_pns_20.ps2_max_alm',203);
INSERT INTO out_argument VALUES('zodino_pns.zodino_pns_20.zodino_pns_20.get_state','zodino_pns.zodino_pns_20.zodino_pns_20.rsm0503_cs_value',208);
INSERT INTO out_argument VALUES('zodino_pns.zodino_pns_20.zodino_pns_20.get_state','zodino_pns.zodino_pns_20.zodino_pns_20.rsm0503_cs_acc_value',240);
INSERT INTO out_argument VALUES('zodino_pns.zodino_pns_20.zodino_pns_20.get_state','zodino_pns.zodino_pns_20.zodino_pns_20.rsm0503_cs_address',272);
INSERT INTO out_argument VALUES('zodino_pns.zodino_pns_20.zodino_pns_20.get_state','zodino_pns.zodino_pns_20.zodino_pns_20.rsm0503_use_responce_analysis',280);
INSERT INTO out_argument VALUES('zodino_pns.zodino_pns_20.zodino_pns_20.get_state','zodino_pns.zodino_pns_20.zodino_pns_20.rsm0503_cs_common_alm',281);
INSERT INTO out_argument VALUES('zodino_pns.zodino_pns_20.zodino_pns_20.get_state','zodino_pns.zodino_pns_20.zodino_pns_20.rsm0503_cs_not_answer',282);
INSERT INTO out_argument VALUES('zodino_pns.zodino_pns_20.zodino_pns_20.get_state','zodino_pns.zodino_pns_20.zodino_pns_20.rsm0503_cs_use',283);
INSERT INTO out_argument VALUES('zodino_pns.zodino_pns_20.zodino_pns_20.get_state','zodino_pns.zodino_pns_20.zodino_pns_20.ts_value',288);
INSERT INTO out_argument VALUES('zodino_pns.zodino_pns_20.zodino_pns_20.get_state','zodino_pns.zodino_pns_20.zodino_pns_20.ts_min_value',296);
INSERT INTO out_argument VALUES('zodino_pns.zodino_pns_20.zodino_pns_20.get_state','zodino_pns.zodino_pns_20.zodino_pns_20.ts_max_value',304);
INSERT INTO out_argument VALUES('zodino_pns.zodino_pns_20.zodino_pns_20.get_state','zodino_pns.zodino_pns_20.zodino_pns_20.ts_min_use',312);
INSERT INTO out_argument VALUES('zodino_pns.zodino_pns_20.zodino_pns_20.get_state','zodino_pns.zodino_pns_20.zodino_pns_20.ts_max_use',313);
INSERT INTO out_argument VALUES('zodino_pns.zodino_pns_20.zodino_pns_20.get_state','zodino_pns.zodino_pns_20.zodino_pns_20.ts_min_alm',314);
INSERT INTO out_argument VALUES('zodino_pns.zodino_pns_20.zodino_pns_20.get_state','zodino_pns.zodino_pns_20.zodino_pns_20.ts_max_alm',315);
INSERT INTO out_argument VALUES('zodino_pns.zodino_pns_20.zodino_pns_20.get_state','zodino_pns.zodino_pns_20.zodino_pns_20.p1_use_auto_off_on_event',324);
INSERT INTO out_argument VALUES('zodino_pns.zodino_pns_20.zodino_pns_20.get_state','zodino_pns.zodino_pns_20.zodino_pns_20.p1_on',325);
INSERT INTO out_argument VALUES('zodino_pns.zodino_pns_20.zodino_pns_20.get_state','zodino_pns.zodino_pns_20.zodino_pns_20.p1_state_on',326);
INSERT INTO out_argument VALUES('zodino_pns.zodino_pns_20.zodino_pns_20.get_state','zodino_pns.zodino_pns_20.zodino_pns_20.p1_state_off',327);
INSERT INTO out_argument VALUES('zodino_pns.zodino_pns_20.zodino_pns_20.get_state','zodino_pns.zodino_pns_20.zodino_pns_20.p2_use_auto_off_on_event',332);
INSERT INTO out_argument VALUES('zodino_pns.zodino_pns_20.zodino_pns_20.get_state','zodino_pns.zodino_pns_20.zodino_pns_20.p2_on',333);
INSERT INTO out_argument VALUES('zodino_pns.zodino_pns_20.zodino_pns_20.get_state','zodino_pns.zodino_pns_20.zodino_pns_20.p2_state_on',334);
INSERT INTO out_argument VALUES('zodino_pns.zodino_pns_20.zodino_pns_20.get_state','zodino_pns.zodino_pns_20.zodino_pns_20.p2_state_off',335);
INSERT INTO out_argument VALUES('zodino_pns.zodino_pns_20.zodino_pns_20.get_state','zodino_pns.zodino_pns_20.zodino_pns_20.p3_use_auto_off_on_event',340);
INSERT INTO out_argument VALUES('zodino_pns.zodino_pns_20.zodino_pns_20.get_state','zodino_pns.zodino_pns_20.zodino_pns_20.p3_on',341);
INSERT INTO out_argument VALUES('zodino_pns.zodino_pns_20.zodino_pns_20.get_state','zodino_pns.zodino_pns_20.zodino_pns_20.p3_state_on',342);
INSERT INTO out_argument VALUES('zodino_pns.zodino_pns_20.zodino_pns_20.get_state','zodino_pns.zodino_pns_20.zodino_pns_20.p3_state_off',343);
INSERT INTO out_argument VALUES('zodino_pns.zodino_pns_20.zodino_pns_20.get_state','zodino_pns.zodino_pns_20.zodino_pns_20.p4_use_auto_off_on_event',348);
INSERT INTO out_argument VALUES('zodino_pns.zodino_pns_20.zodino_pns_20.get_state','zodino_pns.zodino_pns_20.zodino_pns_20.p4_on',349);
INSERT INTO out_argument VALUES('zodino_pns.zodino_pns_20.zodino_pns_20.get_state','zodino_pns.zodino_pns_20.zodino_pns_20.p4_state_on',350);
INSERT INTO out_argument VALUES('zodino_pns.zodino_pns_20.zodino_pns_20.get_state','zodino_pns.zodino_pns_20.zodino_pns_20.p4_state_off',351);
INSERT INTO out_argument VALUES('zodino_pns.zodino_pns_20.zodino_pns_20.get_state','zodino_pns.zodino_pns_20.zodino_pns_20.p5_use_auto_off_on_event',356);
INSERT INTO out_argument VALUES('zodino_pns.zodino_pns_20.zodino_pns_20.get_state','zodino_pns.zodino_pns_20.zodino_pns_20.p5_on',357);
INSERT INTO out_argument VALUES('zodino_pns.zodino_pns_20.zodino_pns_20.get_state','zodino_pns.zodino_pns_20.zodino_pns_20.p5_state_on',358);
INSERT INTO out_argument VALUES('zodino_pns.zodino_pns_20.zodino_pns_20.get_state','zodino_pns.zodino_pns_20.zodino_pns_20.p5_state_off',359);
INSERT INTO out_argument VALUES('zodino_pns.zodino_pns_20.zodino_pns_20.get_state','zodino_pns.zodino_pns_20.zodino_pns_20.abb_acs580_1_output_freq',368);
INSERT INTO out_argument VALUES('zodino_pns.zodino_pns_20.zodino_pns_20.get_state','zodino_pns.zodino_pns_20.zodino_pns_20.abb_acs580_1_speed_engine',400);
INSERT INTO out_argument VALUES('zodino_pns.zodino_pns_20.zodino_pns_20.get_state','zodino_pns.zodino_pns_20.zodino_pns_20.abb_acs580_1_amperage_engine',432);
INSERT INTO out_argument VALUES('zodino_pns.zodino_pns_20.zodino_pns_20.get_state','zodino_pns.zodino_pns_20.zodino_pns_20.abb_acs580_1_voltage_engine',464);
INSERT INTO out_argument VALUES('zodino_pns.zodino_pns_20.zodino_pns_20.get_state','zodino_pns.zodino_pns_20.zodino_pns_20.abb_acs580_1_power_engine',480);
INSERT INTO out_argument VALUES('zodino_pns.zodino_pns_20.zodino_pns_20.get_state','zodino_pns.zodino_pns_20.zodino_pns_20.abb_acs580_1_invertor_power_gigawatt',512);
INSERT INTO out_argument VALUES('zodino_pns.zodino_pns_20.zodino_pns_20.get_state','zodino_pns.zodino_pns_20.zodino_pns_20.abb_acs580_1_invertor_power_megawatt',528);
INSERT INTO out_argument VALUES('zodino_pns.zodino_pns_20.zodino_pns_20.get_state','zodino_pns.zodino_pns_20.zodino_pns_20.abb_acs580_1_invertor_power_kilowatt',544);
INSERT INTO out_argument VALUES('zodino_pns.zodino_pns_20.zodino_pns_20.get_state','zodino_pns.zodino_pns_20.zodino_pns_20.abb_acs580_1_disconnecion_reason',560);
INSERT INTO out_argument VALUES('zodino_pns.zodino_pns_20.zodino_pns_20.get_state','zodino_pns.zodino_pns_20.zodino_pns_20.abb_acs580_1_set_freq',576);
INSERT INTO out_argument VALUES('zodino_pns.zodino_pns_20.zodino_pns_20.get_state','zodino_pns.zodino_pns_20.zodino_pns_20.abb_acs580_1_fact_value',608);
INSERT INTO out_argument VALUES('zodino_pns.zodino_pns_20.zodino_pns_20.get_state','zodino_pns.zodino_pns_20.zodino_pns_20.abb_acs580_1_set_pid',640);
INSERT INTO out_argument VALUES('zodino_pns.zodino_pns_20.zodino_pns_20.get_state','zodino_pns.zodino_pns_20.zodino_pns_20.abb_acs580_1_ready',672);
INSERT INTO out_argument VALUES('zodino_pns.zodino_pns_20.zodino_pns_20.get_state','zodino_pns.zodino_pns_20.zodino_pns_20.abb_acs580_1_ready_to_run',673);
INSERT INTO out_argument VALUES('zodino_pns.zodino_pns_20.zodino_pns_20.get_state','zodino_pns.zodino_pns_20.zodino_pns_20.abb_acs580_1_ready_for_task',674);
INSERT INTO out_argument VALUES('zodino_pns.zodino_pns_20.zodino_pns_20.get_state','zodino_pns.zodino_pns_20.zodino_pns_20.abb_acs580_1_rejection',675);
INSERT INTO out_argument VALUES('zodino_pns.zodino_pns_20.zodino_pns_20.get_state','zodino_pns.zodino_pns_20.zodino_pns_20.abb_acs580_1_switch_2_inactiv',676);
INSERT INTO out_argument VALUES('zodino_pns.zodino_pns_20.zodino_pns_20.get_state','zodino_pns.zodino_pns_20.zodino_pns_20.abb_acs580_1_switch_3_inactiv',677);
INSERT INTO out_argument VALUES('zodino_pns.zodino_pns_20.zodino_pns_20.get_state','zodino_pns.zodino_pns_20.zodino_pns_20.abb_acs580_1_forbid_to_on',678);
INSERT INTO out_argument VALUES('zodino_pns.zodino_pns_20.zodino_pns_20.get_state','zodino_pns.zodino_pns_20.zodino_pns_20.abb_acs580_1_alert',679);
INSERT INTO out_argument VALUES('zodino_pns.zodino_pns_20.zodino_pns_20.get_state','zodino_pns.zodino_pns_20.zodino_pns_20.abb_acs580_1_drive_on_setting',680);
INSERT INTO out_argument VALUES('zodino_pns.zodino_pns_20.zodino_pns_20.get_state','zodino_pns.zodino_pns_20.zodino_pns_20.abb_acs580_1_remote_mode',681);
INSERT INTO out_argument VALUES('zodino_pns.zodino_pns_20.zodino_pns_20.get_state','zodino_pns.zodino_pns_20.zodino_pns_20.abb_acs580_1_too_high_speed_or_frequency',682);
INSERT INTO out_argument VALUES('zodino_pns.zodino_pns_20.zodino_pns_20.get_state','zodino_pns.zodino_pns_20.zodino_pns_20.abb_acs580_1_custom1',683);
INSERT INTO out_argument VALUES('zodino_pns.zodino_pns_20.zodino_pns_20.get_state','zodino_pns.zodino_pns_20.zodino_pns_20.abb_acs580_1_custom2',684);
INSERT INTO out_argument VALUES('zodino_pns.zodino_pns_20.zodino_pns_20.get_state','zodino_pns.zodino_pns_20.zodino_pns_20.abb_acs580_1_custom3',685);
INSERT INTO out_argument VALUES('zodino_pns.zodino_pns_20.zodino_pns_20.get_state','zodino_pns.zodino_pns_20.zodino_pns_20.abb_acs580_1_custom4',686);
INSERT INTO out_argument VALUES('zodino_pns.zodino_pns_20.zodino_pns_20.get_state','zodino_pns.zodino_pns_20.zodino_pns_20.abb_acs580_1_address',688);
INSERT INTO out_argument VALUES('zodino_pns.zodino_pns_20.zodino_pns_20.get_state','zodino_pns.zodino_pns_20.zodino_pns_20.abb_acs580_1_use_answer',696);
INSERT INTO out_argument VALUES('zodino_pns.zodino_pns_20.zodino_pns_20.get_state','zodino_pns.zodino_pns_20.zodino_pns_20.abb_acs580_1_common_alm',697);
INSERT INTO out_argument VALUES('zodino_pns.zodino_pns_20.zodino_pns_20.get_state','zodino_pns.zodino_pns_20.zodino_pns_20.abb_acs580_1_not_answer',698);
INSERT INTO out_argument VALUES('zodino_pns.zodino_pns_20.zodino_pns_20.get_state','zodino_pns.zodino_pns_20.zodino_pns_20.abb_acs580_1_use',699);
INSERT INTO out_argument VALUES('zodino_pns.zodino_pns_20.zodino_pns_20.get_state','zodino_pns.zodino_pns_20.zodino_pns_20.abb_acs580_2_output_freq',704);
INSERT INTO out_argument VALUES('zodino_pns.zodino_pns_20.zodino_pns_20.get_state','zodino_pns.zodino_pns_20.zodino_pns_20.abb_acs580_2_speed_engine',736);
INSERT INTO out_argument VALUES('zodino_pns.zodino_pns_20.zodino_pns_20.get_state','zodino_pns.zodino_pns_20.zodino_pns_20.abb_acs580_2_amperage_engine',768);
INSERT INTO out_argument VALUES('zodino_pns.zodino_pns_20.zodino_pns_20.get_state','zodino_pns.zodino_pns_20.zodino_pns_20.abb_acs580_2_voltage_engine',800);
INSERT INTO out_argument VALUES('zodino_pns.zodino_pns_20.zodino_pns_20.get_state','zodino_pns.zodino_pns_20.zodino_pns_20.abb_acs580_2_power_engine',816);
INSERT INTO out_argument VALUES('zodino_pns.zodino_pns_20.zodino_pns_20.get_state','zodino_pns.zodino_pns_20.zodino_pns_20.abb_acs580_2_invertor_power_gigawatt',848);
INSERT INTO out_argument VALUES('zodino_pns.zodino_pns_20.zodino_pns_20.get_state','zodino_pns.zodino_pns_20.zodino_pns_20.abb_acs580_2_invertor_power_megawatt',864);
INSERT INTO out_argument VALUES('zodino_pns.zodino_pns_20.zodino_pns_20.get_state','zodino_pns.zodino_pns_20.zodino_pns_20.abb_acs580_2_invertor_power_kilowatt',880);
INSERT INTO out_argument VALUES('zodino_pns.zodino_pns_20.zodino_pns_20.get_state','zodino_pns.zodino_pns_20.zodino_pns_20.abb_acs580_2_disconnecion_reason',896);
INSERT INTO out_argument VALUES('zodino_pns.zodino_pns_20.zodino_pns_20.get_state','zodino_pns.zodino_pns_20.zodino_pns_20.abb_acs580_2_set_freq',912);
INSERT INTO out_argument VALUES('zodino_pns.zodino_pns_20.zodino_pns_20.get_state','zodino_pns.zodino_pns_20.zodino_pns_20.abb_acs580_2_fact_value',944);
INSERT INTO out_argument VALUES('zodino_pns.zodino_pns_20.zodino_pns_20.get_state','zodino_pns.zodino_pns_20.zodino_pns_20.abb_acs580_2_set_pid',976);
INSERT INTO out_argument VALUES('zodino_pns.zodino_pns_20.zodino_pns_20.get_state','zodino_pns.zodino_pns_20.zodino_pns_20.abb_acs580_2_ready',1008);
INSERT INTO out_argument VALUES('zodino_pns.zodino_pns_20.zodino_pns_20.get_state','zodino_pns.zodino_pns_20.zodino_pns_20.abb_acs580_2_ready_to_run',1009);
INSERT INTO out_argument VALUES('zodino_pns.zodino_pns_20.zodino_pns_20.get_state','zodino_pns.zodino_pns_20.zodino_pns_20.abb_acs580_2_ready_for_task',1010);
INSERT INTO out_argument VALUES('zodino_pns.zodino_pns_20.zodino_pns_20.get_state','zodino_pns.zodino_pns_20.zodino_pns_20.abb_acs580_2_rejection',1011);
INSERT INTO out_argument VALUES('zodino_pns.zodino_pns_20.zodino_pns_20.get_state','zodino_pns.zodino_pns_20.zodino_pns_20.abb_acs580_2_switch_2_inactiv',1012);
INSERT INTO out_argument VALUES('zodino_pns.zodino_pns_20.zodino_pns_20.get_state','zodino_pns.zodino_pns_20.zodino_pns_20.abb_acs580_2_switch_3_inactiv',1013);
INSERT INTO out_argument VALUES('zodino_pns.zodino_pns_20.zodino_pns_20.get_state','zodino_pns.zodino_pns_20.zodino_pns_20.abb_acs580_2_forbid_to_on',1014);
INSERT INTO out_argument VALUES('zodino_pns.zodino_pns_20.zodino_pns_20.get_state','zodino_pns.zodino_pns_20.zodino_pns_20.abb_acs580_2_alert',1015);
INSERT INTO out_argument VALUES('zodino_pns.zodino_pns_20.zodino_pns_20.get_state','zodino_pns.zodino_pns_20.zodino_pns_20.abb_acs580_2_drive_on_setting',1016);
INSERT INTO out_argument VALUES('zodino_pns.zodino_pns_20.zodino_pns_20.get_state','zodino_pns.zodino_pns_20.zodino_pns_20.abb_acs580_2_remote_mode',1017);
INSERT INTO out_argument VALUES('zodino_pns.zodino_pns_20.zodino_pns_20.get_state','zodino_pns.zodino_pns_20.zodino_pns_20.abb_acs580_2_too_high_speed_or_frequency',1018);
INSERT INTO out_argument VALUES('zodino_pns.zodino_pns_20.zodino_pns_20.get_state','zodino_pns.zodino_pns_20.zodino_pns_20.abb_acs580_2_custom1',1019);
INSERT INTO out_argument VALUES('zodino_pns.zodino_pns_20.zodino_pns_20.get_state','zodino_pns.zodino_pns_20.zodino_pns_20.abb_acs580_2_custom2',1020);
INSERT INTO out_argument VALUES('zodino_pns.zodino_pns_20.zodino_pns_20.get_state','zodino_pns.zodino_pns_20.zodino_pns_20.abb_acs580_2_custom3',1021);
INSERT INTO out_argument VALUES('zodino_pns.zodino_pns_20.zodino_pns_20.get_state','zodino_pns.zodino_pns_20.zodino_pns_20.abb_acs580_2_custom4',1022);
INSERT INTO out_argument VALUES('zodino_pns.zodino_pns_20.zodino_pns_20.get_state','zodino_pns.zodino_pns_20.zodino_pns_20.abb_acs580_2_address',1024);
INSERT INTO out_argument VALUES('zodino_pns.zodino_pns_20.zodino_pns_20.get_state','zodino_pns.zodino_pns_20.zodino_pns_20.abb_acs580_2_use_answer',1032);
INSERT INTO out_argument VALUES('zodino_pns.zodino_pns_20.zodino_pns_20.get_state','zodino_pns.zodino_pns_20.zodino_pns_20.abb_acs580_2_common_alm',1033);
INSERT INTO out_argument VALUES('zodino_pns.zodino_pns_20.zodino_pns_20.get_state','zodino_pns.zodino_pns_20.zodino_pns_20.abb_acs580_2_not_answer',1034);
INSERT INTO out_argument VALUES('zodino_pns.zodino_pns_20.zodino_pns_20.get_state','zodino_pns.zodino_pns_20.zodino_pns_20.abb_acs580_2_use',1035);
INSERT INTO out_argument VALUES('zodino_pns.zodino_pns_20.zodino_pns_20.get_state','zodino_pns.zodino_pns_20.zodino_pns_20.abb_acs580_3_output_freq',1040);
INSERT INTO out_argument VALUES('zodino_pns.zodino_pns_20.zodino_pns_20.get_state','zodino_pns.zodino_pns_20.zodino_pns_20.abb_acs580_3_speed_engine',1072);
INSERT INTO out_argument VALUES('zodino_pns.zodino_pns_20.zodino_pns_20.get_state','zodino_pns.zodino_pns_20.zodino_pns_20.abb_acs580_3_amperage_engine',1104);
INSERT INTO out_argument VALUES('zodino_pns.zodino_pns_20.zodino_pns_20.get_state','zodino_pns.zodino_pns_20.zodino_pns_20.abb_acs580_3_voltage_engine',1136);
INSERT INTO out_argument VALUES('zodino_pns.zodino_pns_20.zodino_pns_20.get_state','zodino_pns.zodino_pns_20.zodino_pns_20.abb_acs580_3_power_engine',1152);
INSERT INTO out_argument VALUES('zodino_pns.zodino_pns_20.zodino_pns_20.get_state','zodino_pns.zodino_pns_20.zodino_pns_20.abb_acs580_3_invertor_power_gigawatt',1184);
INSERT INTO out_argument VALUES('zodino_pns.zodino_pns_20.zodino_pns_20.get_state','zodino_pns.zodino_pns_20.zodino_pns_20.abb_acs580_3_invertor_power_megawatt',1200);
INSERT INTO out_argument VALUES('zodino_pns.zodino_pns_20.zodino_pns_20.get_state','zodino_pns.zodino_pns_20.zodino_pns_20.abb_acs580_3_invertor_power_kilowatt',1216);
INSERT INTO out_argument VALUES('zodino_pns.zodino_pns_20.zodino_pns_20.get_state','zodino_pns.zodino_pns_20.zodino_pns_20.abb_acs580_3_disconnecion_reason',1232);
INSERT INTO out_argument VALUES('zodino_pns.zodino_pns_20.zodino_pns_20.get_state','zodino_pns.zodino_pns_20.zodino_pns_20.abb_acs580_3_set_freq',1248);
INSERT INTO out_argument VALUES('zodino_pns.zodino_pns_20.zodino_pns_20.get_state','zodino_pns.zodino_pns_20.zodino_pns_20.abb_acs580_3_fact_value',1280);
INSERT INTO out_argument VALUES('zodino_pns.zodino_pns_20.zodino_pns_20.get_state','zodino_pns.zodino_pns_20.zodino_pns_20.abb_acs580_3_set_pid',1312);
INSERT INTO out_argument VALUES('zodino_pns.zodino_pns_20.zodino_pns_20.get_state','zodino_pns.zodino_pns_20.zodino_pns_20.abb_acs580_3_ready',1344);
INSERT INTO out_argument VALUES('zodino_pns.zodino_pns_20.zodino_pns_20.get_state','zodino_pns.zodino_pns_20.zodino_pns_20.abb_acs580_3_ready_to_run',1345);
INSERT INTO out_argument VALUES('zodino_pns.zodino_pns_20.zodino_pns_20.get_state','zodino_pns.zodino_pns_20.zodino_pns_20.abb_acs580_3_ready_for_task',1346);
INSERT INTO out_argument VALUES('zodino_pns.zodino_pns_20.zodino_pns_20.get_state','zodino_pns.zodino_pns_20.zodino_pns_20.abb_acs580_3_rejection',1347);
INSERT INTO out_argument VALUES('zodino_pns.zodino_pns_20.zodino_pns_20.get_state','zodino_pns.zodino_pns_20.zodino_pns_20.abb_acs580_3_switch_2_inactiv',1348);
INSERT INTO out_argument VALUES('zodino_pns.zodino_pns_20.zodino_pns_20.get_state','zodino_pns.zodino_pns_20.zodino_pns_20.abb_acs580_3_switch_3_inactiv',1349);
INSERT INTO out_argument VALUES('zodino_pns.zodino_pns_20.zodino_pns_20.get_state','zodino_pns.zodino_pns_20.zodino_pns_20.abb_acs580_3_forbid_to_on',1350);
INSERT INTO out_argument VALUES('zodino_pns.zodino_pns_20.zodino_pns_20.get_state','zodino_pns.zodino_pns_20.zodino_pns_20.abb_acs580_3_alert',1351);
INSERT INTO out_argument VALUES('zodino_pns.zodino_pns_20.zodino_pns_20.get_state','zodino_pns.zodino_pns_20.zodino_pns_20.abb_acs580_3_drive_on_setting',1352);
INSERT INTO out_argument VALUES('zodino_pns.zodino_pns_20.zodino_pns_20.get_state','zodino_pns.zodino_pns_20.zodino_pns_20.abb_acs580_3_remote_mode',1353);
INSERT INTO out_argument VALUES('zodino_pns.zodino_pns_20.zodino_pns_20.get_state','zodino_pns.zodino_pns_20.zodino_pns_20.abb_acs580_3_too_high_speed_or_frequency',1354);
INSERT INTO out_argument VALUES('zodino_pns.zodino_pns_20.zodino_pns_20.get_state','zodino_pns.zodino_pns_20.zodino_pns_20.abb_acs580_3_custom1',1355);
INSERT INTO out_argument VALUES('zodino_pns.zodino_pns_20.zodino_pns_20.get_state','zodino_pns.zodino_pns_20.zodino_pns_20.abb_acs580_3_custom2',1356);
INSERT INTO out_argument VALUES('zodino_pns.zodino_pns_20.zodino_pns_20.get_state','zodino_pns.zodino_pns_20.zodino_pns_20.abb_acs580_3_custom3',1357);
INSERT INTO out_argument VALUES('zodino_pns.zodino_pns_20.zodino_pns_20.get_state','zodino_pns.zodino_pns_20.zodino_pns_20.abb_acs580_3_custom4',1358);
INSERT INTO out_argument VALUES('zodino_pns.zodino_pns_20.zodino_pns_20.get_state','zodino_pns.zodino_pns_20.zodino_pns_20.abb_acs580_3_address',1360);
INSERT INTO out_argument VALUES('zodino_pns.zodino_pns_20.zodino_pns_20.get_state','zodino_pns.zodino_pns_20.zodino_pns_20.abb_acs580_3_use_answer',1368);
INSERT INTO out_argument VALUES('zodino_pns.zodino_pns_20.zodino_pns_20.get_state','zodino_pns.zodino_pns_20.zodino_pns_20.abb_acs580_3_common_alm',1369);
INSERT INTO out_argument VALUES('zodino_pns.zodino_pns_20.zodino_pns_20.get_state','zodino_pns.zodino_pns_20.zodino_pns_20.abb_acs580_3_not_answer',1370);
INSERT INTO out_argument VALUES('zodino_pns.zodino_pns_20.zodino_pns_20.get_state','zodino_pns.zodino_pns_20.zodino_pns_20.abb_acs580_3_use',1371);
INSERT INTO out_argument VALUES('zodino_pns.zodino_pns_20.zodino_pns_20.get_state','zodino_pns.zodino_pns_20.zodino_pns_20.abb_acs580_4_output_freq',1376);
INSERT INTO out_argument VALUES('zodino_pns.zodino_pns_20.zodino_pns_20.get_state','zodino_pns.zodino_pns_20.zodino_pns_20.abb_acs580_4_speed_engine',1408);
INSERT INTO out_argument VALUES('zodino_pns.zodino_pns_20.zodino_pns_20.get_state','zodino_pns.zodino_pns_20.zodino_pns_20.abb_acs580_4_amperage_engine',1440);
INSERT INTO out_argument VALUES('zodino_pns.zodino_pns_20.zodino_pns_20.get_state','zodino_pns.zodino_pns_20.zodino_pns_20.abb_acs580_4_voltage_engine',1472);
INSERT INTO out_argument VALUES('zodino_pns.zodino_pns_20.zodino_pns_20.get_state','zodino_pns.zodino_pns_20.zodino_pns_20.abb_acs580_4_power_engine',1488);
INSERT INTO out_argument VALUES('zodino_pns.zodino_pns_20.zodino_pns_20.get_state','zodino_pns.zodino_pns_20.zodino_pns_20.abb_acs580_4_invertor_power_gigawatt',1520);
INSERT INTO out_argument VALUES('zodino_pns.zodino_pns_20.zodino_pns_20.get_state','zodino_pns.zodino_pns_20.zodino_pns_20.abb_acs580_4_invertor_power_megawatt',1536);
INSERT INTO out_argument VALUES('zodino_pns.zodino_pns_20.zodino_pns_20.get_state','zodino_pns.zodino_pns_20.zodino_pns_20.abb_acs580_4_invertor_power_kilowatt',1552);
INSERT INTO out_argument VALUES('zodino_pns.zodino_pns_20.zodino_pns_20.get_state','zodino_pns.zodino_pns_20.zodino_pns_20.abb_acs580_4_disconnecion_reason',1568);
INSERT INTO out_argument VALUES('zodino_pns.zodino_pns_20.zodino_pns_20.get_state','zodino_pns.zodino_pns_20.zodino_pns_20.abb_acs580_4_set_freq',1584);
INSERT INTO out_argument VALUES('zodino_pns.zodino_pns_20.zodino_pns_20.get_state','zodino_pns.zodino_pns_20.zodino_pns_20.abb_acs580_4_fact_value',1616);
INSERT INTO out_argument VALUES('zodino_pns.zodino_pns_20.zodino_pns_20.get_state','zodino_pns.zodino_pns_20.zodino_pns_20.abb_acs580_4_set_pid',1648);
INSERT INTO out_argument VALUES('zodino_pns.zodino_pns_20.zodino_pns_20.get_state','zodino_pns.zodino_pns_20.zodino_pns_20.abb_acs580_4_ready',1680);
INSERT INTO out_argument VALUES('zodino_pns.zodino_pns_20.zodino_pns_20.get_state','zodino_pns.zodino_pns_20.zodino_pns_20.abb_acs580_4_ready_to_run',1681);
INSERT INTO out_argument VALUES('zodino_pns.zodino_pns_20.zodino_pns_20.get_state','zodino_pns.zodino_pns_20.zodino_pns_20.abb_acs580_4_ready_for_task',1682);
INSERT INTO out_argument VALUES('zodino_pns.zodino_pns_20.zodino_pns_20.get_state','zodino_pns.zodino_pns_20.zodino_pns_20.abb_acs580_4_rejection',1683);
INSERT INTO out_argument VALUES('zodino_pns.zodino_pns_20.zodino_pns_20.get_state','zodino_pns.zodino_pns_20.zodino_pns_20.abb_acs580_4_switch_2_inactiv',1684);
INSERT INTO out_argument VALUES('zodino_pns.zodino_pns_20.zodino_pns_20.get_state','zodino_pns.zodino_pns_20.zodino_pns_20.abb_acs580_4_switch_3_inactiv',1685);
INSERT INTO out_argument VALUES('zodino_pns.zodino_pns_20.zodino_pns_20.get_state','zodino_pns.zodino_pns_20.zodino_pns_20.abb_acs580_4_forbid_to_on',1686);
INSERT INTO out_argument VALUES('zodino_pns.zodino_pns_20.zodino_pns_20.get_state','zodino_pns.zodino_pns_20.zodino_pns_20.abb_acs580_4_alert',1687);
INSERT INTO out_argument VALUES('zodino_pns.zodino_pns_20.zodino_pns_20.get_state','zodino_pns.zodino_pns_20.zodino_pns_20.abb_acs580_4_drive_on_setting',1688);
INSERT INTO out_argument VALUES('zodino_pns.zodino_pns_20.zodino_pns_20.get_state','zodino_pns.zodino_pns_20.zodino_pns_20.abb_acs580_4_remote_mode',1689);
INSERT INTO out_argument VALUES('zodino_pns.zodino_pns_20.zodino_pns_20.get_state','zodino_pns.zodino_pns_20.zodino_pns_20.abb_acs580_4_too_high_speed_or_frequency',1690);
INSERT INTO out_argument VALUES('zodino_pns.zodino_pns_20.zodino_pns_20.get_state','zodino_pns.zodino_pns_20.zodino_pns_20.abb_acs580_4_custom1',1691);
INSERT INTO out_argument VALUES('zodino_pns.zodino_pns_20.zodino_pns_20.get_state','zodino_pns.zodino_pns_20.zodino_pns_20.abb_acs580_4_custom2',1692);
INSERT INTO out_argument VALUES('zodino_pns.zodino_pns_20.zodino_pns_20.get_state','zodino_pns.zodino_pns_20.zodino_pns_20.abb_acs580_4_custom3',1693);
INSERT INTO out_argument VALUES('zodino_pns.zodino_pns_20.zodino_pns_20.get_state','zodino_pns.zodino_pns_20.zodino_pns_20.abb_acs580_4_custom4',1694);
INSERT INTO out_argument VALUES('zodino_pns.zodino_pns_20.zodino_pns_20.get_state','zodino_pns.zodino_pns_20.zodino_pns_20.abb_acs580_4_address',1696);
INSERT INTO out_argument VALUES('zodino_pns.zodino_pns_20.zodino_pns_20.get_state','zodino_pns.zodino_pns_20.zodino_pns_20.abb_acs580_4_use_answer',1704);
INSERT INTO out_argument VALUES('zodino_pns.zodino_pns_20.zodino_pns_20.get_state','zodino_pns.zodino_pns_20.zodino_pns_20.abb_acs580_4_common_alm',1705);
INSERT INTO out_argument VALUES('zodino_pns.zodino_pns_20.zodino_pns_20.get_state','zodino_pns.zodino_pns_20.zodino_pns_20.abb_acs580_4_not_answer',1706);
INSERT INTO out_argument VALUES('zodino_pns.zodino_pns_20.zodino_pns_20.get_state','zodino_pns.zodino_pns_20.zodino_pns_20.abb_acs580_4_use',1707);
INSERT INTO out_argument VALUES('zodino_pns.zodino_pns_20.zodino_pns_20.get_state','zodino_pns.zodino_pns_20.zodino_pns_20.abb_acs580_5_output_freq',1712);
INSERT INTO out_argument VALUES('zodino_pns.zodino_pns_20.zodino_pns_20.get_state','zodino_pns.zodino_pns_20.zodino_pns_20.abb_acs580_5_speed_engine',1744);
INSERT INTO out_argument VALUES('zodino_pns.zodino_pns_20.zodino_pns_20.get_state','zodino_pns.zodino_pns_20.zodino_pns_20.abb_acs580_5_amperage_engine',1776);
INSERT INTO out_argument VALUES('zodino_pns.zodino_pns_20.zodino_pns_20.get_state','zodino_pns.zodino_pns_20.zodino_pns_20.abb_acs580_5_voltage_engine',1808);
INSERT INTO out_argument VALUES('zodino_pns.zodino_pns_20.zodino_pns_20.get_state','zodino_pns.zodino_pns_20.zodino_pns_20.abb_acs580_5_power_engine',1824);
INSERT INTO out_argument VALUES('zodino_pns.zodino_pns_20.zodino_pns_20.get_state','zodino_pns.zodino_pns_20.zodino_pns_20.abb_acs580_5_invertor_power_gigawatt',1856);
INSERT INTO out_argument VALUES('zodino_pns.zodino_pns_20.zodino_pns_20.get_state','zodino_pns.zodino_pns_20.zodino_pns_20.abb_acs580_5_invertor_power_megawatt',1872);
INSERT INTO out_argument VALUES('zodino_pns.zodino_pns_20.zodino_pns_20.get_state','zodino_pns.zodino_pns_20.zodino_pns_20.abb_acs580_5_invertor_power_kilowatt',1888);
INSERT INTO out_argument VALUES('zodino_pns.zodino_pns_20.zodino_pns_20.get_state','zodino_pns.zodino_pns_20.zodino_pns_20.abb_acs580_5_disconnecion_reason',1904);
INSERT INTO out_argument VALUES('zodino_pns.zodino_pns_20.zodino_pns_20.get_state','zodino_pns.zodino_pns_20.zodino_pns_20.abb_acs580_5_set_freq',1920);
INSERT INTO out_argument VALUES('zodino_pns.zodino_pns_20.zodino_pns_20.get_state','zodino_pns.zodino_pns_20.zodino_pns_20.abb_acs580_5_fact_value',1952);
INSERT INTO out_argument VALUES('zodino_pns.zodino_pns_20.zodino_pns_20.get_state','zodino_pns.zodino_pns_20.zodino_pns_20.abb_acs580_5_set_pid',1984);
INSERT INTO out_argument VALUES('zodino_pns.zodino_pns_20.zodino_pns_20.get_state','zodino_pns.zodino_pns_20.zodino_pns_20.abb_acs580_5_ready',2016);
INSERT INTO out_argument VALUES('zodino_pns.zodino_pns_20.zodino_pns_20.get_state','zodino_pns.zodino_pns_20.zodino_pns_20.abb_acs580_5_ready_to_run',2017);
INSERT INTO out_argument VALUES('zodino_pns.zodino_pns_20.zodino_pns_20.get_state','zodino_pns.zodino_pns_20.zodino_pns_20.abb_acs580_5_ready_for_task',2018);
INSERT INTO out_argument VALUES('zodino_pns.zodino_pns_20.zodino_pns_20.get_state','zodino_pns.zodino_pns_20.zodino_pns_20.abb_acs580_5_rejection',2019);
INSERT INTO out_argument VALUES('zodino_pns.zodino_pns_20.zodino_pns_20.get_state','zodino_pns.zodino_pns_20.zodino_pns_20.abb_acs580_5_switch_2_inactiv',2020);
INSERT INTO out_argument VALUES('zodino_pns.zodino_pns_20.zodino_pns_20.get_state','zodino_pns.zodino_pns_20.zodino_pns_20.abb_acs580_5_switch_3_inactiv',2021);
INSERT INTO out_argument VALUES('zodino_pns.zodino_pns_20.zodino_pns_20.get_state','zodino_pns.zodino_pns_20.zodino_pns_20.abb_acs580_5_forbid_to_on',2022);
INSERT INTO out_argument VALUES('zodino_pns.zodino_pns_20.zodino_pns_20.get_state','zodino_pns.zodino_pns_20.zodino_pns_20.abb_acs580_5_alert',2023);
INSERT INTO out_argument VALUES('zodino_pns.zodino_pns_20.zodino_pns_20.get_state','zodino_pns.zodino_pns_20.zodino_pns_20.abb_acs580_5_drive_on_setting',2024);
INSERT INTO out_argument VALUES('zodino_pns.zodino_pns_20.zodino_pns_20.get_state','zodino_pns.zodino_pns_20.zodino_pns_20.abb_acs580_5_remote_mode',2025);
INSERT INTO out_argument VALUES('zodino_pns.zodino_pns_20.zodino_pns_20.get_state','zodino_pns.zodino_pns_20.zodino_pns_20.abb_acs580_5_too_high_speed_or_frequency',2026);
INSERT INTO out_argument VALUES('zodino_pns.zodino_pns_20.zodino_pns_20.get_state','zodino_pns.zodino_pns_20.zodino_pns_20.abb_acs580_5_custom1',2027);
INSERT INTO out_argument VALUES('zodino_pns.zodino_pns_20.zodino_pns_20.get_state','zodino_pns.zodino_pns_20.zodino_pns_20.abb_acs580_5_custom2',2028);
INSERT INTO out_argument VALUES('zodino_pns.zodino_pns_20.zodino_pns_20.get_state','zodino_pns.zodino_pns_20.zodino_pns_20.abb_acs580_5_custom3',2029);
INSERT INTO out_argument VALUES('zodino_pns.zodino_pns_20.zodino_pns_20.get_state','zodino_pns.zodino_pns_20.zodino_pns_20.abb_acs580_5_custom4',2030);
INSERT INTO out_argument VALUES('zodino_pns.zodino_pns_20.zodino_pns_20.get_state','zodino_pns.zodino_pns_20.zodino_pns_20.abb_acs580_5_address',2032);
INSERT INTO out_argument VALUES('zodino_pns.zodino_pns_20.zodino_pns_20.get_state','zodino_pns.zodino_pns_20.zodino_pns_20.abb_acs580_5_use_answer',2040);
INSERT INTO out_argument VALUES('zodino_pns.zodino_pns_20.zodino_pns_20.get_state','zodino_pns.zodino_pns_20.zodino_pns_20.abb_acs580_5_common_alm',2041);
INSERT INTO out_argument VALUES('zodino_pns.zodino_pns_20.zodino_pns_20.get_state','zodino_pns.zodino_pns_20.zodino_pns_20.abb_acs580_5_not_answer',2042);
INSERT INTO out_argument VALUES('zodino_pns.zodino_pns_20.zodino_pns_20.get_state','zodino_pns.zodino_pns_20.zodino_pns_20.abb_acs580_5_use',2043);
INSERT INTO out_argument VALUES('zodino_pns.zodino_pns_20.zodino_pns_20.get_state','zodino_pns.zodino_pns_20.zodino_pns_20.fc_current_task',2048);
INSERT INTO out_argument VALUES('zodino_pns.zodino_pns_20.zodino_pns_20.get_state','zodino_pns.zodino_pns_20.zodino_pns_20.fc_work_mode',2056);
INSERT INTO out_argument VALUES('zodino_pns.zodino_pns_20.zodino_pns_20.get_state','zodino_pns.zodino_pns_20.zodino_pns_20.rs_time_rotation_hour',2064);
INSERT INTO out_argument VALUES('zodino_pns.zodino_pns_20.zodino_pns_20.get_state','zodino_pns.zodino_pns_20.zodino_pns_20.rs_time_rotation_minute',2072);
INSERT INTO out_argument VALUES('zodino_pns.zodino_pns_20.zodino_pns_20.get_state','zodino_pns.zodino_pns_20.zodino_pns_20.rs_period_rotation',2080);
INSERT INTO out_argument VALUES('zodino_pns.zodino_pns_20.zodino_pns_20.get_state','zodino_pns.zodino_pns_20.zodino_pns_20.rs_p1_use_rotation',2096);
INSERT INTO out_argument VALUES('zodino_pns.zodino_pns_20.zodino_pns_20.get_state','zodino_pns.zodino_pns_20.zodino_pns_20.rs_p2_use_rotation',2097);
INSERT INTO out_argument VALUES('zodino_pns.zodino_pns_20.zodino_pns_20.get_state','zodino_pns.zodino_pns_20.zodino_pns_20.rs_p3_use_rotation',2098);
INSERT INTO out_argument VALUES('zodino_pns.zodino_pns_20.zodino_pns_20.get_state','zodino_pns.zodino_pns_20.zodino_pns_20.rs_p4_use_rotation',2099);
INSERT INTO out_argument VALUES('zodino_pns.zodino_pns_20.zodino_pns_20.get_state','zodino_pns.zodino_pns_20.zodino_pns_20.rs_p5_use_rotation',2100);
INSERT INTO out_argument VALUES('zodino_pns.zodino_pns_20.zodino_pns_20.get_state','zodino_pns.zodino_pns_20.zodino_pns_20.rs_use_time_rotation',2104);
INSERT INTO out_argument VALUES('zodino_pns.zodino_pns_20.zodino_pns_20.get_state','zodino_pns.zodino_pns_20.zodino_pns_20.rs_use_rotation_via_period',2105);
INSERT INTO out_argument VALUES('zodino_pns.zodino_pns_20.zodino_pns_20.get_state','zodino_pns.zodino_pns_20.zodino_pns_20.rs_need_rotation',2106);
INSERT INTO out_argument VALUES('zodino_pns.zodino_pns_20.zodino_pns_20.get_state','zodino_pns.zodino_pns_20.zodino_pns_20.alm_time_incorrect',2112);
INSERT INTO out_argument VALUES('zodino_pns.zodino_pns_20.zodino_pns_20.get_state','zodino_pns.zodino_pns_20.zodino_pns_20.alm_water',2113);
INSERT INTO out_argument VALUES('zodino_pns.zodino_pns_20.zodino_pns_20.get_state','zodino_pns.zodino_pns_20.zodino_pns_20.alm_nsd',2114);
INSERT INTO out_argument VALUES('zodino_pns.zodino_pns_20.zodino_pns_20.get_state','zodino_pns.zodino_pns_20.zodino_pns_20.alm_power',2115);
INSERT INTO out_argument VALUES('zodino_pns.zodino_pns_20.zodino_pns_20.get_state','zodino_pns.zodino_pns_20.zodino_pns_20.alm_block_di1_not_answer',2116);
INSERT INTO out_argument VALUES('zodino_pns.zodino_pns_20.zodino_pns_20.get_state','zodino_pns.zodino_pns_20.zodino_pns_20.alm_block_di2_not_answer',2117);
INSERT INTO out_argument VALUES('zodino_pns.zodino_pns_20.zodino_pns_20.get_state','zodino_pns.zodino_pns_20.zodino_pns_20.alm_block_do1_not_answer',2118);
INSERT INTO out_argument VALUES('zodino_pns.zodino_pns_20.zodino_pns_20.get_state','zodino_pns.zodino_pns_20.zodino_pns_20.alm_block_rs485_1_not_answer',2119);
INSERT INTO out_argument VALUES('zodino_pns.zodino_pns_20.zodino_pns_20.get_state','zodino_pns.zodino_pns_20.zodino_pns_20.alm_block_rs485_2_not_answer',2120);
INSERT INTO out_argument VALUES('zodino_pns.zodino_pns_20.zodino_pns_20.get_state','zodino_pns.zodino_pns_20.zodino_pns_20.mode_alm_nsd',2128);
INSERT INTO out_argument VALUES('zodino_pns.zodino_pns_20.zodino_pns_20.get_state','zodino_pns.zodino_pns_20.zodino_pns_20.p1_mode',2136);
INSERT INTO out_argument VALUES('zodino_pns.zodino_pns_20.zodino_pns_20.get_state','zodino_pns.zodino_pns_20.zodino_pns_20.p2_mode',2137);
INSERT INTO out_argument VALUES('zodino_pns.zodino_pns_20.zodino_pns_20.get_state','zodino_pns.zodino_pns_20.zodino_pns_20.p3_mode',2138);
INSERT INTO out_argument VALUES('zodino_pns.zodino_pns_20.zodino_pns_20.get_state','zodino_pns.zodino_pns_20.zodino_pns_20.p4_mode',2139);
INSERT INTO out_argument VALUES('zodino_pns.zodino_pns_20.zodino_pns_20.get_state','zodino_pns.zodino_pns_20.zodino_pns_20.p5_mode',2140);
INSERT INTO out_argument VALUES('zodino_pns.zodino_pns_20.zodino_pns_20.get_state','zodino_pns.zodino_pns_20.zodino_pns_20.p1_state',2144);
INSERT INTO out_argument VALUES('zodino_pns.zodino_pns_20.zodino_pns_20.get_state','zodino_pns.zodino_pns_20.zodino_pns_20.p2_state',2145);
INSERT INTO out_argument VALUES('zodino_pns.zodino_pns_20.zodino_pns_20.get_state','zodino_pns.zodino_pns_20.zodino_pns_20.p3_state',2146);
INSERT INTO out_argument VALUES('zodino_pns.zodino_pns_20.zodino_pns_20.get_state','zodino_pns.zodino_pns_20.zodino_pns_20.p4_state',2147);
INSERT INTO out_argument VALUES('zodino_pns.zodino_pns_20.zodino_pns_20.get_state','zodino_pns.zodino_pns_20.zodino_pns_20.p5_state',2148);
INSERT INTO out_argument VALUES('zodino_pns.zodino_pns_20.zodino_pns_20.get_state','zodino_pns.zodino_pns_20.zodino_pns_20.time_work_p1_minute',2152);
INSERT INTO out_argument VALUES('zodino_pns.zodino_pns_20.zodino_pns_20.get_state','zodino_pns.zodino_pns_20.zodino_pns_20.time_work_p2_minute',2160);
INSERT INTO out_argument VALUES('zodino_pns.zodino_pns_20.zodino_pns_20.get_state','zodino_pns.zodino_pns_20.zodino_pns_20.time_work_p3_minute',2168);
INSERT INTO out_argument VALUES('zodino_pns.zodino_pns_20.zodino_pns_20.get_state','zodino_pns.zodino_pns_20.zodino_pns_20.time_work_p4_minute',2176);
INSERT INTO out_argument VALUES('zodino_pns.zodino_pns_20.zodino_pns_20.get_state','zodino_pns.zodino_pns_20.zodino_pns_20.time_work_p5_minute',2184);
INSERT INTO out_argument VALUES('zodino_pns.zodino_pns_20.zodino_pns_20.get_state','zodino_pns.zodino_pns_20.zodino_pns_20.time_work_p1_hour',2192);
INSERT INTO out_argument VALUES('zodino_pns.zodino_pns_20.zodino_pns_20.get_state','zodino_pns.zodino_pns_20.zodino_pns_20.time_work_p2_hour',2208);
INSERT INTO out_argument VALUES('zodino_pns.zodino_pns_20.zodino_pns_20.get_state','zodino_pns.zodino_pns_20.zodino_pns_20.time_work_p3_hour',2224);
INSERT INTO out_argument VALUES('zodino_pns.zodino_pns_20.zodino_pns_20.get_state','zodino_pns.zodino_pns_20.zodino_pns_20.time_work_p4_hour',2240);
INSERT INTO out_argument VALUES('zodino_pns.zodino_pns_20.zodino_pns_20.get_state','zodino_pns.zodino_pns_20.zodino_pns_20.time_work_p5_hour',2256);
INSERT INTO out_argument VALUES('zodino_pns.zodino_pns_20.zodino_pns_20.get_state','zodino_pns.zodino_pns_20.zodino_pns_20.num_main_pump',2272);
INSERT INTO out_argument VALUES('zodino_pns.zodino_pns_20.zodino_pns_20.get_state','zodino_pns.zodino_pns_20.zodino_pns_20.correction_to_fc_task',2280);
INSERT INTO out_argument VALUES('zodino_pns.zodino_pns_20.zodino_pns_20.get_state','zodino_pns.zodino_pns_20.zodino_pns_20.mode_autokeep_ps',2288);
INSERT INTO out_argument VALUES('zodino_pns.zodino_pns_20.zodino_pns_20.get_state','zodino_pns.zodino_pns_20.zodino_pns_20.p1_use',2289);
INSERT INTO out_argument VALUES('zodino_pns.zodino_pns_20.zodino_pns_20.get_state','zodino_pns.zodino_pns_20.zodino_pns_20.p2_use',2290);
INSERT INTO out_argument VALUES('zodino_pns.zodino_pns_20.zodino_pns_20.get_state','zodino_pns.zodino_pns_20.zodino_pns_20.p3_use',2291);
INSERT INTO out_argument VALUES('zodino_pns.zodino_pns_20.zodino_pns_20.get_state','zodino_pns.zodino_pns_20.zodino_pns_20.p4_use',2292);
INSERT INTO out_argument VALUES('zodino_pns.zodino_pns_20.zodino_pns_20.get_state','zodino_pns.zodino_pns_20.zodino_pns_20.p5_use',2293);
INSERT INTO out_argument VALUES('zodino_pns.zodino_pns_20.zodino_pns_20.get_state','zodino_pns.zodino_pns_20.zodino_pns_20.delta_autokeep_ps',2296);
INSERT INTO out_argument VALUES('zodino_pns.zodino_pns_20.zodino_pns_20.get_state','zodino_pns.zodino_pns_20.zodino_pns_20.delay_stabilization_system_autokeep',2304);
INSERT INTO out_argument VALUES('zodino_pns.zodino_pns_20.zodino_pns_20.get_state','zodino_pns.zodino_pns_20.zodino_pns_20.p2_off_low_frequency',2320);
INSERT INTO out_argument VALUES('zodino_pns.zodino_pns_20.zodino_pns_20.get_state','zodino_pns.zodino_pns_20.zodino_pns_20.p2_on_high_frequency',2352);
INSERT INTO out_argument VALUES('zodino_pns.zodino_pns_20.zodino_pns_20.get_state','zodino_pns.zodino_pns_20.zodino_pns_20.p3_off_low_frequency',2384);
INSERT INTO out_argument VALUES('zodino_pns.zodino_pns_20.zodino_pns_20.get_state','zodino_pns.zodino_pns_20.zodino_pns_20.p3_on_high_frequency',2416);
INSERT INTO out_argument VALUES('zodino_pns.zodino_pns_20.zodino_pns_20.get_state','zodino_pns.zodino_pns_20.zodino_pns_20.p4_off_low_frequency',2448);
INSERT INTO out_argument VALUES('zodino_pns.zodino_pns_20.zodino_pns_20.get_state','zodino_pns.zodino_pns_20.zodino_pns_20.p4_on_high_frequency',2480);
INSERT INTO out_argument VALUES('zodino_pns.zodino_pns_20.zodino_pns_20.get_state','zodino_pns.zodino_pns_20.zodino_pns_20.p5_off_low_frequency',2512);
INSERT INTO out_argument VALUES('zodino_pns.zodino_pns_20.zodino_pns_20.get_state','zodino_pns.zodino_pns_20.zodino_pns_20.p5_on_high_frequency',2544);
INSERT INTO out_argument VALUES('zodino_pns.zodino_pns_20.zodino_pns_20.get_state','zodino_pns.zodino_pns_20.zodino_pns_20.freq_time_analys_sec',2576);
INSERT INTO command_param VALUES('zodino_pns.zodino_pns_20.zodino_pns_20.get_state','code','1');
INSERT INTO command_param VALUES('zodino_pns.zodino_pns_20.zodino_pns_20.get_state','devt','0');
INSERT INTO command_param VALUES('zodino_pns.zodino_pns_20.zodino_pns_20.get_state','devn','0');
INSERT INTO command VALUES('zodino_pns.zodino_pns_20.abb_acs580_2.get_state','zodino_pns.zodino_pns_20','zodino_pns.zodino_pns_20.abb_acs580_2','plg','alm','Получить состояние');
INSERT INTO out_argument VALUES('zodino_pns.zodino_pns_20.abb_acs580_2.get_state','zodino_pns.zodino_pns_20.abb_acs580_2.abb_acs580_2_output_freq',0);
INSERT INTO out_argument VALUES('zodino_pns.zodino_pns_20.abb_acs580_2.get_state','zodino_pns.zodino_pns_20.abb_acs580_2.abb_acs580_2_speed_engine',32);
INSERT INTO out_argument VALUES('zodino_pns.zodino_pns_20.abb_acs580_2.get_state','zodino_pns.zodino_pns_20.abb_acs580_2.abb_acs580_2_amperage_engine',64);
INSERT INTO out_argument VALUES('zodino_pns.zodino_pns_20.abb_acs580_2.get_state','zodino_pns.zodino_pns_20.abb_acs580_2.abb_acs580_2_voltage_engine',96);
INSERT INTO out_argument VALUES('zodino_pns.zodino_pns_20.abb_acs580_2.get_state','zodino_pns.zodino_pns_20.abb_acs580_2.abb_acs580_2_power_engine',112);
INSERT INTO out_argument VALUES('zodino_pns.zodino_pns_20.abb_acs580_2.get_state','zodino_pns.zodino_pns_20.abb_acs580_2.abb_acs580_2_invertor_power_gigawatt',144);
INSERT INTO out_argument VALUES('zodino_pns.zodino_pns_20.abb_acs580_2.get_state','zodino_pns.zodino_pns_20.abb_acs580_2.abb_acs580_2_invertor_power_megawatt',160);
INSERT INTO out_argument VALUES('zodino_pns.zodino_pns_20.abb_acs580_2.get_state','zodino_pns.zodino_pns_20.abb_acs580_2.abb_acs580_2_invertor_power_kilowatt',176);
INSERT INTO out_argument VALUES('zodino_pns.zodino_pns_20.abb_acs580_2.get_state','zodino_pns.zodino_pns_20.abb_acs580_2.abb_acs580_2_disconnecion_reason',192);
INSERT INTO out_argument VALUES('zodino_pns.zodino_pns_20.abb_acs580_2.get_state','zodino_pns.zodino_pns_20.abb_acs580_2.abb_acs580_2_set_freq',208);
INSERT INTO out_argument VALUES('zodino_pns.zodino_pns_20.abb_acs580_2.get_state','zodino_pns.zodino_pns_20.abb_acs580_2.abb_acs580_2_fact_value',240);
INSERT INTO out_argument VALUES('zodino_pns.zodino_pns_20.abb_acs580_2.get_state','zodino_pns.zodino_pns_20.abb_acs580_2.abb_acs580_2_set_pid',272);
INSERT INTO out_argument VALUES('zodino_pns.zodino_pns_20.abb_acs580_2.get_state','zodino_pns.zodino_pns_20.abb_acs580_2.abb_acs580_2_ready',304);
INSERT INTO out_argument VALUES('zodino_pns.zodino_pns_20.abb_acs580_2.get_state','zodino_pns.zodino_pns_20.abb_acs580_2.abb_acs580_2_ready_to_run',305);
INSERT INTO out_argument VALUES('zodino_pns.zodino_pns_20.abb_acs580_2.get_state','zodino_pns.zodino_pns_20.abb_acs580_2.abb_acs580_2_ready_for_task',306);
INSERT INTO out_argument VALUES('zodino_pns.zodino_pns_20.abb_acs580_2.get_state','zodino_pns.zodino_pns_20.abb_acs580_2.abb_acs580_2_rejection',307);
INSERT INTO out_argument VALUES('zodino_pns.zodino_pns_20.abb_acs580_2.get_state','zodino_pns.zodino_pns_20.abb_acs580_2.abb_acs580_2_switch_2_inactiv',308);
INSERT INTO out_argument VALUES('zodino_pns.zodino_pns_20.abb_acs580_2.get_state','zodino_pns.zodino_pns_20.abb_acs580_2.abb_acs580_2_switch_3_inactiv',309);
INSERT INTO out_argument VALUES('zodino_pns.zodino_pns_20.abb_acs580_2.get_state','zodino_pns.zodino_pns_20.abb_acs580_2.abb_acs580_2_forbid_to_on',310);
INSERT INTO out_argument VALUES('zodino_pns.zodino_pns_20.abb_acs580_2.get_state','zodino_pns.zodino_pns_20.abb_acs580_2.abb_acs580_2_alert',311);
INSERT INTO out_argument VALUES('zodino_pns.zodino_pns_20.abb_acs580_2.get_state','zodino_pns.zodino_pns_20.abb_acs580_2.abb_acs580_2_drive_on_setting',312);
INSERT INTO out_argument VALUES('zodino_pns.zodino_pns_20.abb_acs580_2.get_state','zodino_pns.zodino_pns_20.abb_acs580_2.abb_acs580_2_remote_mode',313);
INSERT INTO out_argument VALUES('zodino_pns.zodino_pns_20.abb_acs580_2.get_state','zodino_pns.zodino_pns_20.abb_acs580_2.abb_acs580_2_too_high_speed_or_frequency',314);
INSERT INTO out_argument VALUES('zodino_pns.zodino_pns_20.abb_acs580_2.get_state','zodino_pns.zodino_pns_20.abb_acs580_2.abb_acs580_2_custom1',315);
INSERT INTO out_argument VALUES('zodino_pns.zodino_pns_20.abb_acs580_2.get_state','zodino_pns.zodino_pns_20.abb_acs580_2.abb_acs580_2_custom2',316);
INSERT INTO out_argument VALUES('zodino_pns.zodino_pns_20.abb_acs580_2.get_state','zodino_pns.zodino_pns_20.abb_acs580_2.abb_acs580_2_custom3',317);
INSERT INTO out_argument VALUES('zodino_pns.zodino_pns_20.abb_acs580_2.get_state','zodino_pns.zodino_pns_20.abb_acs580_2.abb_acs580_2_custom4',318);
INSERT INTO out_argument VALUES('zodino_pns.zodino_pns_20.abb_acs580_2.get_state','zodino_pns.zodino_pns_20.abb_acs580_2.abb_acs580_2_address',320);
INSERT INTO out_argument VALUES('zodino_pns.zodino_pns_20.abb_acs580_2.get_state','zodino_pns.zodino_pns_20.abb_acs580_2.abb_acs580_2_use_answer',328);
INSERT INTO out_argument VALUES('zodino_pns.zodino_pns_20.abb_acs580_2.get_state','zodino_pns.zodino_pns_20.abb_acs580_2.abb_acs580_2_common_alm',329);
INSERT INTO out_argument VALUES('zodino_pns.zodino_pns_20.abb_acs580_2.get_state','zodino_pns.zodino_pns_20.abb_acs580_2.abb_acs580_2_not_answer',330);
INSERT INTO out_argument VALUES('zodino_pns.zodino_pns_20.abb_acs580_2.get_state','zodino_pns.zodino_pns_20.abb_acs580_2.abb_acs580_2_use',331);
INSERT INTO command_param VALUES('zodino_pns.zodino_pns_20.abb_acs580_2.get_state','devt','0');
INSERT INTO command_param VALUES('zodino_pns.zodino_pns_20.abb_acs580_2.get_state','devn','14');
INSERT INTO command_param VALUES('zodino_pns.zodino_pns_20.abb_acs580_2.get_state','code','0');
INSERT INTO command VALUES('zodino_pns.zodino_pns_20.abb_acs580_2.set_use_answer','zodino_pns.zodino_pns_20','zodino_pns.zodino_pns_20.abb_acs580_2','plg','alm','Установить использование анализа ответа');
INSERT INTO in_argument VALUES('zodino_pns.zodino_pns_20.abb_acs580_2.set_use_answer','zodino_pns.zodino_pns_20.abb_acs580_2.abb_acs580_2_use_answer',0);
INSERT INTO out_argument VALUES('zodino_pns.zodino_pns_20.abb_acs580_2.set_use_answer','zodino_pns.zodino_pns_20.abb_acs580_2.abb_acs580_2_use_answer',0);
INSERT INTO command_param VALUES('zodino_pns.zodino_pns_20.abb_acs580_2.set_use_answer','devt','0');
INSERT INTO command_param VALUES('zodino_pns.zodino_pns_20.abb_acs580_2.set_use_answer','devn','14');
INSERT INTO command_param VALUES('zodino_pns.zodino_pns_20.abb_acs580_2.set_use_answer','code','1');
INSERT INTO command VALUES('zodino_pns.zodino_pns_20.abb_acs580_2.set_address','zodino_pns.zodino_pns_20','zodino_pns.zodino_pns_20.abb_acs580_2','plg','sys','Установить адрес датчика');
INSERT INTO in_argument VALUES('zodino_pns.zodino_pns_20.abb_acs580_2.set_address','zodino_pns.zodino_pns_20.abb_acs580_2.abb_acs580_2_address',0);
INSERT INTO out_argument VALUES('zodino_pns.zodino_pns_20.abb_acs580_2.set_address','zodino_pns.zodino_pns_20.abb_acs580_2.abb_acs580_2_address',0);
INSERT INTO command_param VALUES('zodino_pns.zodino_pns_20.abb_acs580_2.set_address','devt','0');
INSERT INTO command_param VALUES('zodino_pns.zodino_pns_20.abb_acs580_2.set_address','devn','14');
INSERT INTO command_param VALUES('zodino_pns.zodino_pns_20.abb_acs580_2.set_address','code','2');
INSERT INTO command VALUES('zodino_pns.zodino_pns_20.abb_acs580_2.set_use','zodino_pns.zodino_pns_20','zodino_pns.zodino_pns_20.abb_acs580_2','plg','sys','Установить использование датчика');
INSERT INTO in_argument VALUES('zodino_pns.zodino_pns_20.abb_acs580_2.set_use','zodino_pns.zodino_pns_20.abb_acs580_2.abb_acs580_2_use',0);
INSERT INTO out_argument VALUES('zodino_pns.zodino_pns_20.abb_acs580_2.set_use','zodino_pns.zodino_pns_20.abb_acs580_2.abb_acs580_2_use',0);
INSERT INTO command_param VALUES('zodino_pns.zodino_pns_20.abb_acs580_2.set_use','devt','0');
INSERT INTO command_param VALUES('zodino_pns.zodino_pns_20.abb_acs580_2.set_use','devn','14');
INSERT INTO command_param VALUES('zodino_pns.zodino_pns_20.abb_acs580_2.set_use','code','3');
INSERT INTO command VALUES('zodino_pns.zodino_pns_20.abb_acs580_2.set_task_freq','zodino_pns.zodino_pns_20','zodino_pns.zodino_pns_20.abb_acs580_2','plg','sys','Установить задание частоты');
INSERT INTO in_argument VALUES('zodino_pns.zodino_pns_20.abb_acs580_2.set_task_freq','zodino_pns.zodino_pns_20.abb_acs580_2.abb_acs580_2_set_freq',0);
INSERT INTO out_argument VALUES('zodino_pns.zodino_pns_20.abb_acs580_2.set_task_freq','zodino_pns.zodino_pns_20.abb_acs580_2.abb_acs580_2_set_freq',0);
INSERT INTO command_param VALUES('zodino_pns.zodino_pns_20.abb_acs580_2.set_task_freq','devt','0');
INSERT INTO command_param VALUES('zodino_pns.zodino_pns_20.abb_acs580_2.set_task_freq','devn','14');
INSERT INTO command_param VALUES('zodino_pns.zodino_pns_20.abb_acs580_2.set_task_freq','code','4');
INSERT INTO command VALUES('zodino_pns.zodino_pns_20.abb_acs580_2.set_task_pid','zodino_pns.zodino_pns_20','zodino_pns.zodino_pns_20.abb_acs580_2','plg','sys','Установить задание ПИД');
INSERT INTO in_argument VALUES('zodino_pns.zodino_pns_20.abb_acs580_2.set_task_pid','zodino_pns.zodino_pns_20.abb_acs580_2.abb_acs580_2_set_pid',0);
INSERT INTO out_argument VALUES('zodino_pns.zodino_pns_20.abb_acs580_2.set_task_pid','zodino_pns.zodino_pns_20.abb_acs580_2.abb_acs580_2_set_pid',0);
INSERT INTO command_param VALUES('zodino_pns.zodino_pns_20.abb_acs580_2.set_task_pid','devt','0');
INSERT INTO command_param VALUES('zodino_pns.zodino_pns_20.abb_acs580_2.set_task_pid','devn','14');
INSERT INTO command_param VALUES('zodino_pns.zodino_pns_20.abb_acs580_2.set_task_pid','code','5');
INSERT INTO command VALUES('zodino_pns.zodino_pns_20.abb_acs580_2.set_on_off_engine','zodino_pns.zodino_pns_20','zodino_pns.zodino_pns_20.abb_acs580_2','plg','sys','Вкл./Выкл. двигатель ');
INSERT INTO in_argument VALUES('zodino_pns.zodino_pns_20.abb_acs580_2.set_on_off_engine','zodino_pns.zodino_pns_20.abb_acs580_2.abb_acs580_2_work',0);
INSERT INTO out_argument VALUES('zodino_pns.zodino_pns_20.abb_acs580_2.set_on_off_engine','zodino_pns.zodino_pns_20.abb_acs580_2.abb_acs580_2_work',0);
INSERT INTO command_param VALUES('zodino_pns.zodino_pns_20.abb_acs580_2.set_on_off_engine','devt','0');
INSERT INTO command_param VALUES('zodino_pns.zodino_pns_20.abb_acs580_2.set_on_off_engine','devn','14');
INSERT INTO command_param VALUES('zodino_pns.zodino_pns_20.abb_acs580_2.set_on_off_engine','code','6');
INSERT INTO command VALUES('zodino_pns.zodino_pns_20.abb_acs580_2.set_reset_alarm','zodino_pns.zodino_pns_20','zodino_pns.zodino_pns_20.abb_acs580_2','plg','sys','Сбросить ошибки ПЧ');
INSERT INTO command_param VALUES('zodino_pns.zodino_pns_20.abb_acs580_2.set_reset_alarm','devt','0');
INSERT INTO command_param VALUES('zodino_pns.zodino_pns_20.abb_acs580_2.set_reset_alarm','devn','14');
INSERT INTO command_param VALUES('zodino_pns.zodino_pns_20.abb_acs580_2.set_reset_alarm','code','7');
INSERT INTO command VALUES('zodino_pns.zodino_pns_20.abb_acs580_1.get_state','zodino_pns.zodino_pns_20','zodino_pns.zodino_pns_20.abb_acs580_1','plg','sys','Получить состояние');
INSERT INTO out_argument VALUES('zodino_pns.zodino_pns_20.abb_acs580_1.get_state','zodino_pns.zodino_pns_20.abb_acs580_1.abb_acs580_1_output_freq',0);
INSERT INTO out_argument VALUES('zodino_pns.zodino_pns_20.abb_acs580_1.get_state','zodino_pns.zodino_pns_20.abb_acs580_1.abb_acs580_1_speed_engine',32);
INSERT INTO out_argument VALUES('zodino_pns.zodino_pns_20.abb_acs580_1.get_state','zodino_pns.zodino_pns_20.abb_acs580_1.abb_acs580_1_amperage_engine',64);
INSERT INTO out_argument VALUES('zodino_pns.zodino_pns_20.abb_acs580_1.get_state','zodino_pns.zodino_pns_20.abb_acs580_1.abb_acs580_1_voltage_engine',96);
INSERT INTO out_argument VALUES('zodino_pns.zodino_pns_20.abb_acs580_1.get_state','zodino_pns.zodino_pns_20.abb_acs580_1.abb_acs580_1_power_engine',112);
INSERT INTO out_argument VALUES('zodino_pns.zodino_pns_20.abb_acs580_1.get_state','zodino_pns.zodino_pns_20.abb_acs580_1.abb_acs580_1_invertor_power_gigawatt',144);
INSERT INTO out_argument VALUES('zodino_pns.zodino_pns_20.abb_acs580_1.get_state','zodino_pns.zodino_pns_20.abb_acs580_1.abb_acs580_1_invertor_power_megawatt',160);
INSERT INTO out_argument VALUES('zodino_pns.zodino_pns_20.abb_acs580_1.get_state','zodino_pns.zodino_pns_20.abb_acs580_1.abb_acs580_1_invertor_power_kilowatt',176);
INSERT INTO out_argument VALUES('zodino_pns.zodino_pns_20.abb_acs580_1.get_state','zodino_pns.zodino_pns_20.abb_acs580_1.abb_acs580_1_disconnecion_reason',192);
INSERT INTO out_argument VALUES('zodino_pns.zodino_pns_20.abb_acs580_1.get_state','zodino_pns.zodino_pns_20.abb_acs580_1.abb_acs580_1_set_freq',208);
INSERT INTO out_argument VALUES('zodino_pns.zodino_pns_20.abb_acs580_1.get_state','zodino_pns.zodino_pns_20.abb_acs580_1.abb_acs580_1_fact_value',240);
INSERT INTO out_argument VALUES('zodino_pns.zodino_pns_20.abb_acs580_1.get_state','zodino_pns.zodino_pns_20.abb_acs580_1.abb_acs580_1_set_pid',272);
INSERT INTO out_argument VALUES('zodino_pns.zodino_pns_20.abb_acs580_1.get_state','zodino_pns.zodino_pns_20.abb_acs580_1.abb_acs580_1_ready',304);
INSERT INTO out_argument VALUES('zodino_pns.zodino_pns_20.abb_acs580_1.get_state','zodino_pns.zodino_pns_20.abb_acs580_1.abb_acs580_1_ready_to_run',305);
INSERT INTO out_argument VALUES('zodino_pns.zodino_pns_20.abb_acs580_1.get_state','zodino_pns.zodino_pns_20.abb_acs580_1.abb_acs580_1_ready_for_task',306);
INSERT INTO out_argument VALUES('zodino_pns.zodino_pns_20.abb_acs580_1.get_state','zodino_pns.zodino_pns_20.abb_acs580_1.abb_acs580_1_rejection',307);
INSERT INTO out_argument VALUES('zodino_pns.zodino_pns_20.abb_acs580_1.get_state','zodino_pns.zodino_pns_20.abb_acs580_1.abb_acs580_1_switch_2_inactiv',308);
INSERT INTO out_argument VALUES('zodino_pns.zodino_pns_20.abb_acs580_1.get_state','zodino_pns.zodino_pns_20.abb_acs580_1.abb_acs580_1_switch_3_inactiv',309);
INSERT INTO out_argument VALUES('zodino_pns.zodino_pns_20.abb_acs580_1.get_state','zodino_pns.zodino_pns_20.abb_acs580_1.abb_acs580_1_forbid_to_on',310);
INSERT INTO out_argument VALUES('zodino_pns.zodino_pns_20.abb_acs580_1.get_state','zodino_pns.zodino_pns_20.abb_acs580_1.abb_acs580_1_alert',311);
INSERT INTO out_argument VALUES('zodino_pns.zodino_pns_20.abb_acs580_1.get_state','zodino_pns.zodino_pns_20.abb_acs580_1.abb_acs580_1_drive_on_setting',312);
INSERT INTO out_argument VALUES('zodino_pns.zodino_pns_20.abb_acs580_1.get_state','zodino_pns.zodino_pns_20.abb_acs580_1.abb_acs580_1_remote_mode',313);
INSERT INTO out_argument VALUES('zodino_pns.zodino_pns_20.abb_acs580_1.get_state','zodino_pns.zodino_pns_20.abb_acs580_1.abb_acs580_1_too_high_speed_or_frequency',314);
INSERT INTO out_argument VALUES('zodino_pns.zodino_pns_20.abb_acs580_1.get_state','zodino_pns.zodino_pns_20.abb_acs580_1.abb_acs580_1_custom1',315);
INSERT INTO out_argument VALUES('zodino_pns.zodino_pns_20.abb_acs580_1.get_state','zodino_pns.zodino_pns_20.abb_acs580_1.abb_acs580_1_custom2',316);
INSERT INTO out_argument VALUES('zodino_pns.zodino_pns_20.abb_acs580_1.get_state','zodino_pns.zodino_pns_20.abb_acs580_1.abb_acs580_1_custom3',317);
INSERT INTO out_argument VALUES('zodino_pns.zodino_pns_20.abb_acs580_1.get_state','zodino_pns.zodino_pns_20.abb_acs580_1.abb_acs580_1_custom4',318);
INSERT INTO out_argument VALUES('zodino_pns.zodino_pns_20.abb_acs580_1.get_state','zodino_pns.zodino_pns_20.abb_acs580_1.abb_acs580_1_address',320);
INSERT INTO out_argument VALUES('zodino_pns.zodino_pns_20.abb_acs580_1.get_state','zodino_pns.zodino_pns_20.abb_acs580_1.abb_acs580_1_use_answer',328);
INSERT INTO out_argument VALUES('zodino_pns.zodino_pns_20.abb_acs580_1.get_state','zodino_pns.zodino_pns_20.abb_acs580_1.abb_acs580_1_common_alm',329);
INSERT INTO out_argument VALUES('zodino_pns.zodino_pns_20.abb_acs580_1.get_state','zodino_pns.zodino_pns_20.abb_acs580_1.abb_acs580_1_not_answer',330);
INSERT INTO out_argument VALUES('zodino_pns.zodino_pns_20.abb_acs580_1.get_state','zodino_pns.zodino_pns_20.abb_acs580_1.abb_acs580_1_use',331);
INSERT INTO command_param VALUES('zodino_pns.zodino_pns_20.abb_acs580_1.get_state','devt','0');
INSERT INTO command_param VALUES('zodino_pns.zodino_pns_20.abb_acs580_1.get_state','devn','13');
INSERT INTO command_param VALUES('zodino_pns.zodino_pns_20.abb_acs580_1.get_state','code','0');
INSERT INTO command VALUES('zodino_pns.zodino_pns_20.abb_acs580_1.set_use_answer','zodino_pns.zodino_pns_20','zodino_pns.zodino_pns_20.abb_acs580_1','plg','sys','Установить использование анализа ответа');
INSERT INTO in_argument VALUES('zodino_pns.zodino_pns_20.abb_acs580_1.set_use_answer','zodino_pns.zodino_pns_20.abb_acs580_1.abb_acs580_1_use_answer',0);
INSERT INTO out_argument VALUES('zodino_pns.zodino_pns_20.abb_acs580_1.set_use_answer','zodino_pns.zodino_pns_20.abb_acs580_1.abb_acs580_1_use_answer',0);
INSERT INTO command_param VALUES('zodino_pns.zodino_pns_20.abb_acs580_1.set_use_answer','devt','0');
INSERT INTO command_param VALUES('zodino_pns.zodino_pns_20.abb_acs580_1.set_use_answer','devn','13');
INSERT INTO command_param VALUES('zodino_pns.zodino_pns_20.abb_acs580_1.set_use_answer','code','1');
INSERT INTO command VALUES('zodino_pns.zodino_pns_20.abb_acs580_1.set_address','zodino_pns.zodino_pns_20','zodino_pns.zodino_pns_20.abb_acs580_1','plg','sys','Установить адрес датчика');
INSERT INTO in_argument VALUES('zodino_pns.zodino_pns_20.abb_acs580_1.set_address','zodino_pns.zodino_pns_20.abb_acs580_1.abb_acs580_1_address',0);
INSERT INTO out_argument VALUES('zodino_pns.zodino_pns_20.abb_acs580_1.set_address','zodino_pns.zodino_pns_20.abb_acs580_1.abb_acs580_1_address',0);
INSERT INTO command_param VALUES('zodino_pns.zodino_pns_20.abb_acs580_1.set_address','devt','0');
INSERT INTO command_param VALUES('zodino_pns.zodino_pns_20.abb_acs580_1.set_address','devn','13');
INSERT INTO command_param VALUES('zodino_pns.zodino_pns_20.abb_acs580_1.set_address','code','2');
INSERT INTO command VALUES('zodino_pns.zodino_pns_20.abb_acs580_1.set_use','zodino_pns.zodino_pns_20','zodino_pns.zodino_pns_20.abb_acs580_1','plg','sys','Установить использование датчика');
INSERT INTO in_argument VALUES('zodino_pns.zodino_pns_20.abb_acs580_1.set_use','zodino_pns.zodino_pns_20.abb_acs580_1.abb_acs580_1_use',0);
INSERT INTO out_argument VALUES('zodino_pns.zodino_pns_20.abb_acs580_1.set_use','zodino_pns.zodino_pns_20.abb_acs580_1.abb_acs580_1_use',0);
INSERT INTO command_param VALUES('zodino_pns.zodino_pns_20.abb_acs580_1.set_use','devt','0');
INSERT INTO command_param VALUES('zodino_pns.zodino_pns_20.abb_acs580_1.set_use','devn','13');
INSERT INTO command_param VALUES('zodino_pns.zodino_pns_20.abb_acs580_1.set_use','code','3');
INSERT INTO command VALUES('zodino_pns.zodino_pns_20.abb_acs580_1.set_task_freq','zodino_pns.zodino_pns_20','zodino_pns.zodino_pns_20.abb_acs580_1','plg','sys','Установить задание частоты');
INSERT INTO in_argument VALUES('zodino_pns.zodino_pns_20.abb_acs580_1.set_task_freq','zodino_pns.zodino_pns_20.abb_acs580_1.abb_acs580_1_set_freq',0);
INSERT INTO out_argument VALUES('zodino_pns.zodino_pns_20.abb_acs580_1.set_task_freq','zodino_pns.zodino_pns_20.abb_acs580_1.abb_acs580_1_set_freq',0);
INSERT INTO command_param VALUES('zodino_pns.zodino_pns_20.abb_acs580_1.set_task_freq','devt','0');
INSERT INTO command_param VALUES('zodino_pns.zodino_pns_20.abb_acs580_1.set_task_freq','devn','13');
INSERT INTO command_param VALUES('zodino_pns.zodino_pns_20.abb_acs580_1.set_task_freq','code','4');
INSERT INTO command VALUES('zodino_pns.zodino_pns_20.abb_acs580_1.set_task_pid','zodino_pns.zodino_pns_20','zodino_pns.zodino_pns_20.abb_acs580_1','plg','sys','Установить задание ПИД');
INSERT INTO in_argument VALUES('zodino_pns.zodino_pns_20.abb_acs580_1.set_task_pid','zodino_pns.zodino_pns_20.abb_acs580_1.abb_acs580_1_set_pid',0);
INSERT INTO out_argument VALUES('zodino_pns.zodino_pns_20.abb_acs580_1.set_task_pid','zodino_pns.zodino_pns_20.abb_acs580_1.abb_acs580_1_set_pid',0);
INSERT INTO command_param VALUES('zodino_pns.zodino_pns_20.abb_acs580_1.set_task_pid','devt','0');
INSERT INTO command_param VALUES('zodino_pns.zodino_pns_20.abb_acs580_1.set_task_pid','devn','13');
INSERT INTO command_param VALUES('zodino_pns.zodino_pns_20.abb_acs580_1.set_task_pid','code','5');
INSERT INTO command VALUES('zodino_pns.zodino_pns_20.abb_acs580_1.set_on_off_engine','zodino_pns.zodino_pns_20','zodino_pns.zodino_pns_20.abb_acs580_1','plg','sys','Вкл./Выкл. двигатель ');
INSERT INTO in_argument VALUES('zodino_pns.zodino_pns_20.abb_acs580_1.set_on_off_engine','zodino_pns.zodino_pns_20.abb_acs580_1.abb_acs580_1_work',0);
INSERT INTO out_argument VALUES('zodino_pns.zodino_pns_20.abb_acs580_1.set_on_off_engine','zodino_pns.zodino_pns_20.abb_acs580_1.abb_acs580_1_work',0);
INSERT INTO command_param VALUES('zodino_pns.zodino_pns_20.abb_acs580_1.set_on_off_engine','devt','0');
INSERT INTO command_param VALUES('zodino_pns.zodino_pns_20.abb_acs580_1.set_on_off_engine','devn','13');
INSERT INTO command_param VALUES('zodino_pns.zodino_pns_20.abb_acs580_1.set_on_off_engine','code','6');
INSERT INTO command VALUES('zodino_pns.zodino_pns_20.abb_acs580_1.set_reset_alarm','zodino_pns.zodino_pns_20','zodino_pns.zodino_pns_20.abb_acs580_1','plg','sys','Сбросить ошибки ПЧ');
INSERT INTO command_param VALUES('zodino_pns.zodino_pns_20.abb_acs580_1.set_reset_alarm','devt','0');
INSERT INTO command_param VALUES('zodino_pns.zodino_pns_20.abb_acs580_1.set_reset_alarm','devn','13');
INSERT INTO command_param VALUES('zodino_pns.zodino_pns_20.abb_acs580_1.set_reset_alarm','code','7');
INSERT INTO command VALUES('zodino_pns.zodino_pns_20.abb_acs580_3.get_state','zodino_pns.zodino_pns_20','zodino_pns.zodino_pns_20.abb_acs580_3','plg','alm','Получить состояние');
INSERT INTO out_argument VALUES('zodino_pns.zodino_pns_20.abb_acs580_3.get_state','zodino_pns.zodino_pns_20.abb_acs580_3.abb_acs580_3_output_freq',0);
INSERT INTO out_argument VALUES('zodino_pns.zodino_pns_20.abb_acs580_3.get_state','zodino_pns.zodino_pns_20.abb_acs580_3.abb_acs580_3_speed_engine',32);
INSERT INTO out_argument VALUES('zodino_pns.zodino_pns_20.abb_acs580_3.get_state','zodino_pns.zodino_pns_20.abb_acs580_3.abb_acs580_3_amperage_engine',64);
INSERT INTO out_argument VALUES('zodino_pns.zodino_pns_20.abb_acs580_3.get_state','zodino_pns.zodino_pns_20.abb_acs580_3.abb_acs580_3_voltage_engine',96);
INSERT INTO out_argument VALUES('zodino_pns.zodino_pns_20.abb_acs580_3.get_state','zodino_pns.zodino_pns_20.abb_acs580_3.abb_acs580_3_power_engine',112);
INSERT INTO out_argument VALUES('zodino_pns.zodino_pns_20.abb_acs580_3.get_state','zodino_pns.zodino_pns_20.abb_acs580_3.abb_acs580_3_invertor_power_gigawatt',144);
INSERT INTO out_argument VALUES('zodino_pns.zodino_pns_20.abb_acs580_3.get_state','zodino_pns.zodino_pns_20.abb_acs580_3.abb_acs580_3_invertor_power_megawatt',160);
INSERT INTO out_argument VALUES('zodino_pns.zodino_pns_20.abb_acs580_3.get_state','zodino_pns.zodino_pns_20.abb_acs580_3.abb_acs580_3_invertor_power_kilowatt',176);
INSERT INTO out_argument VALUES('zodino_pns.zodino_pns_20.abb_acs580_3.get_state','zodino_pns.zodino_pns_20.abb_acs580_3.abb_acs580_3_disconnecion_reason',192);
INSERT INTO out_argument VALUES('zodino_pns.zodino_pns_20.abb_acs580_3.get_state','zodino_pns.zodino_pns_20.abb_acs580_3.abb_acs580_3_set_freq',208);
INSERT INTO out_argument VALUES('zodino_pns.zodino_pns_20.abb_acs580_3.get_state','zodino_pns.zodino_pns_20.abb_acs580_3.abb_acs580_3_fact_value',240);
INSERT INTO out_argument VALUES('zodino_pns.zodino_pns_20.abb_acs580_3.get_state','zodino_pns.zodino_pns_20.abb_acs580_3.abb_acs580_3_set_pid',272);
INSERT INTO out_argument VALUES('zodino_pns.zodino_pns_20.abb_acs580_3.get_state','zodino_pns.zodino_pns_20.abb_acs580_3.abb_acs580_3_ready',304);
INSERT INTO out_argument VALUES('zodino_pns.zodino_pns_20.abb_acs580_3.get_state','zodino_pns.zodino_pns_20.abb_acs580_3.abb_acs580_3_ready_to_run',305);
INSERT INTO out_argument VALUES('zodino_pns.zodino_pns_20.abb_acs580_3.get_state','zodino_pns.zodino_pns_20.abb_acs580_3.abb_acs580_3_ready_for_task',306);
INSERT INTO out_argument VALUES('zodino_pns.zodino_pns_20.abb_acs580_3.get_state','zodino_pns.zodino_pns_20.abb_acs580_3.abb_acs580_3_rejection',307);
INSERT INTO out_argument VALUES('zodino_pns.zodino_pns_20.abb_acs580_3.get_state','zodino_pns.zodino_pns_20.abb_acs580_3.abb_acs580_3_switch_2_inactiv',308);
INSERT INTO out_argument VALUES('zodino_pns.zodino_pns_20.abb_acs580_3.get_state','zodino_pns.zodino_pns_20.abb_acs580_3.abb_acs580_3_switch_3_inactiv',309);
INSERT INTO out_argument VALUES('zodino_pns.zodino_pns_20.abb_acs580_3.get_state','zodino_pns.zodino_pns_20.abb_acs580_3.abb_acs580_3_forbid_to_on',310);
INSERT INTO out_argument VALUES('zodino_pns.zodino_pns_20.abb_acs580_3.get_state','zodino_pns.zodino_pns_20.abb_acs580_3.abb_acs580_3_alert',311);
INSERT INTO out_argument VALUES('zodino_pns.zodino_pns_20.abb_acs580_3.get_state','zodino_pns.zodino_pns_20.abb_acs580_3.abb_acs580_3_drive_on_setting',312);
INSERT INTO out_argument VALUES('zodino_pns.zodino_pns_20.abb_acs580_3.get_state','zodino_pns.zodino_pns_20.abb_acs580_3.abb_acs580_3_remote_mode',313);
INSERT INTO out_argument VALUES('zodino_pns.zodino_pns_20.abb_acs580_3.get_state','zodino_pns.zodino_pns_20.abb_acs580_3.abb_acs580_3_too_high_speed_or_frequency',314);
INSERT INTO out_argument VALUES('zodino_pns.zodino_pns_20.abb_acs580_3.get_state','zodino_pns.zodino_pns_20.abb_acs580_3.abb_acs580_3_custom1',315);
INSERT INTO out_argument VALUES('zodino_pns.zodino_pns_20.abb_acs580_3.get_state','zodino_pns.zodino_pns_20.abb_acs580_3.abb_acs580_3_custom2',316);
INSERT INTO out_argument VALUES('zodino_pns.zodino_pns_20.abb_acs580_3.get_state','zodino_pns.zodino_pns_20.abb_acs580_3.abb_acs580_3_custom3',317);
INSERT INTO out_argument VALUES('zodino_pns.zodino_pns_20.abb_acs580_3.get_state','zodino_pns.zodino_pns_20.abb_acs580_3.abb_acs580_3_custom4',318);
INSERT INTO out_argument VALUES('zodino_pns.zodino_pns_20.abb_acs580_3.get_state','zodino_pns.zodino_pns_20.abb_acs580_3.abb_acs580_3_address',320);
INSERT INTO out_argument VALUES('zodino_pns.zodino_pns_20.abb_acs580_3.get_state','zodino_pns.zodino_pns_20.abb_acs580_3.abb_acs580_3_use_answer',328);
INSERT INTO out_argument VALUES('zodino_pns.zodino_pns_20.abb_acs580_3.get_state','zodino_pns.zodino_pns_20.abb_acs580_3.abb_acs580_3_common_alm',329);
INSERT INTO out_argument VALUES('zodino_pns.zodino_pns_20.abb_acs580_3.get_state','zodino_pns.zodino_pns_20.abb_acs580_3.abb_acs580_3_not_answer',330);
INSERT INTO out_argument VALUES('zodino_pns.zodino_pns_20.abb_acs580_3.get_state','zodino_pns.zodino_pns_20.abb_acs580_3.abb_acs580_3_use',331);
INSERT INTO command_param VALUES('zodino_pns.zodino_pns_20.abb_acs580_3.get_state','devt','0');
INSERT INTO command_param VALUES('zodino_pns.zodino_pns_20.abb_acs580_3.get_state','devn','15');
INSERT INTO command_param VALUES('zodino_pns.zodino_pns_20.abb_acs580_3.get_state','code','0');
INSERT INTO command VALUES('zodino_pns.zodino_pns_20.abb_acs580_3.set_use_answer','zodino_pns.zodino_pns_20','zodino_pns.zodino_pns_20.abb_acs580_3','plg','alm','Установить использование анализа ответа');
INSERT INTO in_argument VALUES('zodino_pns.zodino_pns_20.abb_acs580_3.set_use_answer','zodino_pns.zodino_pns_20.abb_acs580_3.abb_acs580_3_use_answer',0);
INSERT INTO out_argument VALUES('zodino_pns.zodino_pns_20.abb_acs580_3.set_use_answer','zodino_pns.zodino_pns_20.abb_acs580_3.abb_acs580_3_use_answer',0);
INSERT INTO command_param VALUES('zodino_pns.zodino_pns_20.abb_acs580_3.set_use_answer','devt','0');
INSERT INTO command_param VALUES('zodino_pns.zodino_pns_20.abb_acs580_3.set_use_answer','devn','15');
INSERT INTO command_param VALUES('zodino_pns.zodino_pns_20.abb_acs580_3.set_use_answer','code','1');
INSERT INTO command VALUES('zodino_pns.zodino_pns_20.abb_acs580_3.set_address','zodino_pns.zodino_pns_20','zodino_pns.zodino_pns_20.abb_acs580_3','plg','sys','Установить адрес датчика');
INSERT INTO in_argument VALUES('zodino_pns.zodino_pns_20.abb_acs580_3.set_address','zodino_pns.zodino_pns_20.abb_acs580_3.abb_acs580_3_address',0);
INSERT INTO out_argument VALUES('zodino_pns.zodino_pns_20.abb_acs580_3.set_address','zodino_pns.zodino_pns_20.abb_acs580_3.abb_acs580_3_address',0);
INSERT INTO command_param VALUES('zodino_pns.zodino_pns_20.abb_acs580_3.set_address','devt','0');
INSERT INTO command_param VALUES('zodino_pns.zodino_pns_20.abb_acs580_3.set_address','devn','15');
INSERT INTO command_param VALUES('zodino_pns.zodino_pns_20.abb_acs580_3.set_address','code','2');
INSERT INTO command VALUES('zodino_pns.zodino_pns_20.abb_acs580_3.set_use','zodino_pns.zodino_pns_20','zodino_pns.zodino_pns_20.abb_acs580_3','plg','sys','Установить использование датчика');
INSERT INTO in_argument VALUES('zodino_pns.zodino_pns_20.abb_acs580_3.set_use','zodino_pns.zodino_pns_20.abb_acs580_3.abb_acs580_3_use',0);
INSERT INTO out_argument VALUES('zodino_pns.zodino_pns_20.abb_acs580_3.set_use','zodino_pns.zodino_pns_20.abb_acs580_3.abb_acs580_3_use',0);
INSERT INTO command_param VALUES('zodino_pns.zodino_pns_20.abb_acs580_3.set_use','devt','0');
INSERT INTO command_param VALUES('zodino_pns.zodino_pns_20.abb_acs580_3.set_use','devn','15');
INSERT INTO command_param VALUES('zodino_pns.zodino_pns_20.abb_acs580_3.set_use','code','3');
INSERT INTO command VALUES('zodino_pns.zodino_pns_20.abb_acs580_3.set_task_freq','zodino_pns.zodino_pns_20','zodino_pns.zodino_pns_20.abb_acs580_3','plg','sys','Установить задание частоты');
INSERT INTO in_argument VALUES('zodino_pns.zodino_pns_20.abb_acs580_3.set_task_freq','zodino_pns.zodino_pns_20.abb_acs580_3.abb_acs580_3_set_freq',0);
INSERT INTO out_argument VALUES('zodino_pns.zodino_pns_20.abb_acs580_3.set_task_freq','zodino_pns.zodino_pns_20.abb_acs580_3.abb_acs580_3_set_freq',0);
INSERT INTO command_param VALUES('zodino_pns.zodino_pns_20.abb_acs580_3.set_task_freq','devt','0');
INSERT INTO command_param VALUES('zodino_pns.zodino_pns_20.abb_acs580_3.set_task_freq','devn','15');
INSERT INTO command_param VALUES('zodino_pns.zodino_pns_20.abb_acs580_3.set_task_freq','code','4');
INSERT INTO command VALUES('zodino_pns.zodino_pns_20.abb_acs580_3.set_task_pid','zodino_pns.zodino_pns_20','zodino_pns.zodino_pns_20.abb_acs580_3','plg','sys','Установить задание ПИД');
INSERT INTO in_argument VALUES('zodino_pns.zodino_pns_20.abb_acs580_3.set_task_pid','zodino_pns.zodino_pns_20.abb_acs580_3.abb_acs580_3_set_pid',0);
INSERT INTO out_argument VALUES('zodino_pns.zodino_pns_20.abb_acs580_3.set_task_pid','zodino_pns.zodino_pns_20.abb_acs580_3.abb_acs580_3_set_pid',0);
INSERT INTO command_param VALUES('zodino_pns.zodino_pns_20.abb_acs580_3.set_task_pid','devt','0');
INSERT INTO command_param VALUES('zodino_pns.zodino_pns_20.abb_acs580_3.set_task_pid','devn','15');
INSERT INTO command_param VALUES('zodino_pns.zodino_pns_20.abb_acs580_3.set_task_pid','code','5');
INSERT INTO command VALUES('zodino_pns.zodino_pns_20.abb_acs580_3.set_on_off_engine','zodino_pns.zodino_pns_20','zodino_pns.zodino_pns_20.abb_acs580_3','plg','sys','Вкл./Выкл. двигатель ');
INSERT INTO in_argument VALUES('zodino_pns.zodino_pns_20.abb_acs580_3.set_on_off_engine','zodino_pns.zodino_pns_20.abb_acs580_3.abb_acs580_3_work',0);
INSERT INTO out_argument VALUES('zodino_pns.zodino_pns_20.abb_acs580_3.set_on_off_engine','zodino_pns.zodino_pns_20.abb_acs580_3.abb_acs580_3_work',0);
INSERT INTO command_param VALUES('zodino_pns.zodino_pns_20.abb_acs580_3.set_on_off_engine','devt','0');
INSERT INTO command_param VALUES('zodino_pns.zodino_pns_20.abb_acs580_3.set_on_off_engine','devn','15');
INSERT INTO command_param VALUES('zodino_pns.zodino_pns_20.abb_acs580_3.set_on_off_engine','code','6');
INSERT INTO command VALUES('zodino_pns.zodino_pns_20.abb_acs580_3.set_reset_alarm','zodino_pns.zodino_pns_20','zodino_pns.zodino_pns_20.abb_acs580_3','plg','sys','Сбросить ошибки ПЧ');
INSERT INTO command_param VALUES('zodino_pns.zodino_pns_20.abb_acs580_3.set_reset_alarm','devt','0');
INSERT INTO command_param VALUES('zodino_pns.zodino_pns_20.abb_acs580_3.set_reset_alarm','devn','15');
INSERT INTO command_param VALUES('zodino_pns.zodino_pns_20.abb_acs580_3.set_reset_alarm','code','7');
INSERT INTO command VALUES('zodino_pns.zodino_pns_20.abb_acs580_4.get_state','zodino_pns.zodino_pns_20','zodino_pns.zodino_pns_20.abb_acs580_4','plg','alm','Получить состояние');
INSERT INTO out_argument VALUES('zodino_pns.zodino_pns_20.abb_acs580_4.get_state','zodino_pns.zodino_pns_20.abb_acs580_4.abb_acs580_4_output_freq',0);
INSERT INTO out_argument VALUES('zodino_pns.zodino_pns_20.abb_acs580_4.get_state','zodino_pns.zodino_pns_20.abb_acs580_4.abb_acs580_4_speed_engine',32);
INSERT INTO out_argument VALUES('zodino_pns.zodino_pns_20.abb_acs580_4.get_state','zodino_pns.zodino_pns_20.abb_acs580_4.abb_acs580_4_amperage_engine',64);
INSERT INTO out_argument VALUES('zodino_pns.zodino_pns_20.abb_acs580_4.get_state','zodino_pns.zodino_pns_20.abb_acs580_4.abb_acs580_4_voltage_engine',96);
INSERT INTO out_argument VALUES('zodino_pns.zodino_pns_20.abb_acs580_4.get_state','zodino_pns.zodino_pns_20.abb_acs580_4.abb_acs580_4_power_engine',112);
INSERT INTO out_argument VALUES('zodino_pns.zodino_pns_20.abb_acs580_4.get_state','zodino_pns.zodino_pns_20.abb_acs580_4.abb_acs580_4_invertor_power_gigawatt',144);
INSERT INTO out_argument VALUES('zodino_pns.zodino_pns_20.abb_acs580_4.get_state','zodino_pns.zodino_pns_20.abb_acs580_4.abb_acs580_4_invertor_power_megawatt',160);
INSERT INTO out_argument VALUES('zodino_pns.zodino_pns_20.abb_acs580_4.get_state','zodino_pns.zodino_pns_20.abb_acs580_4.abb_acs580_4_invertor_power_kilowatt',176);
INSERT INTO out_argument VALUES('zodino_pns.zodino_pns_20.abb_acs580_4.get_state','zodino_pns.zodino_pns_20.abb_acs580_4.abb_acs580_4_disconnecion_reason',192);
INSERT INTO out_argument VALUES('zodino_pns.zodino_pns_20.abb_acs580_4.get_state','zodino_pns.zodino_pns_20.abb_acs580_4.abb_acs580_4_set_freq',208);
INSERT INTO out_argument VALUES('zodino_pns.zodino_pns_20.abb_acs580_4.get_state','zodino_pns.zodino_pns_20.abb_acs580_4.abb_acs580_4_fact_value',240);
INSERT INTO out_argument VALUES('zodino_pns.zodino_pns_20.abb_acs580_4.get_state','zodino_pns.zodino_pns_20.abb_acs580_4.abb_acs580_4_set_pid',272);
INSERT INTO out_argument VALUES('zodino_pns.zodino_pns_20.abb_acs580_4.get_state','zodino_pns.zodino_pns_20.abb_acs580_4.abb_acs580_4_ready',304);
INSERT INTO out_argument VALUES('zodino_pns.zodino_pns_20.abb_acs580_4.get_state','zodino_pns.zodino_pns_20.abb_acs580_4.abb_acs580_4_ready_to_run',305);
INSERT INTO out_argument VALUES('zodino_pns.zodino_pns_20.abb_acs580_4.get_state','zodino_pns.zodino_pns_20.abb_acs580_4.abb_acs580_4_ready_for_task',306);
INSERT INTO out_argument VALUES('zodino_pns.zodino_pns_20.abb_acs580_4.get_state','zodino_pns.zodino_pns_20.abb_acs580_4.abb_acs580_4_rejection',307);
INSERT INTO out_argument VALUES('zodino_pns.zodino_pns_20.abb_acs580_4.get_state','zodino_pns.zodino_pns_20.abb_acs580_4.abb_acs580_4_switch_2_inactiv',308);
INSERT INTO out_argument VALUES('zodino_pns.zodino_pns_20.abb_acs580_4.get_state','zodino_pns.zodino_pns_20.abb_acs580_4.abb_acs580_4_switch_3_inactiv',309);
INSERT INTO out_argument VALUES('zodino_pns.zodino_pns_20.abb_acs580_4.get_state','zodino_pns.zodino_pns_20.abb_acs580_4.abb_acs580_4_forbid_to_on',310);
INSERT INTO out_argument VALUES('zodino_pns.zodino_pns_20.abb_acs580_4.get_state','zodino_pns.zodino_pns_20.abb_acs580_4.abb_acs580_4_alert',311);
INSERT INTO out_argument VALUES('zodino_pns.zodino_pns_20.abb_acs580_4.get_state','zodino_pns.zodino_pns_20.abb_acs580_4.abb_acs580_4_drive_on_setting',312);
INSERT INTO out_argument VALUES('zodino_pns.zodino_pns_20.abb_acs580_4.get_state','zodino_pns.zodino_pns_20.abb_acs580_4.abb_acs580_4_remote_mode',313);
INSERT INTO out_argument VALUES('zodino_pns.zodino_pns_20.abb_acs580_4.get_state','zodino_pns.zodino_pns_20.abb_acs580_4.abb_acs580_4_too_high_speed_or_frequency',314);
INSERT INTO out_argument VALUES('zodino_pns.zodino_pns_20.abb_acs580_4.get_state','zodino_pns.zodino_pns_20.abb_acs580_4.abb_acs580_4_custom1',315);
INSERT INTO out_argument VALUES('zodino_pns.zodino_pns_20.abb_acs580_4.get_state','zodino_pns.zodino_pns_20.abb_acs580_4.abb_acs580_4_custom2',316);
INSERT INTO out_argument VALUES('zodino_pns.zodino_pns_20.abb_acs580_4.get_state','zodino_pns.zodino_pns_20.abb_acs580_4.abb_acs580_4_custom3',317);
INSERT INTO out_argument VALUES('zodino_pns.zodino_pns_20.abb_acs580_4.get_state','zodino_pns.zodino_pns_20.abb_acs580_4.abb_acs580_4_custom4',318);
INSERT INTO out_argument VALUES('zodino_pns.zodino_pns_20.abb_acs580_4.get_state','zodino_pns.zodino_pns_20.abb_acs580_4.abb_acs580_4_address',320);
INSERT INTO out_argument VALUES('zodino_pns.zodino_pns_20.abb_acs580_4.get_state','zodino_pns.zodino_pns_20.abb_acs580_4.abb_acs580_4_use_answer',328);
INSERT INTO out_argument VALUES('zodino_pns.zodino_pns_20.abb_acs580_4.get_state','zodino_pns.zodino_pns_20.abb_acs580_4.abb_acs580_4_common_alm',329);
INSERT INTO out_argument VALUES('zodino_pns.zodino_pns_20.abb_acs580_4.get_state','zodino_pns.zodino_pns_20.abb_acs580_4.abb_acs580_4_not_answer',330);
INSERT INTO out_argument VALUES('zodino_pns.zodino_pns_20.abb_acs580_4.get_state','zodino_pns.zodino_pns_20.abb_acs580_4.abb_acs580_4_use',331);
INSERT INTO command_param VALUES('zodino_pns.zodino_pns_20.abb_acs580_4.get_state','devt','0');
INSERT INTO command_param VALUES('zodino_pns.zodino_pns_20.abb_acs580_4.get_state','devn','16');
INSERT INTO command_param VALUES('zodino_pns.zodino_pns_20.abb_acs580_4.get_state','code','0');
INSERT INTO command VALUES('zodino_pns.zodino_pns_20.abb_acs580_4.set_use_answer','zodino_pns.zodino_pns_20','zodino_pns.zodino_pns_20.abb_acs580_4','plg','alm','Установить использование анализа ответа');
INSERT INTO in_argument VALUES('zodino_pns.zodino_pns_20.abb_acs580_4.set_use_answer','zodino_pns.zodino_pns_20.abb_acs580_4.abb_acs580_4_use_answer',0);
INSERT INTO out_argument VALUES('zodino_pns.zodino_pns_20.abb_acs580_4.set_use_answer','zodino_pns.zodino_pns_20.abb_acs580_4.abb_acs580_4_use_answer',0);
INSERT INTO command_param VALUES('zodino_pns.zodino_pns_20.abb_acs580_4.set_use_answer','devt','0');
INSERT INTO command_param VALUES('zodino_pns.zodino_pns_20.abb_acs580_4.set_use_answer','devn','16');
INSERT INTO command_param VALUES('zodino_pns.zodino_pns_20.abb_acs580_4.set_use_answer','code','1');
INSERT INTO command VALUES('zodino_pns.zodino_pns_20.abb_acs580_4.set_address','zodino_pns.zodino_pns_20','zodino_pns.zodino_pns_20.abb_acs580_4','plg','sys','Установить адрес датчика');
INSERT INTO in_argument VALUES('zodino_pns.zodino_pns_20.abb_acs580_4.set_address','zodino_pns.zodino_pns_20.abb_acs580_4.abb_acs580_4_address',0);
INSERT INTO out_argument VALUES('zodino_pns.zodino_pns_20.abb_acs580_4.set_address','zodino_pns.zodino_pns_20.abb_acs580_4.abb_acs580_4_address',0);
INSERT INTO command_param VALUES('zodino_pns.zodino_pns_20.abb_acs580_4.set_address','devt','0');
INSERT INTO command_param VALUES('zodino_pns.zodino_pns_20.abb_acs580_4.set_address','devn','16');
INSERT INTO command_param VALUES('zodino_pns.zodino_pns_20.abb_acs580_4.set_address','code','2');
INSERT INTO command VALUES('zodino_pns.zodino_pns_20.abb_acs580_4.set_use','zodino_pns.zodino_pns_20','zodino_pns.zodino_pns_20.abb_acs580_4','plg','sys','Установить использование датчика');
INSERT INTO in_argument VALUES('zodino_pns.zodino_pns_20.abb_acs580_4.set_use','zodino_pns.zodino_pns_20.abb_acs580_4.abb_acs580_4_use',0);
INSERT INTO out_argument VALUES('zodino_pns.zodino_pns_20.abb_acs580_4.set_use','zodino_pns.zodino_pns_20.abb_acs580_4.abb_acs580_4_use',0);
INSERT INTO command_param VALUES('zodino_pns.zodino_pns_20.abb_acs580_4.set_use','devt','0');
INSERT INTO command_param VALUES('zodino_pns.zodino_pns_20.abb_acs580_4.set_use','devn','16');
INSERT INTO command_param VALUES('zodino_pns.zodino_pns_20.abb_acs580_4.set_use','code','3');
INSERT INTO command VALUES('zodino_pns.zodino_pns_20.abb_acs580_4.set_task_freq','zodino_pns.zodino_pns_20','zodino_pns.zodino_pns_20.abb_acs580_4','plg','sys','Установить задание частоты');
INSERT INTO in_argument VALUES('zodino_pns.zodino_pns_20.abb_acs580_4.set_task_freq','zodino_pns.zodino_pns_20.abb_acs580_4.abb_acs580_4_set_freq',0);
INSERT INTO out_argument VALUES('zodino_pns.zodino_pns_20.abb_acs580_4.set_task_freq','zodino_pns.zodino_pns_20.abb_acs580_4.abb_acs580_4_set_freq',0);
INSERT INTO command_param VALUES('zodino_pns.zodino_pns_20.abb_acs580_4.set_task_freq','devt','0');
INSERT INTO command_param VALUES('zodino_pns.zodino_pns_20.abb_acs580_4.set_task_freq','devn','16');
INSERT INTO command_param VALUES('zodino_pns.zodino_pns_20.abb_acs580_4.set_task_freq','code','4');
INSERT INTO command VALUES('zodino_pns.zodino_pns_20.abb_acs580_4.set_task_pid','zodino_pns.zodino_pns_20','zodino_pns.zodino_pns_20.abb_acs580_4','plg','sys','Установить задание ПИД');
INSERT INTO in_argument VALUES('zodino_pns.zodino_pns_20.abb_acs580_4.set_task_pid','zodino_pns.zodino_pns_20.abb_acs580_4.abb_acs580_4_set_pid',0);
INSERT INTO out_argument VALUES('zodino_pns.zodino_pns_20.abb_acs580_4.set_task_pid','zodino_pns.zodino_pns_20.abb_acs580_4.abb_acs580_4_set_pid',0);
INSERT INTO command_param VALUES('zodino_pns.zodino_pns_20.abb_acs580_4.set_task_pid','devt','0');
INSERT INTO command_param VALUES('zodino_pns.zodino_pns_20.abb_acs580_4.set_task_pid','devn','16');
INSERT INTO command_param VALUES('zodino_pns.zodino_pns_20.abb_acs580_4.set_task_pid','code','5');
INSERT INTO command VALUES('zodino_pns.zodino_pns_20.abb_acs580_4.set_on_off_engine','zodino_pns.zodino_pns_20','zodino_pns.zodino_pns_20.abb_acs580_4','plg','sys','Вкл./Выкл. двигатель ');
INSERT INTO in_argument VALUES('zodino_pns.zodino_pns_20.abb_acs580_4.set_on_off_engine','zodino_pns.zodino_pns_20.abb_acs580_4.abb_acs580_4_work',0);
INSERT INTO out_argument VALUES('zodino_pns.zodino_pns_20.abb_acs580_4.set_on_off_engine','zodino_pns.zodino_pns_20.abb_acs580_4.abb_acs580_4_work',0);
INSERT INTO command_param VALUES('zodino_pns.zodino_pns_20.abb_acs580_4.set_on_off_engine','devt','0');
INSERT INTO command_param VALUES('zodino_pns.zodino_pns_20.abb_acs580_4.set_on_off_engine','devn','16');
INSERT INTO command_param VALUES('zodino_pns.zodino_pns_20.abb_acs580_4.set_on_off_engine','code','6');
INSERT INTO command VALUES('zodino_pns.zodino_pns_20.abb_acs580_4.set_reset_alarm','zodino_pns.zodino_pns_20','zodino_pns.zodino_pns_20.abb_acs580_4','plg','sys','Сбросить ошибки ПЧ');
INSERT INTO command_param VALUES('zodino_pns.zodino_pns_20.abb_acs580_4.set_reset_alarm','devt','0');
INSERT INTO command_param VALUES('zodino_pns.zodino_pns_20.abb_acs580_4.set_reset_alarm','devn','16');
INSERT INTO command_param VALUES('zodino_pns.zodino_pns_20.abb_acs580_4.set_reset_alarm','code','7');
INSERT INTO command VALUES('zodino_pns.zodino_pns_20.abb_acs580_5.get_state','zodino_pns.zodino_pns_20','zodino_pns.zodino_pns_20.abb_acs580_5','plg','alm','Получить состояние');
INSERT INTO out_argument VALUES('zodino_pns.zodino_pns_20.abb_acs580_5.get_state','zodino_pns.zodino_pns_20.abb_acs580_5.abb_acs580_5_output_freq',0);
INSERT INTO out_argument VALUES('zodino_pns.zodino_pns_20.abb_acs580_5.get_state','zodino_pns.zodino_pns_20.abb_acs580_5.abb_acs580_5_speed_engine',32);
INSERT INTO out_argument VALUES('zodino_pns.zodino_pns_20.abb_acs580_5.get_state','zodino_pns.zodino_pns_20.abb_acs580_5.abb_acs580_5_amperage_engine',64);
INSERT INTO out_argument VALUES('zodino_pns.zodino_pns_20.abb_acs580_5.get_state','zodino_pns.zodino_pns_20.abb_acs580_5.abb_acs580_5_voltage_engine',96);
INSERT INTO out_argument VALUES('zodino_pns.zodino_pns_20.abb_acs580_5.get_state','zodino_pns.zodino_pns_20.abb_acs580_5.abb_acs580_5_power_engine',112);
INSERT INTO out_argument VALUES('zodino_pns.zodino_pns_20.abb_acs580_5.get_state','zodino_pns.zodino_pns_20.abb_acs580_5.abb_acs580_5_invertor_power_gigawatt',144);
INSERT INTO out_argument VALUES('zodino_pns.zodino_pns_20.abb_acs580_5.get_state','zodino_pns.zodino_pns_20.abb_acs580_5.abb_acs580_5_invertor_power_megawatt',160);
INSERT INTO out_argument VALUES('zodino_pns.zodino_pns_20.abb_acs580_5.get_state','zodino_pns.zodino_pns_20.abb_acs580_5.abb_acs580_5_invertor_power_kilowatt',176);
INSERT INTO out_argument VALUES('zodino_pns.zodino_pns_20.abb_acs580_5.get_state','zodino_pns.zodino_pns_20.abb_acs580_5.abb_acs580_5_disconnecion_reason',192);
INSERT INTO out_argument VALUES('zodino_pns.zodino_pns_20.abb_acs580_5.get_state','zodino_pns.zodino_pns_20.abb_acs580_5.abb_acs580_5_set_freq',208);
INSERT INTO out_argument VALUES('zodino_pns.zodino_pns_20.abb_acs580_5.get_state','zodino_pns.zodino_pns_20.abb_acs580_5.abb_acs580_5_fact_value',240);
INSERT INTO out_argument VALUES('zodino_pns.zodino_pns_20.abb_acs580_5.get_state','zodino_pns.zodino_pns_20.abb_acs580_5.abb_acs580_5_set_pid',272);
INSERT INTO out_argument VALUES('zodino_pns.zodino_pns_20.abb_acs580_5.get_state','zodino_pns.zodino_pns_20.abb_acs580_5.abb_acs580_5_ready',304);
INSERT INTO out_argument VALUES('zodino_pns.zodino_pns_20.abb_acs580_5.get_state','zodino_pns.zodino_pns_20.abb_acs580_5.abb_acs580_5_ready_to_run',305);
INSERT INTO out_argument VALUES('zodino_pns.zodino_pns_20.abb_acs580_5.get_state','zodino_pns.zodino_pns_20.abb_acs580_5.abb_acs580_5_ready_for_task',306);
INSERT INTO out_argument VALUES('zodino_pns.zodino_pns_20.abb_acs580_5.get_state','zodino_pns.zodino_pns_20.abb_acs580_5.abb_acs580_5_rejection',307);
INSERT INTO out_argument VALUES('zodino_pns.zodino_pns_20.abb_acs580_5.get_state','zodino_pns.zodino_pns_20.abb_acs580_5.abb_acs580_5_switch_2_inactiv',308);
INSERT INTO out_argument VALUES('zodino_pns.zodino_pns_20.abb_acs580_5.get_state','zodino_pns.zodino_pns_20.abb_acs580_5.abb_acs580_5_switch_3_inactiv',309);
INSERT INTO out_argument VALUES('zodino_pns.zodino_pns_20.abb_acs580_5.get_state','zodino_pns.zodino_pns_20.abb_acs580_5.abb_acs580_5_forbid_to_on',310);
INSERT INTO out_argument VALUES('zodino_pns.zodino_pns_20.abb_acs580_5.get_state','zodino_pns.zodino_pns_20.abb_acs580_5.abb_acs580_5_alert',311);
INSERT INTO out_argument VALUES('zodino_pns.zodino_pns_20.abb_acs580_5.get_state','zodino_pns.zodino_pns_20.abb_acs580_5.abb_acs580_5_drive_on_setting',312);
INSERT INTO out_argument VALUES('zodino_pns.zodino_pns_20.abb_acs580_5.get_state','zodino_pns.zodino_pns_20.abb_acs580_5.abb_acs580_5_remote_mode',313);
INSERT INTO out_argument VALUES('zodino_pns.zodino_pns_20.abb_acs580_5.get_state','zodino_pns.zodino_pns_20.abb_acs580_5.abb_acs580_5_too_high_speed_or_frequency',314);
INSERT INTO out_argument VALUES('zodino_pns.zodino_pns_20.abb_acs580_5.get_state','zodino_pns.zodino_pns_20.abb_acs580_5.abb_acs580_5_custom1',315);
INSERT INTO out_argument VALUES('zodino_pns.zodino_pns_20.abb_acs580_5.get_state','zodino_pns.zodino_pns_20.abb_acs580_5.abb_acs580_5_custom2',316);
INSERT INTO out_argument VALUES('zodino_pns.zodino_pns_20.abb_acs580_5.get_state','zodino_pns.zodino_pns_20.abb_acs580_5.abb_acs580_5_custom3',317);
INSERT INTO out_argument VALUES('zodino_pns.zodino_pns_20.abb_acs580_5.get_state','zodino_pns.zodino_pns_20.abb_acs580_5.abb_acs580_5_custom4',318);
INSERT INTO out_argument VALUES('zodino_pns.zodino_pns_20.abb_acs580_5.get_state','zodino_pns.zodino_pns_20.abb_acs580_5.abb_acs580_5_address',320);
INSERT INTO out_argument VALUES('zodino_pns.zodino_pns_20.abb_acs580_5.get_state','zodino_pns.zodino_pns_20.abb_acs580_5.abb_acs580_5_use_answer',328);
INSERT INTO out_argument VALUES('zodino_pns.zodino_pns_20.abb_acs580_5.get_state','zodino_pns.zodino_pns_20.abb_acs580_5.abb_acs580_5_common_alm',329);
INSERT INTO out_argument VALUES('zodino_pns.zodino_pns_20.abb_acs580_5.get_state','zodino_pns.zodino_pns_20.abb_acs580_5.abb_acs580_5_not_answer',330);
INSERT INTO out_argument VALUES('zodino_pns.zodino_pns_20.abb_acs580_5.get_state','zodino_pns.zodino_pns_20.abb_acs580_5.abb_acs580_5_use',331);
INSERT INTO command_param VALUES('zodino_pns.zodino_pns_20.abb_acs580_5.get_state','devt','0');
INSERT INTO command_param VALUES('zodino_pns.zodino_pns_20.abb_acs580_5.get_state','devn','17');
INSERT INTO command_param VALUES('zodino_pns.zodino_pns_20.abb_acs580_5.get_state','code','0');
INSERT INTO command VALUES('zodino_pns.zodino_pns_20.abb_acs580_5.set_use_answer','zodino_pns.zodino_pns_20','zodino_pns.zodino_pns_20.abb_acs580_5','plg','alm','Установить использование анализа ответа');
INSERT INTO in_argument VALUES('zodino_pns.zodino_pns_20.abb_acs580_5.set_use_answer','zodino_pns.zodino_pns_20.abb_acs580_5.abb_acs580_5_use_answer',0);
INSERT INTO out_argument VALUES('zodino_pns.zodino_pns_20.abb_acs580_5.set_use_answer','zodino_pns.zodino_pns_20.abb_acs580_5.abb_acs580_5_use_answer',0);
INSERT INTO command_param VALUES('zodino_pns.zodino_pns_20.abb_acs580_5.set_use_answer','devt','0');
INSERT INTO command_param VALUES('zodino_pns.zodino_pns_20.abb_acs580_5.set_use_answer','devn','17');
INSERT INTO command_param VALUES('zodino_pns.zodino_pns_20.abb_acs580_5.set_use_answer','code','1');
INSERT INTO command VALUES('zodino_pns.zodino_pns_20.abb_acs580_5.set_address','zodino_pns.zodino_pns_20','zodino_pns.zodino_pns_20.abb_acs580_5','plg','sys','Установить адрес датчика');
INSERT INTO in_argument VALUES('zodino_pns.zodino_pns_20.abb_acs580_5.set_address','zodino_pns.zodino_pns_20.abb_acs580_5.abb_acs580_5_address',0);
INSERT INTO out_argument VALUES('zodino_pns.zodino_pns_20.abb_acs580_5.set_address','zodino_pns.zodino_pns_20.abb_acs580_5.abb_acs580_5_address',0);
INSERT INTO command_param VALUES('zodino_pns.zodino_pns_20.abb_acs580_5.set_address','devt','0');
INSERT INTO command_param VALUES('zodino_pns.zodino_pns_20.abb_acs580_5.set_address','devn','17');
INSERT INTO command_param VALUES('zodino_pns.zodino_pns_20.abb_acs580_5.set_address','code','2');
INSERT INTO command VALUES('zodino_pns.zodino_pns_20.abb_acs580_5.set_use','zodino_pns.zodino_pns_20','zodino_pns.zodino_pns_20.abb_acs580_5','plg','sys','Установить использование датчика');
INSERT INTO in_argument VALUES('zodino_pns.zodino_pns_20.abb_acs580_5.set_use','zodino_pns.zodino_pns_20.abb_acs580_5.abb_acs580_5_use',0);
INSERT INTO out_argument VALUES('zodino_pns.zodino_pns_20.abb_acs580_5.set_use','zodino_pns.zodino_pns_20.abb_acs580_5.abb_acs580_5_use',0);
INSERT INTO command_param VALUES('zodino_pns.zodino_pns_20.abb_acs580_5.set_use','devt','0');
INSERT INTO command_param VALUES('zodino_pns.zodino_pns_20.abb_acs580_5.set_use','devn','17');
INSERT INTO command_param VALUES('zodino_pns.zodino_pns_20.abb_acs580_5.set_use','code','3');
INSERT INTO command VALUES('zodino_pns.zodino_pns_20.abb_acs580_5.set_task_freq','zodino_pns.zodino_pns_20','zodino_pns.zodino_pns_20.abb_acs580_5','plg','sys','Установить задание частоты');
INSERT INTO in_argument VALUES('zodino_pns.zodino_pns_20.abb_acs580_5.set_task_freq','zodino_pns.zodino_pns_20.abb_acs580_5.abb_acs580_5_set_freq',0);
INSERT INTO out_argument VALUES('zodino_pns.zodino_pns_20.abb_acs580_5.set_task_freq','zodino_pns.zodino_pns_20.abb_acs580_5.abb_acs580_5_set_freq',0);
INSERT INTO command_param VALUES('zodino_pns.zodino_pns_20.abb_acs580_5.set_task_freq','devt','0');
INSERT INTO command_param VALUES('zodino_pns.zodino_pns_20.abb_acs580_5.set_task_freq','devn','17');
INSERT INTO command_param VALUES('zodino_pns.zodino_pns_20.abb_acs580_5.set_task_freq','code','4');
INSERT INTO command VALUES('zodino_pns.zodino_pns_20.abb_acs580_5.set_task_pid','zodino_pns.zodino_pns_20','zodino_pns.zodino_pns_20.abb_acs580_5','plg','sys','Установить задание ПИД');
INSERT INTO in_argument VALUES('zodino_pns.zodino_pns_20.abb_acs580_5.set_task_pid','zodino_pns.zodino_pns_20.abb_acs580_5.abb_acs580_5_set_pid',0);
INSERT INTO out_argument VALUES('zodino_pns.zodino_pns_20.abb_acs580_5.set_task_pid','zodino_pns.zodino_pns_20.abb_acs580_5.abb_acs580_5_set_pid',0);
INSERT INTO command_param VALUES('zodino_pns.zodino_pns_20.abb_acs580_5.set_task_pid','devt','0');
INSERT INTO command_param VALUES('zodino_pns.zodino_pns_20.abb_acs580_5.set_task_pid','devn','17');
INSERT INTO command_param VALUES('zodino_pns.zodino_pns_20.abb_acs580_5.set_task_pid','code','5');
INSERT INTO command VALUES('zodino_pns.zodino_pns_20.abb_acs580_5.set_on_off_engine','zodino_pns.zodino_pns_20','zodino_pns.zodino_pns_20.abb_acs580_5','plg','sys','Вкл./Выкл. двигатель ');
INSERT INTO in_argument VALUES('zodino_pns.zodino_pns_20.abb_acs580_5.set_on_off_engine','zodino_pns.zodino_pns_20.abb_acs580_5.abb_acs580_5_work',0);
INSERT INTO out_argument VALUES('zodino_pns.zodino_pns_20.abb_acs580_5.set_on_off_engine','zodino_pns.zodino_pns_20.abb_acs580_5.abb_acs580_5_work',0);
INSERT INTO command_param VALUES('zodino_pns.zodino_pns_20.abb_acs580_5.set_on_off_engine','devt','0');
INSERT INTO command_param VALUES('zodino_pns.zodino_pns_20.abb_acs580_5.set_on_off_engine','devn','17');
INSERT INTO command_param VALUES('zodino_pns.zodino_pns_20.abb_acs580_5.set_on_off_engine','code','6');
INSERT INTO command VALUES('zodino_pns.zodino_pns_20.abb_acs580_5.set_reset_alarm','zodino_pns.zodino_pns_20','zodino_pns.zodino_pns_20.abb_acs580_5','plg','sys','Сбросить ошибки ПЧ');
INSERT INTO command_param VALUES('zodino_pns.zodino_pns_20.abb_acs580_5.set_reset_alarm','devt','0');
INSERT INTO command_param VALUES('zodino_pns.zodino_pns_20.abb_acs580_5.set_reset_alarm','devn','17');
INSERT INTO command_param VALUES('zodino_pns.zodino_pns_20.abb_acs580_5.set_reset_alarm','code','7');
INSERT INTO command VALUES('zodino_pns.zodino_pns_20.ts.get_state_ts','zodino_pns.zodino_pns_20','zodino_pns.zodino_pns_20.ts','none','work','Получить состояние датчика температуры');
INSERT INTO out_argument VALUES('zodino_pns.zodino_pns_20.ts.get_state_ts','zodino_pns.zodino_pns_20.ts.ts_value',0);
INSERT INTO out_argument VALUES('zodino_pns.zodino_pns_20.ts.get_state_ts','zodino_pns.zodino_pns_20.ts.ts_min_value',8);
INSERT INTO out_argument VALUES('zodino_pns.zodino_pns_20.ts.get_state_ts','zodino_pns.zodino_pns_20.ts.ts_max_value',16);
INSERT INTO out_argument VALUES('zodino_pns.zodino_pns_20.ts.get_state_ts','zodino_pns.zodino_pns_20.ts.ts_min_use',24);
INSERT INTO out_argument VALUES('zodino_pns.zodino_pns_20.ts.get_state_ts','zodino_pns.zodino_pns_20.ts.ts_max_use',25);
INSERT INTO out_argument VALUES('zodino_pns.zodino_pns_20.ts.get_state_ts','zodino_pns.zodino_pns_20.ts.ts_min_alm',26);
INSERT INTO out_argument VALUES('zodino_pns.zodino_pns_20.ts.get_state_ts','zodino_pns.zodino_pns_20.ts.ts_max_alm',27);
INSERT INTO command_param VALUES('zodino_pns.zodino_pns_20.ts.get_state_ts','devt','0');
INSERT INTO command_param VALUES('zodino_pns.zodino_pns_20.ts.get_state_ts','devn','7');
INSERT INTO command_param VALUES('zodino_pns.zodino_pns_20.ts.get_state_ts','code','0');
INSERT INTO command VALUES('zodino_pns.zodino_pns_20.ts.set_minimax_ts','zodino_pns.zodino_pns_20','zodino_pns.zodino_pns_20.ts','plg','alm','Установить пределы датчика температуры');
INSERT INTO in_argument VALUES('zodino_pns.zodino_pns_20.ts.set_minimax_ts','zodino_pns.zodino_pns_20.ts.ts_min_value',0);
INSERT INTO in_argument VALUES('zodino_pns.zodino_pns_20.ts.set_minimax_ts','zodino_pns.zodino_pns_20.ts.ts_max_value',8);
INSERT INTO out_argument VALUES('zodino_pns.zodino_pns_20.ts.set_minimax_ts','zodino_pns.zodino_pns_20.ts.ts_min_value',0);
INSERT INTO out_argument VALUES('zodino_pns.zodino_pns_20.ts.set_minimax_ts','zodino_pns.zodino_pns_20.ts.ts_max_value',8);
INSERT INTO command_param VALUES('zodino_pns.zodino_pns_20.ts.set_minimax_ts','devt','0');
INSERT INTO command_param VALUES('zodino_pns.zodino_pns_20.ts.set_minimax_ts','devn','7');
INSERT INTO command_param VALUES('zodino_pns.zodino_pns_20.ts.set_minimax_ts','code','1');
INSERT INTO command VALUES('zodino_pns.zodino_pns_20.ts.set_use_minimax_ts','zodino_pns.zodino_pns_20','zodino_pns.zodino_pns_20.ts','plg','alm','Установить использование анализа пределов датчика температуры');
INSERT INTO in_argument VALUES('zodino_pns.zodino_pns_20.ts.set_use_minimax_ts','zodino_pns.zodino_pns_20.ts.ts_min_use',0);
INSERT INTO in_argument VALUES('zodino_pns.zodino_pns_20.ts.set_use_minimax_ts','zodino_pns.zodino_pns_20.ts.ts_max_use',1);
INSERT INTO out_argument VALUES('zodino_pns.zodino_pns_20.ts.set_use_minimax_ts','zodino_pns.zodino_pns_20.ts.ts_min_use',0);
INSERT INTO out_argument VALUES('zodino_pns.zodino_pns_20.ts.set_use_minimax_ts','zodino_pns.zodino_pns_20.ts.ts_max_use',1);
INSERT INTO command_param VALUES('zodino_pns.zodino_pns_20.ts.set_use_minimax_ts','devt','0');
INSERT INTO command_param VALUES('zodino_pns.zodino_pns_20.ts.set_use_minimax_ts','devn','7');
INSERT INTO command_param VALUES('zodino_pns.zodino_pns_20.ts.set_use_minimax_ts','code','2');

/* factor */

INSERT INTO factor VALUES('zodino_pns.zodino_pns_20.ps1','zodino_pns.zodino_pns_20',1,'Датчик давления 1');
INSERT INTO factor VALUES('zodino_pns.zodino_pns_20.ps2','zodino_pns.zodino_pns_20',1,'Датчик давления 2');
INSERT INTO factor VALUES('zodino_pns.zodino_pns_20.fc','zodino_pns.zodino_pns_20',1,'ПЧТ');
INSERT INTO factor VALUES('zodino_pns.zodino_pns_20.one_percent','zodino_pns.zodino_pns_20',1,'Коэффициент 0,01');
INSERT INTO factor VALUES('zodino_pns.zodino_pns_20.ts','zodino_pns.zodino_pns_20',1,'Датчик температуры');

/* cell, cell_argument */

INSERT INTO cell VALUES('zodino_pns.zodino_pns_20.gprs_name_apn_srv','zodino_pns.zodino_pns_20',NULL,'Имя APN сервера');
INSERT INTO cell_argument VALUES('zodino_pns.zodino_pns_20.gprs_name_apn_srv','zodino_pns.zodino_pns_20.gprs.gprs_name_apn_srv');
INSERT INTO cell VALUES('zodino_pns.zodino_pns_20.gprs_name_apn_user','zodino_pns.zodino_pns_20',NULL,'Имя APN пользователя');
INSERT INTO cell_argument VALUES('zodino_pns.zodino_pns_20.gprs_name_apn_user','zodino_pns.zodino_pns_20.gprs.gprs_name_apn_user');
INSERT INTO cell VALUES('zodino_pns.zodino_pns_20.gprs_apn_pass','zodino_pns.zodino_pns_20',NULL,'APN пароль');
INSERT INTO cell_argument VALUES('zodino_pns.zodino_pns_20.gprs_apn_pass','zodino_pns.zodino_pns_20.gprs.gprs_apn_pass');
INSERT INTO cell VALUES('zodino_pns.zodino_pns_20.gprs_name_tcp_srv','zodino_pns.zodino_pns_20',NULL,'Имя TCP сервера');
INSERT INTO cell_argument VALUES('zodino_pns.zodino_pns_20.gprs_name_tcp_srv','zodino_pns.zodino_pns_20.gprs.gprs_name_tcp_srv');
INSERT INTO cell VALUES('zodino_pns.zodino_pns_20.gprs_name_tcp_port','zodino_pns.zodino_pns_20',NULL,'Имя TCP порта');
INSERT INTO cell_argument VALUES('zodino_pns.zodino_pns_20.gprs_name_tcp_port','zodino_pns.zodino_pns_20.gprs.gprs_name_tcp_port');
INSERT INTO cell VALUES('zodino_pns.zodino_pns_20.gprs_name_object_autorization','zodino_pns.zodino_pns_20',NULL,'Имя объекта авторизации');
INSERT INTO cell_argument VALUES('zodino_pns.zodino_pns_20.gprs_name_object_autorization','zodino_pns.zodino_pns_20.gprs.gprs_name_object_autorization');
INSERT INTO cell VALUES('zodino_pns.zodino_pns_20.gprs_name_user_autorization','zodino_pns.zodino_pns_20',NULL,'Имя пользователя авторизации');
INSERT INTO cell_argument VALUES('zodino_pns.zodino_pns_20.gprs_name_user_autorization','zodino_pns.zodino_pns_20.gprs.gprs_name_user_autorization');
INSERT INTO cell VALUES('zodino_pns.zodino_pns_20.gprs_pass_autorization','zodino_pns.zodino_pns_20',NULL,'Пароль авторизации');
INSERT INTO cell_argument VALUES('zodino_pns.zodino_pns_20.gprs_pass_autorization','zodino_pns.zodino_pns_20.gprs.gprs_pass_autorization');
INSERT INTO cell VALUES('zodino_pns.zodino_pns_20.gsm_lvl_signal_gsm','zodino_pns.zodino_pns_20',NULL,'Уровень сигнала GSM');
INSERT INTO cell_argument VALUES('zodino_pns.zodino_pns_20.gsm_lvl_signal_gsm','zodino_pns.zodino_pns_20.gsm.gsm_lvl_signal_gsm');
INSERT INTO cell_argument VALUES('zodino_pns.zodino_pns_20.gsm_lvl_signal_gsm','zodino_pns.zodino_pns_20.zodino_pns_20.gsm_lvl_signal_gsm');
INSERT INTO cell VALUES('zodino_pns.zodino_pns_20.gsm_num_phone_ascii','zodino_pns.zodino_pns_20',NULL,'Номер телефона');
INSERT INTO cell_argument VALUES('zodino_pns.zodino_pns_20.gsm_num_phone_ascii','zodino_pns.zodino_pns_20.gsm.gsm_num_phone_ascii');
INSERT INTO cell VALUES('zodino_pns.zodino_pns_20.gsm_flag_disable_sms','zodino_pns.zodino_pns_20',NULL,'Флаг запрета SMS - запрещены');
INSERT INTO cell_argument VALUES('zodino_pns.zodino_pns_20.gsm_flag_disable_sms','zodino_pns.zodino_pns_20.gsm.gsm_flag_disable_sms');
INSERT INTO cell_argument VALUES('zodino_pns.zodino_pns_20.gsm_flag_disable_sms','zodino_pns.zodino_pns_20.zodino_pns_20.gsm_flag_disable_sms');
INSERT INTO cell VALUES('zodino_pns.zodino_pns_20.gsm_flag_disable_sms_limiter','zodino_pns.zodino_pns_20',NULL,'Флаг запрета SMS по ограничителю  - запрещены');
INSERT INTO cell_argument VALUES('zodino_pns.zodino_pns_20.gsm_flag_disable_sms_limiter','zodino_pns.zodino_pns_20.gsm.gsm_flag_disable_sms_limiter');
INSERT INTO cell_argument VALUES('zodino_pns.zodino_pns_20.gsm_flag_disable_sms_limiter','zodino_pns.zodino_pns_20.zodino_pns_20.gsm_flag_disable_sms_limiter');
INSERT INTO cell VALUES('zodino_pns.zodino_pns_20.gsm_limiter_sms_messages','zodino_pns.zodino_pns_20',NULL,'Ограничитель SMS в сообщениях');
INSERT INTO cell_argument VALUES('zodino_pns.zodino_pns_20.gsm_limiter_sms_messages','zodino_pns.zodino_pns_20.gsm.gsm_limiter_sms_messages');
INSERT INTO cell_argument VALUES('zodino_pns.zodino_pns_20.gsm_limiter_sms_messages','zodino_pns.zodino_pns_20.zodino_pns_20.gsm_limiter_sms_messages');
INSERT INTO cell VALUES('zodino_pns.zodino_pns_20.gsm_counter_send_sms','zodino_pns.zodino_pns_20',NULL,'Счетчик отправленных SMS');
INSERT INTO cell_argument VALUES('zodino_pns.zodino_pns_20.gsm_counter_send_sms','zodino_pns.zodino_pns_20.gsm.gsm_counter_send_sms');
INSERT INTO cell_argument VALUES('zodino_pns.zodino_pns_20.gsm_counter_send_sms','zodino_pns.zodino_pns_20.zodino_pns_20.gsm_counter_send_sms');
INSERT INTO cell VALUES('zodino_pns.zodino_pns_20.as_time_block_alm','zodino_pns.zodino_pns_20',NULL,'Время блокировки аварий, в секундах ( 0 – 3600 сек; 0 – не использовать)');
INSERT INTO cell_argument VALUES('zodino_pns.zodino_pns_20.as_time_block_alm','zodino_pns.zodino_pns_20.as.as_time_block_alm');
INSERT INTO cell_argument VALUES('zodino_pns.zodino_pns_20.as_time_block_alm','zodino_pns.zodino_pns_20.zodino_pns_20.as_time_block_alm');
INSERT INTO cell VALUES('zodino_pns.zodino_pns_20.as_flag_disable_alm','zodino_pns.zodino_pns_20',NULL,'Флаг заперта обработки аварий - запрещено');
INSERT INTO cell_argument VALUES('zodino_pns.zodino_pns_20.as_flag_disable_alm','zodino_pns.zodino_pns_20.as.as_flag_disable_alm');
INSERT INTO cell_argument VALUES('zodino_pns.zodino_pns_20.as_flag_disable_alm','zodino_pns.zodino_pns_20.zodino_pns_20.as_flag_disable_alm');
INSERT INTO cell VALUES('zodino_pns.zodino_pns_20.ps1_value','zodino_pns.zodino_pns_20','zodino_pns.zodino_pns_20.ps1','Значение датчика давления воды 1');
INSERT INTO cell_argument VALUES('zodino_pns.zodino_pns_20.ps1_value','zodino_pns.zodino_pns_20.zodino_pns_20.ps1_value');
INSERT INTO cell_argument VALUES('zodino_pns.zodino_pns_20.ps1_value','zodino_pns.zodino_pns_20.ps_1.ps1_value');
INSERT INTO cell VALUES('zodino_pns.zodino_pns_20.ps1_min_value','zodino_pns.zodino_pns_20','zodino_pns.zodino_pns_20.ps1','Значение минимального предела PS1');
INSERT INTO cell_argument VALUES('zodino_pns.zodino_pns_20.ps1_min_value','zodino_pns.zodino_pns_20.zodino_pns_20.ps1_min_value');
INSERT INTO cell_argument VALUES('zodino_pns.zodino_pns_20.ps1_min_value','zodino_pns.zodino_pns_20.ps_1.ps1_min_value');
INSERT INTO cell VALUES('zodino_pns.zodino_pns_20.ps1_max_value','zodino_pns.zodino_pns_20','zodino_pns.zodino_pns_20.ps1','Значение максимального предела PS1');
INSERT INTO cell_argument VALUES('zodino_pns.zodino_pns_20.ps1_max_value','zodino_pns.zodino_pns_20.zodino_pns_20.ps1_max_value');
INSERT INTO cell_argument VALUES('zodino_pns.zodino_pns_20.ps1_max_value','zodino_pns.zodino_pns_20.ps_1.ps1_max_value');
INSERT INTO cell VALUES('zodino_pns.zodino_pns_20.ps1_min_use','zodino_pns.zodino_pns_20',NULL,'Использовать минимум датчика давления воды 1');
INSERT INTO cell_argument VALUES('zodino_pns.zodino_pns_20.ps1_min_use','zodino_pns.zodino_pns_20.ps_1.ps1_min_use');
INSERT INTO cell_argument VALUES('zodino_pns.zodino_pns_20.ps1_min_use','zodino_pns.zodino_pns_20.zodino_pns_20.ps1_min_use');
INSERT INTO cell VALUES('zodino_pns.zodino_pns_20.ps1_max_use','zodino_pns.zodino_pns_20',NULL,'Использовать максимум датчика давления воды 1');
INSERT INTO cell_argument VALUES('zodino_pns.zodino_pns_20.ps1_max_use','zodino_pns.zodino_pns_20.ps_1.ps1_max_use');
INSERT INTO cell_argument VALUES('zodino_pns.zodino_pns_20.ps1_max_use','zodino_pns.zodino_pns_20.zodino_pns_20.ps1_max_use');
INSERT INTO cell VALUES('zodino_pns.zodino_pns_20.ps1_min_alm','zodino_pns.zodino_pns_20',NULL,'Достигнут минимальный предел (0 – не достигнут) PS1');
INSERT INTO cell_argument VALUES('zodino_pns.zodino_pns_20.ps1_min_alm','zodino_pns.zodino_pns_20.ps_1.ps1_min_alm');
INSERT INTO cell_argument VALUES('zodino_pns.zodino_pns_20.ps1_min_alm','zodino_pns.zodino_pns_20.zodino_pns_20.ps1_min_alm');
INSERT INTO cell VALUES('zodino_pns.zodino_pns_20.ps1_max_alm','zodino_pns.zodino_pns_20',NULL,'Достигнут максимальный предел (0 – не достигнут) PS1');
INSERT INTO cell_argument VALUES('zodino_pns.zodino_pns_20.ps1_max_alm','zodino_pns.zodino_pns_20.ps_1.ps1_max_alm');
INSERT INTO cell_argument VALUES('zodino_pns.zodino_pns_20.ps1_max_alm','zodino_pns.zodino_pns_20.zodino_pns_20.ps1_max_alm');
INSERT INTO cell VALUES('zodino_pns.zodino_pns_20.ps2_value','zodino_pns.zodino_pns_20','zodino_pns.zodino_pns_20.ps2','Значение датчика PS2');
INSERT INTO cell_argument VALUES('zodino_pns.zodino_pns_20.ps2_value','zodino_pns.zodino_pns_20.zodino_pns_20.ps2_value');
INSERT INTO cell_argument VALUES('zodino_pns.zodino_pns_20.ps2_value','zodino_pns.zodino_pns_20.ps_2.ps2_value');
INSERT INTO cell VALUES('zodino_pns.zodino_pns_20.ps2_min_value','zodino_pns.zodino_pns_20','zodino_pns.zodino_pns_20.ps2','Значение минимального предела PS2');
INSERT INTO cell_argument VALUES('zodino_pns.zodino_pns_20.ps2_min_value','zodino_pns.zodino_pns_20.zodino_pns_20.ps2_min_value');
INSERT INTO cell_argument VALUES('zodino_pns.zodino_pns_20.ps2_min_value','zodino_pns.zodino_pns_20.ps_2.ps2_min_value');
INSERT INTO cell VALUES('zodino_pns.zodino_pns_20.ps2_max_value','zodino_pns.zodino_pns_20','zodino_pns.zodino_pns_20.ps2','Значение максимального предела PS2');
INSERT INTO cell_argument VALUES('zodino_pns.zodino_pns_20.ps2_max_value','zodino_pns.zodino_pns_20.zodino_pns_20.ps2_max_value');
INSERT INTO cell_argument VALUES('zodino_pns.zodino_pns_20.ps2_max_value','zodino_pns.zodino_pns_20.ps_2.ps2_max_value');
INSERT INTO cell VALUES('zodino_pns.zodino_pns_20.ps2_min_use','zodino_pns.zodino_pns_20',NULL,'Использовать анализ минимального предела (0 – не использовать) PS2');
INSERT INTO cell_argument VALUES('zodino_pns.zodino_pns_20.ps2_min_use','zodino_pns.zodino_pns_20.ps_2.ps2_min_use');
INSERT INTO cell_argument VALUES('zodino_pns.zodino_pns_20.ps2_min_use','zodino_pns.zodino_pns_20.zodino_pns_20.ps2_min_use');
INSERT INTO cell VALUES('zodino_pns.zodino_pns_20.ps2_max_use','zodino_pns.zodino_pns_20',NULL,'Использовать анализ максимального предела (0 – не использовать) PS2');
INSERT INTO cell_argument VALUES('zodino_pns.zodino_pns_20.ps2_max_use','zodino_pns.zodino_pns_20.ps_2.ps2_max_use');
INSERT INTO cell_argument VALUES('zodino_pns.zodino_pns_20.ps2_max_use','zodino_pns.zodino_pns_20.zodino_pns_20.ps2_max_use');
INSERT INTO cell VALUES('zodino_pns.zodino_pns_20.ps2_min_alm','zodino_pns.zodino_pns_20',NULL,'Достигнут минимальный предел (0 – не достигнут) PS2');
INSERT INTO cell_argument VALUES('zodino_pns.zodino_pns_20.ps2_min_alm','zodino_pns.zodino_pns_20.ps_2.ps2_min_alm');
INSERT INTO cell_argument VALUES('zodino_pns.zodino_pns_20.ps2_min_alm','zodino_pns.zodino_pns_20.zodino_pns_20.ps2_min_alm');
INSERT INTO cell VALUES('zodino_pns.zodino_pns_20.ps2_max_alm','zodino_pns.zodino_pns_20',NULL,'Достигнут максимальный предел (0 – не достигнут) PS2');
INSERT INTO cell_argument VALUES('zodino_pns.zodino_pns_20.ps2_max_alm','zodino_pns.zodino_pns_20.ps_2.ps2_max_alm');
INSERT INTO cell_argument VALUES('zodino_pns.zodino_pns_20.ps2_max_alm','zodino_pns.zodino_pns_20.zodino_pns_20.ps2_max_alm');
INSERT INTO cell VALUES('zodino_pns.zodino_pns_20.rs_time_rotation_hour','zodino_pns.zodino_pns_20',NULL,'Значение времени ротации (час)');
INSERT INTO cell_argument VALUES('zodino_pns.zodino_pns_20.rs_time_rotation_hour','zodino_pns.zodino_pns_20.rs.rs_time_rotation_hour');
INSERT INTO cell_argument VALUES('zodino_pns.zodino_pns_20.rs_time_rotation_hour','zodino_pns.zodino_pns_20.zodino_pns_20.rs_time_rotation_hour');
INSERT INTO cell VALUES('zodino_pns.zodino_pns_20.rs_time_rotation_minute','zodino_pns.zodino_pns_20',NULL,'Значение времени ротации (минута)');
INSERT INTO cell_argument VALUES('zodino_pns.zodino_pns_20.rs_time_rotation_minute','zodino_pns.zodino_pns_20.rs.rs_time_rotation_minute');
INSERT INTO cell_argument VALUES('zodino_pns.zodino_pns_20.rs_time_rotation_minute','zodino_pns.zodino_pns_20.zodino_pns_20.rs_time_rotation_minute');
INSERT INTO cell VALUES('zodino_pns.zodino_pns_20.rs_period_rotation','zodino_pns.zodino_pns_20',NULL,'Значение периода ротации (в часах)');
INSERT INTO cell_argument VALUES('zodino_pns.zodino_pns_20.rs_period_rotation','zodino_pns.zodino_pns_20.rs.rs_period_rotation');
INSERT INTO cell_argument VALUES('zodino_pns.zodino_pns_20.rs_period_rotation','zodino_pns.zodino_pns_20.zodino_pns_20.rs_period_rotation');
INSERT INTO cell VALUES('zodino_pns.zodino_pns_20.rs_p1_use_rotation','zodino_pns.zodino_pns_20',NULL,'Насос 1 используется в ротации');
INSERT INTO cell_argument VALUES('zodino_pns.zodino_pns_20.rs_p1_use_rotation','zodino_pns.zodino_pns_20.rs.rs_p1_use_rotation');
INSERT INTO cell_argument VALUES('zodino_pns.zodino_pns_20.rs_p1_use_rotation','zodino_pns.zodino_pns_20.zodino_pns_20.rs_p1_use_rotation');
INSERT INTO cell VALUES('zodino_pns.zodino_pns_20.rs_p2_use_rotation','zodino_pns.zodino_pns_20',NULL,'Насос 2 используется в ротации');
INSERT INTO cell_argument VALUES('zodino_pns.zodino_pns_20.rs_p2_use_rotation','zodino_pns.zodino_pns_20.rs.rs_p2_use_rotation');
INSERT INTO cell_argument VALUES('zodino_pns.zodino_pns_20.rs_p2_use_rotation','zodino_pns.zodino_pns_20.zodino_pns_20.rs_p2_use_rotation');
INSERT INTO cell VALUES('zodino_pns.zodino_pns_20.rs_p3_use_rotation','zodino_pns.zodino_pns_20',NULL,'Насос 3 используется в ротации');
INSERT INTO cell_argument VALUES('zodino_pns.zodino_pns_20.rs_p3_use_rotation','zodino_pns.zodino_pns_20.rs.rs_p3_use_rotation');
INSERT INTO cell_argument VALUES('zodino_pns.zodino_pns_20.rs_p3_use_rotation','zodino_pns.zodino_pns_20.zodino_pns_20.rs_p3_use_rotation');
INSERT INTO cell VALUES('zodino_pns.zodino_pns_20.rs_p4_use_rotation','zodino_pns.zodino_pns_20',NULL,'Насос 4 используется в ротации');
INSERT INTO cell_argument VALUES('zodino_pns.zodino_pns_20.rs_p4_use_rotation','zodino_pns.zodino_pns_20.rs.rs_p4_use_rotation');
INSERT INTO cell_argument VALUES('zodino_pns.zodino_pns_20.rs_p4_use_rotation','zodino_pns.zodino_pns_20.zodino_pns_20.rs_p4_use_rotation');
INSERT INTO cell VALUES('zodino_pns.zodino_pns_20.rs_p5_use_rotation','zodino_pns.zodino_pns_20',NULL,'Насос 5 используется в ротации');
INSERT INTO cell_argument VALUES('zodino_pns.zodino_pns_20.rs_p5_use_rotation','zodino_pns.zodino_pns_20.rs.rs_p5_use_rotation');
INSERT INTO cell_argument VALUES('zodino_pns.zodino_pns_20.rs_p5_use_rotation','zodino_pns.zodino_pns_20.zodino_pns_20.rs_p5_use_rotation');
INSERT INTO cell VALUES('zodino_pns.zodino_pns_20.rs_use_time_rotation','zodino_pns.zodino_pns_20',NULL,'Использовать ротацию по времени');
INSERT INTO cell_argument VALUES('zodino_pns.zodino_pns_20.rs_use_time_rotation','zodino_pns.zodino_pns_20.rs.rs_use_time_rotation');
INSERT INTO cell_argument VALUES('zodino_pns.zodino_pns_20.rs_use_time_rotation','zodino_pns.zodino_pns_20.zodino_pns_20.rs_use_time_rotation');
INSERT INTO cell VALUES('zodino_pns.zodino_pns_20.rs_use_rotation_via_period','zodino_pns.zodino_pns_20',NULL,'Использовать ротацию через период');
INSERT INTO cell_argument VALUES('zodino_pns.zodino_pns_20.rs_use_rotation_via_period','zodino_pns.zodino_pns_20.rs.rs_use_rotation_via_period');
INSERT INTO cell_argument VALUES('zodino_pns.zodino_pns_20.rs_use_rotation_via_period','zodino_pns.zodino_pns_20.zodino_pns_20.rs_use_rotation_via_period');
INSERT INTO cell VALUES('zodino_pns.zodino_pns_20.rs_need_rotation','zodino_pns.zodino_pns_20',NULL,'Необходима ротация');
INSERT INTO cell_argument VALUES('zodino_pns.zodino_pns_20.rs_need_rotation','zodino_pns.zodino_pns_20.rs.rs_need_rotation');
INSERT INTO cell_argument VALUES('zodino_pns.zodino_pns_20.rs_need_rotation','zodino_pns.zodino_pns_20.zodino_pns_20.rs_need_rotation');
INSERT INTO cell VALUES('zodino_pns.zodino_pns_20.reserve','zodino_pns.zodino_pns_20',NULL,'Резерв');
INSERT INTO cell_argument VALUES('zodino_pns.zodino_pns_20.reserve','zodino_pns.zodino_pns_20.rs.reserve');
INSERT INTO cell VALUES('zodino_pns.zodino_pns_20.ts_value','zodino_pns.zodino_pns_20',NULL,'Значение датчика температуры');
INSERT INTO cell_argument VALUES('zodino_pns.zodino_pns_20.ts_value','zodino_pns.zodino_pns_20.zodino_pns_20.ts_value');
INSERT INTO cell_argument VALUES('zodino_pns.zodino_pns_20.ts_value','zodino_pns.zodino_pns_20.ts.ts_value');
INSERT INTO cell VALUES('zodino_pns.zodino_pns_20.ts_min_value','zodino_pns.zodino_pns_20',NULL,'Значение минимального предела датчика температуры');
INSERT INTO cell_argument VALUES('zodino_pns.zodino_pns_20.ts_min_value','zodino_pns.zodino_pns_20.zodino_pns_20.ts_min_value');
INSERT INTO cell_argument VALUES('zodino_pns.zodino_pns_20.ts_min_value','zodino_pns.zodino_pns_20.ts.ts_min_value');
INSERT INTO cell VALUES('zodino_pns.zodino_pns_20.ts_max_value','zodino_pns.zodino_pns_20',NULL,'Значение максимального предела датчика температуры');
INSERT INTO cell_argument VALUES('zodino_pns.zodino_pns_20.ts_max_value','zodino_pns.zodino_pns_20.zodino_pns_20.ts_max_value');
INSERT INTO cell_argument VALUES('zodino_pns.zodino_pns_20.ts_max_value','zodino_pns.zodino_pns_20.ts.ts_max_value');
INSERT INTO cell VALUES('zodino_pns.zodino_pns_20.ts_min_use','zodino_pns.zodino_pns_20',NULL,'Использование минимума датчика температуры');
INSERT INTO cell_argument VALUES('zodino_pns.zodino_pns_20.ts_min_use','zodino_pns.zodino_pns_20.zodino_pns_20.ts_min_use');
INSERT INTO cell_argument VALUES('zodino_pns.zodino_pns_20.ts_min_use','zodino_pns.zodino_pns_20.ts.ts_min_use');
INSERT INTO cell VALUES('zodino_pns.zodino_pns_20.ts_max_use','zodino_pns.zodino_pns_20',NULL,'Использование максимума датчика температуры');
INSERT INTO cell_argument VALUES('zodino_pns.zodino_pns_20.ts_max_use','zodino_pns.zodino_pns_20.zodino_pns_20.ts_max_use');
INSERT INTO cell_argument VALUES('zodino_pns.zodino_pns_20.ts_max_use','zodino_pns.zodino_pns_20.ts.ts_max_use');
INSERT INTO cell VALUES('zodino_pns.zodino_pns_20.ts_min_alm','zodino_pns.zodino_pns_20',NULL,'Достигнут минимальный предел датчика температуры');
INSERT INTO cell_argument VALUES('zodino_pns.zodino_pns_20.ts_min_alm','zodino_pns.zodino_pns_20.zodino_pns_20.ts_min_alm');
INSERT INTO cell_argument VALUES('zodino_pns.zodino_pns_20.ts_min_alm','zodino_pns.zodino_pns_20.ts.ts_min_alm');
INSERT INTO cell VALUES('zodino_pns.zodino_pns_20.ts_max_alm','zodino_pns.zodino_pns_20',NULL,'Достигнут максимальный предел датчика температуры');
INSERT INTO cell_argument VALUES('zodino_pns.zodino_pns_20.ts_max_alm','zodino_pns.zodino_pns_20.zodino_pns_20.ts_max_alm');
INSERT INTO cell_argument VALUES('zodino_pns.zodino_pns_20.ts_max_alm','zodino_pns.zodino_pns_20.ts.ts_max_alm');
INSERT INTO cell VALUES('zodino_pns.zodino_pns_20.p1_value','zodino_pns.zodino_pns_20',NULL,'Насос 1. Значение тока насоса');
INSERT INTO cell_argument VALUES('zodino_pns.zodino_pns_20.p1_value','zodino_pns.zodino_pns_20.p1.p1_value');
INSERT INTO cell VALUES('zodino_pns.zodino_pns_20.p1_min_value','zodino_pns.zodino_pns_20',NULL,'Насос 1. Значение минимального предела насоса');
INSERT INTO cell_argument VALUES('zodino_pns.zodino_pns_20.p1_min_value','zodino_pns.zodino_pns_20.p1.p1_min_value');
INSERT INTO cell VALUES('zodino_pns.zodino_pns_20.p1_max_value','zodino_pns.zodino_pns_20',NULL,'Насос 1. Значение максимального предела насоса');
INSERT INTO cell_argument VALUES('zodino_pns.zodino_pns_20.p1_max_value','zodino_pns.zodino_pns_20.p1.p1_max_value');
INSERT INTO cell VALUES('zodino_pns.zodino_pns_20.p1_min_use','zodino_pns.zodino_pns_20',NULL,'Насос 1. Использовать анализ минимального предела насоса');
INSERT INTO cell_argument VALUES('zodino_pns.zodino_pns_20.p1_min_use','zodino_pns.zodino_pns_20.p1.p1_min_use');
INSERT INTO cell VALUES('zodino_pns.zodino_pns_20.p1_max_use','zodino_pns.zodino_pns_20',NULL,'Насос 1. Использовать анализ максимального предела насоса');
INSERT INTO cell_argument VALUES('zodino_pns.zodino_pns_20.p1_max_use','zodino_pns.zodino_pns_20.p1.p1_max_use');
INSERT INTO cell VALUES('zodino_pns.zodino_pns_20.p1_min_alm','zodino_pns.zodino_pns_20',NULL,'Насос 1. Достигнут минимальный предел  насоса');
INSERT INTO cell_argument VALUES('zodino_pns.zodino_pns_20.p1_min_alm','zodino_pns.zodino_pns_20.p1.p1_min_alm');
INSERT INTO cell VALUES('zodino_pns.zodino_pns_20.p1_max_alm','zodino_pns.zodino_pns_20',NULL,'Насос 1. Достигнут максимальный предел  насоса');
INSERT INTO cell_argument VALUES('zodino_pns.zodino_pns_20.p1_max_alm','zodino_pns.zodino_pns_20.p1.p1_max_alm');
INSERT INTO cell VALUES('zodino_pns.zodino_pns_20.p1_use_auto_off_on_event','zodino_pns.zodino_pns_20',NULL,'Насос 1. Использовать автовыключение насоса по событию');
INSERT INTO cell_argument VALUES('zodino_pns.zodino_pns_20.p1_use_auto_off_on_event','zodino_pns.zodino_pns_20.p1.p1_use_auto_off_on_event');
INSERT INTO cell_argument VALUES('zodino_pns.zodino_pns_20.p1_use_auto_off_on_event','zodino_pns.zodino_pns_20.zodino_pns_20.p1_use_auto_off_on_event');
INSERT INTO cell VALUES('zodino_pns.zodino_pns_20.p1_on','zodino_pns.zodino_pns_20',NULL,'Насос 1. Насос включен');
INSERT INTO cell_argument VALUES('zodino_pns.zodino_pns_20.p1_on','zodino_pns.zodino_pns_20.p1.p1_on');
INSERT INTO cell_argument VALUES('zodino_pns.zodino_pns_20.p1_on','zodino_pns.zodino_pns_20.zodino_pns_20.p1_on');
INSERT INTO cell VALUES('zodino_pns.zodino_pns_20.p1_state_on','zodino_pns.zodino_pns_20',NULL,'Насос 1. Состояние включения насоса - включается');
INSERT INTO cell_argument VALUES('zodino_pns.zodino_pns_20.p1_state_on','zodino_pns.zodino_pns_20.p1.p1_state_on');
INSERT INTO cell_argument VALUES('zodino_pns.zodino_pns_20.p1_state_on','zodino_pns.zodino_pns_20.zodino_pns_20.p1_state_on');
INSERT INTO cell VALUES('zodino_pns.zodino_pns_20.p1_state_off','zodino_pns.zodino_pns_20',NULL,'Насос 1. Состояние выключения насоса - выключается');
INSERT INTO cell_argument VALUES('zodino_pns.zodino_pns_20.p1_state_off','zodino_pns.zodino_pns_20.p1.p1_state_off');
INSERT INTO cell_argument VALUES('zodino_pns.zodino_pns_20.p1_state_off','zodino_pns.zodino_pns_20.zodino_pns_20.p1_state_off');
INSERT INTO cell VALUES('zodino_pns.zodino_pns_20.p2_value','zodino_pns.zodino_pns_20',NULL,'Насос 2. Значение тока насоса');
INSERT INTO cell_argument VALUES('zodino_pns.zodino_pns_20.p2_value','zodino_pns.zodino_pns_20.p2.p2_value');
INSERT INTO cell VALUES('zodino_pns.zodino_pns_20.p2_min_value','zodino_pns.zodino_pns_20',NULL,'Насос 2. Значение минимального предела насоса');
INSERT INTO cell_argument VALUES('zodino_pns.zodino_pns_20.p2_min_value','zodino_pns.zodino_pns_20.p2.p2_min_value');
INSERT INTO cell VALUES('zodino_pns.zodino_pns_20.p2_max_value','zodino_pns.zodino_pns_20',NULL,'Насос 2. Значение максимального предела насоса');
INSERT INTO cell_argument VALUES('zodino_pns.zodino_pns_20.p2_max_value','zodino_pns.zodino_pns_20.p2.p2_max_value');
INSERT INTO cell VALUES('zodino_pns.zodino_pns_20.p2_min_use','zodino_pns.zodino_pns_20',NULL,'Насос 2. Использовать анализ минимального предела насоса');
INSERT INTO cell_argument VALUES('zodino_pns.zodino_pns_20.p2_min_use','zodino_pns.zodino_pns_20.p2.p2_min_use');
INSERT INTO cell VALUES('zodino_pns.zodino_pns_20.p2_max_use','zodino_pns.zodino_pns_20',NULL,'Насос 2. Использовать анализ максимального предела насоса');
INSERT INTO cell_argument VALUES('zodino_pns.zodino_pns_20.p2_max_use','zodino_pns.zodino_pns_20.p2.p2_max_use');
INSERT INTO cell VALUES('zodino_pns.zodino_pns_20.p2_min_alm','zodino_pns.zodino_pns_20',NULL,'Насос 2. Достигнут минимальный предел  насоса');
INSERT INTO cell_argument VALUES('zodino_pns.zodino_pns_20.p2_min_alm','zodino_pns.zodino_pns_20.p2.p2_min_alm');
INSERT INTO cell VALUES('zodino_pns.zodino_pns_20.p2_max_alm','zodino_pns.zodino_pns_20',NULL,'Насос 2. Достигнут максимальный предел  насоса');
INSERT INTO cell_argument VALUES('zodino_pns.zodino_pns_20.p2_max_alm','zodino_pns.zodino_pns_20.p2.p2_max_alm');
INSERT INTO cell VALUES('zodino_pns.zodino_pns_20.p2_use_auto_off_on_event','zodino_pns.zodino_pns_20',NULL,'Насос 2. Использовать автовыключение насоса по событию');
INSERT INTO cell_argument VALUES('zodino_pns.zodino_pns_20.p2_use_auto_off_on_event','zodino_pns.zodino_pns_20.p2.p2_use_auto_off_on_event');
INSERT INTO cell_argument VALUES('zodino_pns.zodino_pns_20.p2_use_auto_off_on_event','zodino_pns.zodino_pns_20.zodino_pns_20.p2_use_auto_off_on_event');
INSERT INTO cell VALUES('zodino_pns.zodino_pns_20.p2_on','zodino_pns.zodino_pns_20',NULL,'Насос 2. Насос включен');
INSERT INTO cell_argument VALUES('zodino_pns.zodino_pns_20.p2_on','zodino_pns.zodino_pns_20.p2.p2_on');
INSERT INTO cell_argument VALUES('zodino_pns.zodino_pns_20.p2_on','zodino_pns.zodino_pns_20.zodino_pns_20.p2_on');
INSERT INTO cell VALUES('zodino_pns.zodino_pns_20.p2_state_on','zodino_pns.zodino_pns_20',NULL,'Насос 2. Состояние включения насоса - включается');
INSERT INTO cell_argument VALUES('zodino_pns.zodino_pns_20.p2_state_on','zodino_pns.zodino_pns_20.p2.p2_state_on');
INSERT INTO cell_argument VALUES('zodino_pns.zodino_pns_20.p2_state_on','zodino_pns.zodino_pns_20.zodino_pns_20.p2_state_on');
INSERT INTO cell VALUES('zodino_pns.zodino_pns_20.p2_state_off','zodino_pns.zodino_pns_20',NULL,'Насос 2. Состояние выключения насоса - выключается');
INSERT INTO cell_argument VALUES('zodino_pns.zodino_pns_20.p2_state_off','zodino_pns.zodino_pns_20.p2.p2_state_off');
INSERT INTO cell_argument VALUES('zodino_pns.zodino_pns_20.p2_state_off','zodino_pns.zodino_pns_20.zodino_pns_20.p2_state_off');
INSERT INTO cell VALUES('zodino_pns.zodino_pns_20.p3_value','zodino_pns.zodino_pns_20',NULL,'Насос 3. Значение тока насоса');
INSERT INTO cell_argument VALUES('zodino_pns.zodino_pns_20.p3_value','zodino_pns.zodino_pns_20.p3.p3_value');
INSERT INTO cell VALUES('zodino_pns.zodino_pns_20.p3_min_value','zodino_pns.zodino_pns_20',NULL,'Насос 3. Значение минимального предела насоса');
INSERT INTO cell_argument VALUES('zodino_pns.zodino_pns_20.p3_min_value','zodino_pns.zodino_pns_20.p3.p3_min_value');
INSERT INTO cell VALUES('zodino_pns.zodino_pns_20.p3_max_value','zodino_pns.zodino_pns_20',NULL,'Насос 3. Значение максимального предела насоса');
INSERT INTO cell_argument VALUES('zodino_pns.zodino_pns_20.p3_max_value','zodino_pns.zodino_pns_20.p3.p3_max_value');
INSERT INTO cell VALUES('zodino_pns.zodino_pns_20.p3_min_use','zodino_pns.zodino_pns_20',NULL,'Насос 3. Использовать анализ минимального предела насоса');
INSERT INTO cell_argument VALUES('zodino_pns.zodino_pns_20.p3_min_use','zodino_pns.zodino_pns_20.p3.p3_min_use');
INSERT INTO cell VALUES('zodino_pns.zodino_pns_20.p3_max_use','zodino_pns.zodino_pns_20',NULL,'Насос 3. Использовать анализ максимального предела насоса');
INSERT INTO cell_argument VALUES('zodino_pns.zodino_pns_20.p3_max_use','zodino_pns.zodino_pns_20.p3.p3_max_use');
INSERT INTO cell VALUES('zodino_pns.zodino_pns_20.p3_min_alm','zodino_pns.zodino_pns_20',NULL,'Насос 3. Достигнут минимальный предел  насоса');
INSERT INTO cell_argument VALUES('zodino_pns.zodino_pns_20.p3_min_alm','zodino_pns.zodino_pns_20.p3.p3_min_alm');
INSERT INTO cell VALUES('zodino_pns.zodino_pns_20.p3_max_alm','zodino_pns.zodino_pns_20',NULL,'Насос 3. Достигнут максимальный предел  насоса');
INSERT INTO cell_argument VALUES('zodino_pns.zodino_pns_20.p3_max_alm','zodino_pns.zodino_pns_20.p3.p3_max_alm');
INSERT INTO cell VALUES('zodino_pns.zodino_pns_20.p3_use_auto_off_on_event','zodino_pns.zodino_pns_20',NULL,'Насос 3. Использовать автовыключение насоса по событию');
INSERT INTO cell_argument VALUES('zodino_pns.zodino_pns_20.p3_use_auto_off_on_event','zodino_pns.zodino_pns_20.p3.p3_use_auto_off_on_event');
INSERT INTO cell_argument VALUES('zodino_pns.zodino_pns_20.p3_use_auto_off_on_event','zodino_pns.zodino_pns_20.zodino_pns_20.p3_use_auto_off_on_event');
INSERT INTO cell VALUES('zodino_pns.zodino_pns_20.p3_on','zodino_pns.zodino_pns_20',NULL,'Насос 3. Насос включен');
INSERT INTO cell_argument VALUES('zodino_pns.zodino_pns_20.p3_on','zodino_pns.zodino_pns_20.p3.p3_on');
INSERT INTO cell_argument VALUES('zodino_pns.zodino_pns_20.p3_on','zodino_pns.zodino_pns_20.zodino_pns_20.p3_on');
INSERT INTO cell VALUES('zodino_pns.zodino_pns_20.p3_state_on','zodino_pns.zodino_pns_20',NULL,'Насос 3. Состояние включения насоса - включается');
INSERT INTO cell_argument VALUES('zodino_pns.zodino_pns_20.p3_state_on','zodino_pns.zodino_pns_20.p3.p3_state_on');
INSERT INTO cell_argument VALUES('zodino_pns.zodino_pns_20.p3_state_on','zodino_pns.zodino_pns_20.zodino_pns_20.p3_state_on');
INSERT INTO cell VALUES('zodino_pns.zodino_pns_20.p3_state_off','zodino_pns.zodino_pns_20',NULL,'Насос 3. Состояние выключения насоса - выключается');
INSERT INTO cell_argument VALUES('zodino_pns.zodino_pns_20.p3_state_off','zodino_pns.zodino_pns_20.p3.p3_state_off');
INSERT INTO cell_argument VALUES('zodino_pns.zodino_pns_20.p3_state_off','zodino_pns.zodino_pns_20.zodino_pns_20.p3_state_off');
INSERT INTO cell VALUES('zodino_pns.zodino_pns_20.p4_value','zodino_pns.zodino_pns_20',NULL,'Насос 4. Значение тока насоса');
INSERT INTO cell_argument VALUES('zodino_pns.zodino_pns_20.p4_value','zodino_pns.zodino_pns_20.p4.p4_value');
INSERT INTO cell VALUES('zodino_pns.zodino_pns_20.p4_min_value','zodino_pns.zodino_pns_20',NULL,'Насос 4. Значение минимального предела насоса');
INSERT INTO cell_argument VALUES('zodino_pns.zodino_pns_20.p4_min_value','zodino_pns.zodino_pns_20.p4.p4_min_value');
INSERT INTO cell VALUES('zodino_pns.zodino_pns_20.p4_max_value','zodino_pns.zodino_pns_20',NULL,'Насос 4. Значение максимального предела насоса');
INSERT INTO cell_argument VALUES('zodino_pns.zodino_pns_20.p4_max_value','zodino_pns.zodino_pns_20.p4.p4_max_value');
INSERT INTO cell VALUES('zodino_pns.zodino_pns_20.p4_min_use','zodino_pns.zodino_pns_20',NULL,'Насос 4. Использовать анализ минимального предела насоса');
INSERT INTO cell_argument VALUES('zodino_pns.zodino_pns_20.p4_min_use','zodino_pns.zodino_pns_20.p4.p4_min_use');
INSERT INTO cell VALUES('zodino_pns.zodino_pns_20.p4_max_use','zodino_pns.zodino_pns_20',NULL,'Насос 4. Использовать анализ максимального предела насоса');
INSERT INTO cell_argument VALUES('zodino_pns.zodino_pns_20.p4_max_use','zodino_pns.zodino_pns_20.p4.p4_max_use');
INSERT INTO cell VALUES('zodino_pns.zodino_pns_20.p4_min_alm','zodino_pns.zodino_pns_20',NULL,'Насос 4. Достигнут минимальный предел  насоса');
INSERT INTO cell_argument VALUES('zodino_pns.zodino_pns_20.p4_min_alm','zodino_pns.zodino_pns_20.p4.p4_min_alm');
INSERT INTO cell VALUES('zodino_pns.zodino_pns_20.p4_max_alm','zodino_pns.zodino_pns_20',NULL,'Насос 4. Достигнут максимальный предел  насоса');
INSERT INTO cell_argument VALUES('zodino_pns.zodino_pns_20.p4_max_alm','zodino_pns.zodino_pns_20.p4.p4_max_alm');
INSERT INTO cell VALUES('zodino_pns.zodino_pns_20.p4_use_auto_off_on_event','zodino_pns.zodino_pns_20',NULL,'Насос 4. Использовать автовыключение насоса по событию');
INSERT INTO cell_argument VALUES('zodino_pns.zodino_pns_20.p4_use_auto_off_on_event','zodino_pns.zodino_pns_20.p4.p4_use_auto_off_on_event');
INSERT INTO cell_argument VALUES('zodino_pns.zodino_pns_20.p4_use_auto_off_on_event','zodino_pns.zodino_pns_20.zodino_pns_20.p4_use_auto_off_on_event');
INSERT INTO cell VALUES('zodino_pns.zodino_pns_20.p4_on','zodino_pns.zodino_pns_20',NULL,'Насос 4. Насос включен');
INSERT INTO cell_argument VALUES('zodino_pns.zodino_pns_20.p4_on','zodino_pns.zodino_pns_20.p4.p4_on');
INSERT INTO cell_argument VALUES('zodino_pns.zodino_pns_20.p4_on','zodino_pns.zodino_pns_20.zodino_pns_20.p4_on');
INSERT INTO cell VALUES('zodino_pns.zodino_pns_20.p4_state_on','zodino_pns.zodino_pns_20',NULL,'Насос 4. Состояние включения насоса - включается');
INSERT INTO cell_argument VALUES('zodino_pns.zodino_pns_20.p4_state_on','zodino_pns.zodino_pns_20.p4.p4_state_on');
INSERT INTO cell_argument VALUES('zodino_pns.zodino_pns_20.p4_state_on','zodino_pns.zodino_pns_20.zodino_pns_20.p4_state_on');
INSERT INTO cell VALUES('zodino_pns.zodino_pns_20.p4_state_off','zodino_pns.zodino_pns_20',NULL,'Насос 4. Состояние выключения насоса - выключается');
INSERT INTO cell_argument VALUES('zodino_pns.zodino_pns_20.p4_state_off','zodino_pns.zodino_pns_20.p4.p4_state_off');
INSERT INTO cell_argument VALUES('zodino_pns.zodino_pns_20.p4_state_off','zodino_pns.zodino_pns_20.zodino_pns_20.p4_state_off');
INSERT INTO cell VALUES('zodino_pns.zodino_pns_20.p5_value','zodino_pns.zodino_pns_20',NULL,'Насос 5. Значение тока насоса');
INSERT INTO cell_argument VALUES('zodino_pns.zodino_pns_20.p5_value','zodino_pns.zodino_pns_20.p5.p5_value');
INSERT INTO cell VALUES('zodino_pns.zodino_pns_20.p5_min_value','zodino_pns.zodino_pns_20',NULL,'Насос 5. Значение минимального предела насоса');
INSERT INTO cell_argument VALUES('zodino_pns.zodino_pns_20.p5_min_value','zodino_pns.zodino_pns_20.p5.p5_min_value');
INSERT INTO cell VALUES('zodino_pns.zodino_pns_20.p5_max_value','zodino_pns.zodino_pns_20',NULL,'Насос 5. Значение максимального предела насоса');
INSERT INTO cell_argument VALUES('zodino_pns.zodino_pns_20.p5_max_value','zodino_pns.zodino_pns_20.p5.p5_max_value');
INSERT INTO cell VALUES('zodino_pns.zodino_pns_20.p5_min_use','zodino_pns.zodino_pns_20',NULL,'Насос 5. Использовать анализ минимального предела насоса');
INSERT INTO cell_argument VALUES('zodino_pns.zodino_pns_20.p5_min_use','zodino_pns.zodino_pns_20.p5.p5_min_use');
INSERT INTO cell VALUES('zodino_pns.zodino_pns_20.p5_max_use','zodino_pns.zodino_pns_20',NULL,'Насос 5. Использовать анализ максимального предела насоса');
INSERT INTO cell_argument VALUES('zodino_pns.zodino_pns_20.p5_max_use','zodino_pns.zodino_pns_20.p5.p5_max_use');
INSERT INTO cell VALUES('zodino_pns.zodino_pns_20.p5_min_alm','zodino_pns.zodino_pns_20',NULL,'Насос 5. Достигнут минимальный предел  насоса');
INSERT INTO cell_argument VALUES('zodino_pns.zodino_pns_20.p5_min_alm','zodino_pns.zodino_pns_20.p5.p5_min_alm');
INSERT INTO cell VALUES('zodino_pns.zodino_pns_20.p5_max_alm','zodino_pns.zodino_pns_20',NULL,'Насос 5. Достигнут максимальный предел  насоса');
INSERT INTO cell_argument VALUES('zodino_pns.zodino_pns_20.p5_max_alm','zodino_pns.zodino_pns_20.p5.p5_max_alm');
INSERT INTO cell VALUES('zodino_pns.zodino_pns_20.p5_use_auto_off_on_event','zodino_pns.zodino_pns_20',NULL,'Насос 5. Использовать автовыключение насоса по событию');
INSERT INTO cell_argument VALUES('zodino_pns.zodino_pns_20.p5_use_auto_off_on_event','zodino_pns.zodino_pns_20.p5.p5_use_auto_off_on_event');
INSERT INTO cell_argument VALUES('zodino_pns.zodino_pns_20.p5_use_auto_off_on_event','zodino_pns.zodino_pns_20.zodino_pns_20.p5_use_auto_off_on_event');
INSERT INTO cell VALUES('zodino_pns.zodino_pns_20.p5_on','zodino_pns.zodino_pns_20',NULL,'Насос 5. Насос включен');
INSERT INTO cell_argument VALUES('zodino_pns.zodino_pns_20.p5_on','zodino_pns.zodino_pns_20.p5.p5_on');
INSERT INTO cell_argument VALUES('zodino_pns.zodino_pns_20.p5_on','zodino_pns.zodino_pns_20.zodino_pns_20.p5_on');
INSERT INTO cell VALUES('zodino_pns.zodino_pns_20.p5_state_on','zodino_pns.zodino_pns_20',NULL,'Насос 5. Состояние включения насоса - включается');
INSERT INTO cell_argument VALUES('zodino_pns.zodino_pns_20.p5_state_on','zodino_pns.zodino_pns_20.p5.p5_state_on');
INSERT INTO cell_argument VALUES('zodino_pns.zodino_pns_20.p5_state_on','zodino_pns.zodino_pns_20.zodino_pns_20.p5_state_on');
INSERT INTO cell VALUES('zodino_pns.zodino_pns_20.p5_state_off','zodino_pns.zodino_pns_20',NULL,'Насос 5. Состояние выключения насоса - выключается');
INSERT INTO cell_argument VALUES('zodino_pns.zodino_pns_20.p5_state_off','zodino_pns.zodino_pns_20.p5.p5_state_off');
INSERT INTO cell_argument VALUES('zodino_pns.zodino_pns_20.p5_state_off','zodino_pns.zodino_pns_20.zodino_pns_20.p5_state_off');
INSERT INTO cell VALUES('zodino_pns.zodino_pns_20.fc_current_task','zodino_pns.zodino_pns_20','zodino_pns.zodino_pns_20.fc','Текущее задание');
INSERT INTO cell_argument VALUES('zodino_pns.zodino_pns_20.fc_current_task','zodino_pns.zodino_pns_20.fc.fc_current_task');
INSERT INTO cell_argument VALUES('zodino_pns.zodino_pns_20.fc_current_task','zodino_pns.zodino_pns_20.zodino_pns_20.fc_current_task');
INSERT INTO cell VALUES('zodino_pns.zodino_pns_20.fc_work_mode','zodino_pns.zodino_pns_20',NULL,'Режим работы');
INSERT INTO cell_argument VALUES('zodino_pns.zodino_pns_20.fc_work_mode','zodino_pns.zodino_pns_20.fc.fc_work_mode');
INSERT INTO cell_argument VALUES('zodino_pns.zodino_pns_20.fc_work_mode','zodino_pns.zodino_pns_20.zodino_pns_20.fc_work_mode');
INSERT INTO cell VALUES('zodino_pns.zodino_pns_20.fc_day_num','zodino_pns.zodino_pns_20',NULL,'Номер дня (0-7, 0 – суточный график)');
INSERT INTO cell_argument VALUES('zodino_pns.zodino_pns_20.fc_day_num','zodino_pns.zodino_pns_20.fc.fc_day_num');
INSERT INTO cell VALUES('zodino_pns.zodino_pns_20.fc_halfhour_task','zodino_pns.zodino_pns_20',NULL,'Задание на получас');
INSERT INTO cell_argument VALUES('zodino_pns.zodino_pns_20.fc_halfhour_task','zodino_pns.zodino_pns_20.fc.fc_halfhour_task');
INSERT INTO cell VALUES('zodino_pns.zodino_pns_20.fc_task','zodino_pns.zodino_pns_20','zodino_pns.zodino_pns_20.fc','Задание');
INSERT INTO cell_argument VALUES('zodino_pns.zodino_pns_20.fc_task','zodino_pns.zodino_pns_20.fc.fc_task');
INSERT INTO cell VALUES('zodino_pns.zodino_pns_20.fc_week_graph','zodino_pns.zodino_pns_20',NULL,'Недельный график');
INSERT INTO cell_argument VALUES('zodino_pns.zodino_pns_20.fc_week_graph','zodino_pns.zodino_pns_20.fc.fc_week_graph');
INSERT INTO cell VALUES('zodino_pns.zodino_pns_20.abb_acs580_1_set_freq','zodino_pns.zodino_pns_20','zodino_pns.zodino_pns_20.one_percent','abb_acs580 №1. Задание частоты, Гц');
INSERT INTO cell_argument VALUES('zodino_pns.zodino_pns_20.abb_acs580_1_set_freq','zodino_pns.zodino_pns_20.zodino_pns_20.abb_acs580_1_set_freq');
INSERT INTO cell_argument VALUES('zodino_pns.zodino_pns_20.abb_acs580_1_set_freq','zodino_pns.zodino_pns_20.abb_acs580_1.abb_acs580_1_set_freq');
INSERT INTO cell VALUES('zodino_pns.zodino_pns_20.abb_acs580_1_set_pid','zodino_pns.zodino_pns_20','zodino_pns.zodino_pns_20.one_percent','abb_acs580 №1. Задание ПИД');
INSERT INTO cell_argument VALUES('zodino_pns.zodino_pns_20.abb_acs580_1_set_pid','zodino_pns.zodino_pns_20.zodino_pns_20.abb_acs580_1_set_pid');
INSERT INTO cell_argument VALUES('zodino_pns.zodino_pns_20.abb_acs580_1_set_pid','zodino_pns.zodino_pns_20.abb_acs580_1.abb_acs580_1_set_pid');
INSERT INTO cell VALUES('zodino_pns.zodino_pns_20.abb_acs580_1_address','zodino_pns.zodino_pns_20',NULL,'abb_acs580 №1. Адрес устройства');
INSERT INTO cell_argument VALUES('zodino_pns.zodino_pns_20.abb_acs580_1_address','zodino_pns.zodino_pns_20.zodino_pns_20.abb_acs580_1_address');
INSERT INTO cell_argument VALUES('zodino_pns.zodino_pns_20.abb_acs580_1_address','zodino_pns.zodino_pns_20.abb_acs580_1.abb_acs580_1_address');
INSERT INTO cell VALUES('zodino_pns.zodino_pns_20.abb_acs580_1_use_answer','zodino_pns.zodino_pns_20',NULL,'abb_acs580 №1. Использовать анализ ответа устройства');
INSERT INTO cell_argument VALUES('zodino_pns.zodino_pns_20.abb_acs580_1_use_answer','zodino_pns.zodino_pns_20.zodino_pns_20.abb_acs580_1_use_answer');
INSERT INTO cell_argument VALUES('zodino_pns.zodino_pns_20.abb_acs580_1_use_answer','zodino_pns.zodino_pns_20.abb_acs580_1.abb_acs580_1_use_answer');
INSERT INTO cell VALUES('zodino_pns.zodino_pns_20.abb_acs580_1_use','zodino_pns.zodino_pns_20',NULL,'abb_acs580 №1. Использовать устройство');
INSERT INTO cell_argument VALUES('zodino_pns.zodino_pns_20.abb_acs580_1_use','zodino_pns.zodino_pns_20.zodino_pns_20.abb_acs580_1_use');
INSERT INTO cell_argument VALUES('zodino_pns.zodino_pns_20.abb_acs580_1_use','zodino_pns.zodino_pns_20.abb_acs580_1.abb_acs580_1_use');
INSERT INTO cell VALUES('zodino_pns.zodino_pns_20.abb_acs580_2_set_freq','zodino_pns.zodino_pns_20','zodino_pns.zodino_pns_20.one_percent','abb_acs580 №2. Задание частоты, Гц');
INSERT INTO cell_argument VALUES('zodino_pns.zodino_pns_20.abb_acs580_2_set_freq','zodino_pns.zodino_pns_20.zodino_pns_20.abb_acs580_2_set_freq');
INSERT INTO cell_argument VALUES('zodino_pns.zodino_pns_20.abb_acs580_2_set_freq','zodino_pns.zodino_pns_20.abb_acs580_2.abb_acs580_2_set_freq');
INSERT INTO cell VALUES('zodino_pns.zodino_pns_20.abb_acs580_2_set_pid','zodino_pns.zodino_pns_20','zodino_pns.zodino_pns_20.one_percent','abb_acs580 №2. Задание ПИД');
INSERT INTO cell_argument VALUES('zodino_pns.zodino_pns_20.abb_acs580_2_set_pid','zodino_pns.zodino_pns_20.zodino_pns_20.abb_acs580_2_set_pid');
INSERT INTO cell_argument VALUES('zodino_pns.zodino_pns_20.abb_acs580_2_set_pid','zodino_pns.zodino_pns_20.abb_acs580_2.abb_acs580_2_set_pid');
INSERT INTO cell VALUES('zodino_pns.zodino_pns_20.abb_acs580_2_address','zodino_pns.zodino_pns_20',NULL,'abb_acs580 №2. Адрес устройства');
INSERT INTO cell_argument VALUES('zodino_pns.zodino_pns_20.abb_acs580_2_address','zodino_pns.zodino_pns_20.zodino_pns_20.abb_acs580_2_address');
INSERT INTO cell_argument VALUES('zodino_pns.zodino_pns_20.abb_acs580_2_address','zodino_pns.zodino_pns_20.abb_acs580_2.abb_acs580_2_address');
INSERT INTO cell VALUES('zodino_pns.zodino_pns_20.abb_acs580_2_use_answer','zodino_pns.zodino_pns_20',NULL,'abb_acs580 №2. Использовать анализ ответа устройства');
INSERT INTO cell_argument VALUES('zodino_pns.zodino_pns_20.abb_acs580_2_use_answer','zodino_pns.zodino_pns_20.zodino_pns_20.abb_acs580_2_use_answer');
INSERT INTO cell_argument VALUES('zodino_pns.zodino_pns_20.abb_acs580_2_use_answer','zodino_pns.zodino_pns_20.abb_acs580_2.abb_acs580_2_use_answer');
INSERT INTO cell VALUES('zodino_pns.zodino_pns_20.abb_acs580_2_use','zodino_pns.zodino_pns_20',NULL,'abb_acs580 №2. Использовать устройство');
INSERT INTO cell_argument VALUES('zodino_pns.zodino_pns_20.abb_acs580_2_use','zodino_pns.zodino_pns_20.zodino_pns_20.abb_acs580_2_use');
INSERT INTO cell_argument VALUES('zodino_pns.zodino_pns_20.abb_acs580_2_use','zodino_pns.zodino_pns_20.abb_acs580_2.abb_acs580_2_use');
INSERT INTO cell VALUES('zodino_pns.zodino_pns_20.abb_acs580_3_set_freq','zodino_pns.zodino_pns_20','zodino_pns.zodino_pns_20.one_percent','abb_acs580 №3. Задание частоты, Гц');
INSERT INTO cell_argument VALUES('zodino_pns.zodino_pns_20.abb_acs580_3_set_freq','zodino_pns.zodino_pns_20.zodino_pns_20.abb_acs580_3_set_freq');
INSERT INTO cell_argument VALUES('zodino_pns.zodino_pns_20.abb_acs580_3_set_freq','zodino_pns.zodino_pns_20.abb_acs580_3.abb_acs580_3_set_freq');
INSERT INTO cell VALUES('zodino_pns.zodino_pns_20.abb_acs580_3_set_pid','zodino_pns.zodino_pns_20','zodino_pns.zodino_pns_20.one_percent','abb_acs580 №3. Задание ПИД');
INSERT INTO cell_argument VALUES('zodino_pns.zodino_pns_20.abb_acs580_3_set_pid','zodino_pns.zodino_pns_20.zodino_pns_20.abb_acs580_3_set_pid');
INSERT INTO cell_argument VALUES('zodino_pns.zodino_pns_20.abb_acs580_3_set_pid','zodino_pns.zodino_pns_20.abb_acs580_3.abb_acs580_3_set_pid');
INSERT INTO cell VALUES('zodino_pns.zodino_pns_20.abb_acs580_3_address','zodino_pns.zodino_pns_20',NULL,'abb_acs580 №3. Адрес устройства');
INSERT INTO cell_argument VALUES('zodino_pns.zodino_pns_20.abb_acs580_3_address','zodino_pns.zodino_pns_20.zodino_pns_20.abb_acs580_3_address');
INSERT INTO cell_argument VALUES('zodino_pns.zodino_pns_20.abb_acs580_3_address','zodino_pns.zodino_pns_20.abb_acs580_3.abb_acs580_3_address');
INSERT INTO cell VALUES('zodino_pns.zodino_pns_20.abb_acs580_3_use_answer','zodino_pns.zodino_pns_20',NULL,'abb_acs580 №3. Использовать анализ ответа устройства');
INSERT INTO cell_argument VALUES('zodino_pns.zodino_pns_20.abb_acs580_3_use_answer','zodino_pns.zodino_pns_20.zodino_pns_20.abb_acs580_3_use_answer');
INSERT INTO cell_argument VALUES('zodino_pns.zodino_pns_20.abb_acs580_3_use_answer','zodino_pns.zodino_pns_20.abb_acs580_3.abb_acs580_3_use_answer');
INSERT INTO cell VALUES('zodino_pns.zodino_pns_20.abb_acs580_3_use','zodino_pns.zodino_pns_20',NULL,'abb_acs580 №3. Использовать устройство');
INSERT INTO cell_argument VALUES('zodino_pns.zodino_pns_20.abb_acs580_3_use','zodino_pns.zodino_pns_20.zodino_pns_20.abb_acs580_3_use');
INSERT INTO cell_argument VALUES('zodino_pns.zodino_pns_20.abb_acs580_3_use','zodino_pns.zodino_pns_20.abb_acs580_3.abb_acs580_3_use');
INSERT INTO cell VALUES('zodino_pns.zodino_pns_20.abb_acs580_4_set_freq','zodino_pns.zodino_pns_20','zodino_pns.zodino_pns_20.one_percent','abb_acs580 №4. Задание частоты, Гц');
INSERT INTO cell_argument VALUES('zodino_pns.zodino_pns_20.abb_acs580_4_set_freq','zodino_pns.zodino_pns_20.zodino_pns_20.abb_acs580_4_set_freq');
INSERT INTO cell_argument VALUES('zodino_pns.zodino_pns_20.abb_acs580_4_set_freq','zodino_pns.zodino_pns_20.abb_acs580_4.abb_acs580_4_set_freq');
INSERT INTO cell VALUES('zodino_pns.zodino_pns_20.abb_acs580_4_set_pid','zodino_pns.zodino_pns_20','zodino_pns.zodino_pns_20.one_percent','abb_acs580 №4. Задание ПИД');
INSERT INTO cell_argument VALUES('zodino_pns.zodino_pns_20.abb_acs580_4_set_pid','zodino_pns.zodino_pns_20.zodino_pns_20.abb_acs580_4_set_pid');
INSERT INTO cell_argument VALUES('zodino_pns.zodino_pns_20.abb_acs580_4_set_pid','zodino_pns.zodino_pns_20.abb_acs580_4.abb_acs580_4_set_pid');
INSERT INTO cell VALUES('zodino_pns.zodino_pns_20.abb_acs580_4_address','zodino_pns.zodino_pns_20',NULL,'abb_acs580 №4. Адрес устройства');
INSERT INTO cell_argument VALUES('zodino_pns.zodino_pns_20.abb_acs580_4_address','zodino_pns.zodino_pns_20.zodino_pns_20.abb_acs580_4_address');
INSERT INTO cell_argument VALUES('zodino_pns.zodino_pns_20.abb_acs580_4_address','zodino_pns.zodino_pns_20.abb_acs580_4.abb_acs580_4_address');
INSERT INTO cell VALUES('zodino_pns.zodino_pns_20.abb_acs580_4_use_answer','zodino_pns.zodino_pns_20',NULL,'abb_acs580 №4. Использовать анализ ответа устройства');
INSERT INTO cell_argument VALUES('zodino_pns.zodino_pns_20.abb_acs580_4_use_answer','zodino_pns.zodino_pns_20.zodino_pns_20.abb_acs580_4_use_answer');
INSERT INTO cell_argument VALUES('zodino_pns.zodino_pns_20.abb_acs580_4_use_answer','zodino_pns.zodino_pns_20.abb_acs580_4.abb_acs580_4_use_answer');
INSERT INTO cell VALUES('zodino_pns.zodino_pns_20.abb_acs580_4_use','zodino_pns.zodino_pns_20',NULL,'abb_acs580 №4. Использовать устройство');
INSERT INTO cell_argument VALUES('zodino_pns.zodino_pns_20.abb_acs580_4_use','zodino_pns.zodino_pns_20.zodino_pns_20.abb_acs580_4_use');
INSERT INTO cell_argument VALUES('zodino_pns.zodino_pns_20.abb_acs580_4_use','zodino_pns.zodino_pns_20.abb_acs580_4.abb_acs580_4_use');
INSERT INTO cell VALUES('zodino_pns.zodino_pns_20.abb_acs580_5_set_freq','zodino_pns.zodino_pns_20','zodino_pns.zodino_pns_20.one_percent','abb_acs580 №5. Задание частоты, Гц');
INSERT INTO cell_argument VALUES('zodino_pns.zodino_pns_20.abb_acs580_5_set_freq','zodino_pns.zodino_pns_20.zodino_pns_20.abb_acs580_5_set_freq');
INSERT INTO cell_argument VALUES('zodino_pns.zodino_pns_20.abb_acs580_5_set_freq','zodino_pns.zodino_pns_20.abb_acs580_5.abb_acs580_5_set_freq');
INSERT INTO cell VALUES('zodino_pns.zodino_pns_20.abb_acs580_5_set_pid','zodino_pns.zodino_pns_20','zodino_pns.zodino_pns_20.one_percent','abb_acs580 №5. Задание ПИД');
INSERT INTO cell_argument VALUES('zodino_pns.zodino_pns_20.abb_acs580_5_set_pid','zodino_pns.zodino_pns_20.zodino_pns_20.abb_acs580_5_set_pid');
INSERT INTO cell_argument VALUES('zodino_pns.zodino_pns_20.abb_acs580_5_set_pid','zodino_pns.zodino_pns_20.abb_acs580_5.abb_acs580_5_set_pid');
INSERT INTO cell VALUES('zodino_pns.zodino_pns_20.abb_acs580_5_address','zodino_pns.zodino_pns_20',NULL,'abb_acs580 №5. Адрес устройства');
INSERT INTO cell_argument VALUES('zodino_pns.zodino_pns_20.abb_acs580_5_address','zodino_pns.zodino_pns_20.zodino_pns_20.abb_acs580_5_address');
INSERT INTO cell_argument VALUES('zodino_pns.zodino_pns_20.abb_acs580_5_address','zodino_pns.zodino_pns_20.abb_acs580_5.abb_acs580_5_address');
INSERT INTO cell VALUES('zodino_pns.zodino_pns_20.abb_acs580_5_use_answer','zodino_pns.zodino_pns_20',NULL,'abb_acs580 №5. Использовать анализ ответа устройства');
INSERT INTO cell_argument VALUES('zodino_pns.zodino_pns_20.abb_acs580_5_use_answer','zodino_pns.zodino_pns_20.zodino_pns_20.abb_acs580_5_use_answer');
INSERT INTO cell_argument VALUES('zodino_pns.zodino_pns_20.abb_acs580_5_use_answer','zodino_pns.zodino_pns_20.abb_acs580_5.abb_acs580_5_use_answer');
INSERT INTO cell VALUES('zodino_pns.zodino_pns_20.abb_acs580_5_use','zodino_pns.zodino_pns_20',NULL,'abb_acs580 №5. Использовать устройство');
INSERT INTO cell_argument VALUES('zodino_pns.zodino_pns_20.abb_acs580_5_use','zodino_pns.zodino_pns_20.zodino_pns_20.abb_acs580_5_use');
INSERT INTO cell_argument VALUES('zodino_pns.zodino_pns_20.abb_acs580_5_use','zodino_pns.zodino_pns_20.abb_acs580_5.abb_acs580_5_use');
INSERT INTO cell VALUES('zodino_pns.zodino_pns_20.rsm0503_cs_value','zodino_pns.zodino_pns_20',NULL,'РСМ0503. Значение текущего расхода');
INSERT INTO cell_argument VALUES('zodino_pns.zodino_pns_20.rsm0503_cs_value','zodino_pns.zodino_pns_20.cs_rsm0503.rsm0503_cs_value');
INSERT INTO cell_argument VALUES('zodino_pns.zodino_pns_20.rsm0503_cs_value','zodino_pns.zodino_pns_20.zodino_pns_20.rsm0503_cs_value');
INSERT INTO cell VALUES('zodino_pns.zodino_pns_20.rsm0503_cs_acc_value','zodino_pns.zodino_pns_20',NULL,'РСМ0503. Значение накопленного расхода');
INSERT INTO cell_argument VALUES('zodino_pns.zodino_pns_20.rsm0503_cs_acc_value','zodino_pns.zodino_pns_20.cs_rsm0503.rsm0503_cs_acc_value');
INSERT INTO cell_argument VALUES('zodino_pns.zodino_pns_20.rsm0503_cs_acc_value','zodino_pns.zodino_pns_20.zodino_pns_20.rsm0503_cs_acc_value');
INSERT INTO cell VALUES('zodino_pns.zodino_pns_20.rsm0503_cs_address','zodino_pns.zodino_pns_20',NULL,'РСМ0503. Адрес датчика');
INSERT INTO cell_argument VALUES('zodino_pns.zodino_pns_20.rsm0503_cs_address','zodino_pns.zodino_pns_20.cs_rsm0503.rsm0503_cs_address');
INSERT INTO cell_argument VALUES('zodino_pns.zodino_pns_20.rsm0503_cs_address','zodino_pns.zodino_pns_20.zodino_pns_20.rsm0503_cs_address');
INSERT INTO cell VALUES('zodino_pns.zodino_pns_20.rsm0503_cs_common_alm','zodino_pns.zodino_pns_20',NULL,'РСМ0503. Ошибка устройства ');
INSERT INTO cell_argument VALUES('zodino_pns.zodino_pns_20.rsm0503_cs_common_alm','zodino_pns.zodino_pns_20.cs_rsm0503.rsm0503_cs_common_alm');
INSERT INTO cell_argument VALUES('zodino_pns.zodino_pns_20.rsm0503_cs_common_alm','zodino_pns.zodino_pns_20.zodino_pns_20.rsm0503_cs_common_alm');
INSERT INTO cell VALUES('zodino_pns.zodino_pns_20.rsm0503_cs_not_answer','zodino_pns.zodino_pns_20',NULL,'РСМ0503. Датчик не отвечает');
INSERT INTO cell_argument VALUES('zodino_pns.zodino_pns_20.rsm0503_cs_not_answer','zodino_pns.zodino_pns_20.cs_rsm0503.rsm0503_cs_not_answer');
INSERT INTO cell_argument VALUES('zodino_pns.zodino_pns_20.rsm0503_cs_not_answer','zodino_pns.zodino_pns_20.zodino_pns_20.rsm0503_cs_not_answer');
INSERT INTO cell VALUES('zodino_pns.zodino_pns_20.rsm0503_cs_use','zodino_pns.zodino_pns_20',NULL,'РСМ0503. Использовать датчик');
INSERT INTO cell_argument VALUES('zodino_pns.zodino_pns_20.rsm0503_cs_use','zodino_pns.zodino_pns_20.cs_rsm0503.rsm0503_cs_use');
INSERT INTO cell_argument VALUES('zodino_pns.zodino_pns_20.rsm0503_cs_use','zodino_pns.zodino_pns_20.zodino_pns_20.rsm0503_cs_use');
INSERT INTO cell VALUES('zodino_pns.zodino_pns_20.version','zodino_pns.zodino_pns_20',NULL,'Версия');
INSERT INTO cell_argument VALUES('zodino_pns.zodino_pns_20.version','zodino_pns.zodino_pns_20.zodino_pns_20.version');
INSERT INTO cell VALUES('zodino_pns.zodino_pns_20.count_reset_controller','zodino_pns.zodino_pns_20',NULL,'Количество сбросов контроллера');
INSERT INTO cell_argument VALUES('zodino_pns.zodino_pns_20.count_reset_controller','zodino_pns.zodino_pns_20.zodino_pns_20.count_reset_controller');
INSERT INTO cell VALUES('zodino_pns.zodino_pns_20.reset_por','zodino_pns.zodino_pns_20',NULL,'Сброс POR');
INSERT INTO cell_argument VALUES('zodino_pns.zodino_pns_20.reset_por','zodino_pns.zodino_pns_20.zodino_pns_20.reset_por');
INSERT INTO cell VALUES('zodino_pns.zodino_pns_20.reset_bor','zodino_pns.zodino_pns_20',NULL,'Сброс BOR');
INSERT INTO cell_argument VALUES('zodino_pns.zodino_pns_20.reset_bor','zodino_pns.zodino_pns_20.zodino_pns_20.reset_bor');
INSERT INTO cell VALUES('zodino_pns.zodino_pns_20.reset_wdtr','zodino_pns.zodino_pns_20',NULL,'Сброс WDTR');
INSERT INTO cell_argument VALUES('zodino_pns.zodino_pns_20.reset_wdtr','zodino_pns.zodino_pns_20.zodino_pns_20.reset_wdtr');
INSERT INTO cell VALUES('zodino_pns.zodino_pns_20.reset_swr','zodino_pns.zodino_pns_20',NULL,'Сброс SWR');
INSERT INTO cell_argument VALUES('zodino_pns.zodino_pns_20.reset_swr','zodino_pns.zodino_pns_20.zodino_pns_20.reset_swr');
INSERT INTO cell VALUES('zodino_pns.zodino_pns_20.reset_extr','zodino_pns.zodino_pns_20',NULL,'Сброс EXTR');
INSERT INTO cell_argument VALUES('zodino_pns.zodino_pns_20.reset_extr','zodino_pns.zodino_pns_20.zodino_pns_20.reset_extr');
INSERT INTO cell VALUES('zodino_pns.zodino_pns_20.reset_iopr_or_uwr','zodino_pns.zodino_pns_20',NULL,'Сброс IOPR или UWR');
INSERT INTO cell_argument VALUES('zodino_pns.zodino_pns_20.reset_iopr_or_uwr','zodino_pns.zodino_pns_20.zodino_pns_20.reset_iopr_or_uwr');
INSERT INTO cell VALUES('zodino_pns.zodino_pns_20.reset_trapr','zodino_pns.zodino_pns_20',NULL,'Сброс TRAPR');
INSERT INTO cell_argument VALUES('zodino_pns.zodino_pns_20.reset_trapr','zodino_pns.zodino_pns_20.zodino_pns_20.reset_trapr');
INSERT INTO cell VALUES('zodino_pns.zodino_pns_20.date_time','zodino_pns.zodino_pns_20',NULL,'Дата/время');
INSERT INTO cell_argument VALUES('zodino_pns.zodino_pns_20.date_time','zodino_pns.zodino_pns_20.zodino_pns_20.date_time');
INSERT INTO cell VALUES('zodino_pns.zodino_pns_20.step_stat','zodino_pns.zodino_pns_20',NULL,'Шаг статистики');
INSERT INTO cell_argument VALUES('zodino_pns.zodino_pns_20.step_stat','zodino_pns.zodino_pns_20.zodino_pns_20.step_stat');
INSERT INTO cell VALUES('zodino_pns.zodino_pns_20.count_block_stat','zodino_pns.zodino_pns_20',NULL,'Количество блоков статистики');
INSERT INTO cell_argument VALUES('zodino_pns.zodino_pns_20.count_block_stat','zodino_pns.zodino_pns_20.zodino_pns_20.count_block_stat');
INSERT INTO cell VALUES('zodino_pns.zodino_pns_20.count_part_of_block_stat','zodino_pns.zodino_pns_20',NULL,'Количество блоков для частичного получения статистики');
INSERT INTO cell_argument VALUES('zodino_pns.zodino_pns_20.count_part_of_block_stat','zodino_pns.zodino_pns_20.zodino_pns_20.count_part_of_block_stat');
INSERT INTO cell VALUES('zodino_pns.zodino_pns_20.save_alm_stat','zodino_pns.zodino_pns_20',NULL,'Сохранение аварийной статистики');
INSERT INTO cell_argument VALUES('zodino_pns.zodino_pns_20.save_alm_stat','zodino_pns.zodino_pns_20.zodino_pns_20.save_alm_stat');
INSERT INTO cell VALUES('zodino_pns.zodino_pns_20.save_stat_send_sms','zodino_pns.zodino_pns_20',NULL,'Сохранение статистики по отправке SMS');
INSERT INTO cell_argument VALUES('zodino_pns.zodino_pns_20.save_stat_send_sms','zodino_pns.zodino_pns_20.zodino_pns_20.save_stat_send_sms');
INSERT INTO cell VALUES('zodino_pns.zodino_pns_20.save_stat_event','zodino_pns.zodino_pns_20',NULL,'Сохранение статистики по событию');
INSERT INTO cell_argument VALUES('zodino_pns.zodino_pns_20.save_stat_event','zodino_pns.zodino_pns_20.zodino_pns_20.save_stat_event');
INSERT INTO cell VALUES('zodino_pns.zodino_pns_20.alm_memory','zodino_pns.zodino_pns_20',NULL,'Авария заполненности памяти для статистики');
INSERT INTO cell_argument VALUES('zodino_pns.zodino_pns_20.alm_memory','zodino_pns.zodino_pns_20.zodino_pns_20.alm_memory');
INSERT INTO cell VALUES('zodino_pns.zodino_pns_20.rsm0503_use_responce_analysis','zodino_pns.zodino_pns_20',NULL,'РСМ0503. Использовать анализ ответа датчика ');
INSERT INTO cell_argument VALUES('zodino_pns.zodino_pns_20.rsm0503_use_responce_analysis','zodino_pns.zodino_pns_20.zodino_pns_20.rsm0503_use_responce_analysis');
INSERT INTO cell VALUES('zodino_pns.zodino_pns_20.abb_acs580_1_output_freq','zodino_pns.zodino_pns_20','zodino_pns.zodino_pns_20.one_percent','abb_acs580 №1. Выходная частота, Гц');
INSERT INTO cell_argument VALUES('zodino_pns.zodino_pns_20.abb_acs580_1_output_freq','zodino_pns.zodino_pns_20.zodino_pns_20.abb_acs580_1_output_freq');
INSERT INTO cell_argument VALUES('zodino_pns.zodino_pns_20.abb_acs580_1_output_freq','zodino_pns.zodino_pns_20.abb_acs580_1.abb_acs580_1_output_freq');
INSERT INTO cell VALUES('zodino_pns.zodino_pns_20.abb_acs580_1_speed_engine','zodino_pns.zodino_pns_20','zodino_pns.zodino_pns_20.one_percent','abb_acs580 №1. Скорость двигателя, об/мин');
INSERT INTO cell_argument VALUES('zodino_pns.zodino_pns_20.abb_acs580_1_speed_engine','zodino_pns.zodino_pns_20.zodino_pns_20.abb_acs580_1_speed_engine');
INSERT INTO cell_argument VALUES('zodino_pns.zodino_pns_20.abb_acs580_1_speed_engine','zodino_pns.zodino_pns_20.abb_acs580_1.abb_acs580_1_speed_engine');
INSERT INTO cell VALUES('zodino_pns.zodino_pns_20.abb_acs580_1_amperage_engine','zodino_pns.zodino_pns_20','zodino_pns.zodino_pns_20.one_percent','abb_acs580 №1. Ток двигателя, А');
INSERT INTO cell_argument VALUES('zodino_pns.zodino_pns_20.abb_acs580_1_amperage_engine','zodino_pns.zodino_pns_20.zodino_pns_20.abb_acs580_1_amperage_engine');
INSERT INTO cell_argument VALUES('zodino_pns.zodino_pns_20.abb_acs580_1_amperage_engine','zodino_pns.zodino_pns_20.abb_acs580_1.abb_acs580_1_amperage_engine');
INSERT INTO cell VALUES('zodino_pns.zodino_pns_20.abb_acs580_1_voltage_engine','zodino_pns.zodino_pns_20',NULL,'abb_acs580 №1. Выходное напряжение, В');
INSERT INTO cell_argument VALUES('zodino_pns.zodino_pns_20.abb_acs580_1_voltage_engine','zodino_pns.zodino_pns_20.zodino_pns_20.abb_acs580_1_voltage_engine');
INSERT INTO cell_argument VALUES('zodino_pns.zodino_pns_20.abb_acs580_1_voltage_engine','zodino_pns.zodino_pns_20.abb_acs580_1.abb_acs580_1_voltage_engine');
INSERT INTO cell VALUES('zodino_pns.zodino_pns_20.abb_acs580_1_power_engine','zodino_pns.zodino_pns_20','zodino_pns.zodino_pns_20.one_percent','abb_acs580 №1. Мощность двигателя, %');
INSERT INTO cell_argument VALUES('zodino_pns.zodino_pns_20.abb_acs580_1_power_engine','zodino_pns.zodino_pns_20.zodino_pns_20.abb_acs580_1_power_engine');
INSERT INTO cell_argument VALUES('zodino_pns.zodino_pns_20.abb_acs580_1_power_engine','zodino_pns.zodino_pns_20.abb_acs580_1.abb_acs580_1_power_engine');
INSERT INTO cell VALUES('zodino_pns.zodino_pns_20.abb_acs580_1_invertor_power_gigawatt','zodino_pns.zodino_pns_20',NULL,'abb_acs580 №1. Счетчик ГВт*ч инвертера, ГВт*ч');
INSERT INTO cell_argument VALUES('zodino_pns.zodino_pns_20.abb_acs580_1_invertor_power_gigawatt','zodino_pns.zodino_pns_20.zodino_pns_20.abb_acs580_1_invertor_power_gigawatt');
INSERT INTO cell_argument VALUES('zodino_pns.zodino_pns_20.abb_acs580_1_invertor_power_gigawatt','zodino_pns.zodino_pns_20.abb_acs580_1.abb_acs580_1_invertor_power_gigawatt');
INSERT INTO cell VALUES('zodino_pns.zodino_pns_20.abb_acs580_1_invertor_power_megawatt','zodino_pns.zodino_pns_20',NULL,'abb_acs580 №1. Счетчик МВт*ч инвертера, MВт*ч');
INSERT INTO cell_argument VALUES('zodino_pns.zodino_pns_20.abb_acs580_1_invertor_power_megawatt','zodino_pns.zodino_pns_20.zodino_pns_20.abb_acs580_1_invertor_power_megawatt');
INSERT INTO cell_argument VALUES('zodino_pns.zodino_pns_20.abb_acs580_1_invertor_power_megawatt','zodino_pns.zodino_pns_20.abb_acs580_1.abb_acs580_1_invertor_power_megawatt');
INSERT INTO cell VALUES('zodino_pns.zodino_pns_20.abb_acs580_1_invertor_power_kilowatt','zodino_pns.zodino_pns_20',NULL,'abb_acs580 №1. Счетчик кВт*ч инвертера, кВт*ч');
INSERT INTO cell_argument VALUES('zodino_pns.zodino_pns_20.abb_acs580_1_invertor_power_kilowatt','zodino_pns.zodino_pns_20.zodino_pns_20.abb_acs580_1_invertor_power_kilowatt');
INSERT INTO cell_argument VALUES('zodino_pns.zodino_pns_20.abb_acs580_1_invertor_power_kilowatt','zodino_pns.zodino_pns_20.abb_acs580_1.abb_acs580_1_invertor_power_kilowatt');
INSERT INTO cell VALUES('zodino_pns.zodino_pns_20.abb_acs580_1_disconnecion_reason','zodino_pns.zodino_pns_20',NULL,'abb_acs580 №1. Отказ, вызвавший отключения');
INSERT INTO cell_argument VALUES('zodino_pns.zodino_pns_20.abb_acs580_1_disconnecion_reason','zodino_pns.zodino_pns_20.zodino_pns_20.abb_acs580_1_disconnecion_reason');
INSERT INTO cell_argument VALUES('zodino_pns.zodino_pns_20.abb_acs580_1_disconnecion_reason','zodino_pns.zodino_pns_20.abb_acs580_1.abb_acs580_1_disconnecion_reason');
INSERT INTO cell VALUES('zodino_pns.zodino_pns_20.abb_acs580_1_fact_value','zodino_pns.zodino_pns_20','zodino_pns.zodino_pns_20.one_percent','abb_acs580 №1. Фактическое значение регулируемой величины');
INSERT INTO cell_argument VALUES('zodino_pns.zodino_pns_20.abb_acs580_1_fact_value','zodino_pns.zodino_pns_20.zodino_pns_20.abb_acs580_1_fact_value');
INSERT INTO cell_argument VALUES('zodino_pns.zodino_pns_20.abb_acs580_1_fact_value','zodino_pns.zodino_pns_20.abb_acs580_1.abb_acs580_1_fact_value');
INSERT INTO cell VALUES('zodino_pns.zodino_pns_20.abb_acs580_1_ready','zodino_pns.zodino_pns_20',NULL,'abb_acs580 №1. Готов к включению');
INSERT INTO cell_argument VALUES('zodino_pns.zodino_pns_20.abb_acs580_1_ready','zodino_pns.zodino_pns_20.zodino_pns_20.abb_acs580_1_ready');
INSERT INTO cell_argument VALUES('zodino_pns.zodino_pns_20.abb_acs580_1_ready','zodino_pns.zodino_pns_20.abb_acs580_1.abb_acs580_1_ready');
INSERT INTO cell VALUES('zodino_pns.zodino_pns_20.abb_acs580_1_ready_to_run','zodino_pns.zodino_pns_20',NULL,'abb_acs580 №1. Готов к пуску');
INSERT INTO cell_argument VALUES('zodino_pns.zodino_pns_20.abb_acs580_1_ready_to_run','zodino_pns.zodino_pns_20.zodino_pns_20.abb_acs580_1_ready_to_run');
INSERT INTO cell_argument VALUES('zodino_pns.zodino_pns_20.abb_acs580_1_ready_to_run','zodino_pns.zodino_pns_20.abb_acs580_1.abb_acs580_1_ready_to_run');
INSERT INTO cell VALUES('zodino_pns.zodino_pns_20.abb_acs580_1_ready_for_task','zodino_pns.zodino_pns_20',NULL,'abb_acs580 №1. Готов по заданию');
INSERT INTO cell_argument VALUES('zodino_pns.zodino_pns_20.abb_acs580_1_ready_for_task','zodino_pns.zodino_pns_20.zodino_pns_20.abb_acs580_1_ready_for_task');
INSERT INTO cell_argument VALUES('zodino_pns.zodino_pns_20.abb_acs580_1_ready_for_task','zodino_pns.zodino_pns_20.abb_acs580_1.abb_acs580_1_ready_for_task');
INSERT INTO cell VALUES('zodino_pns.zodino_pns_20.abb_acs580_1_rejection','zodino_pns.zodino_pns_20',NULL,'abb_acs580 №1. Отказ');
INSERT INTO cell_argument VALUES('zodino_pns.zodino_pns_20.abb_acs580_1_rejection','zodino_pns.zodino_pns_20.zodino_pns_20.abb_acs580_1_rejection');
INSERT INTO cell_argument VALUES('zodino_pns.zodino_pns_20.abb_acs580_1_rejection','zodino_pns.zodino_pns_20.abb_acs580_1.abb_acs580_1_rejection');
INSERT INTO cell VALUES('zodino_pns.zodino_pns_20.abb_acs580_1_switch_2_inactiv','zodino_pns.zodino_pns_20',NULL,'abb_acs580 №1. Выключатель 2 не активен');
INSERT INTO cell_argument VALUES('zodino_pns.zodino_pns_20.abb_acs580_1_switch_2_inactiv','zodino_pns.zodino_pns_20.zodino_pns_20.abb_acs580_1_switch_2_inactiv');
INSERT INTO cell_argument VALUES('zodino_pns.zodino_pns_20.abb_acs580_1_switch_2_inactiv','zodino_pns.zodino_pns_20.abb_acs580_1.abb_acs580_1_switch_2_inactiv');
INSERT INTO cell VALUES('zodino_pns.zodino_pns_20.abb_acs580_1_switch_3_inactiv','zodino_pns.zodino_pns_20',NULL,'abb_acs580 №1. Выключатель 3 не активен');
INSERT INTO cell_argument VALUES('zodino_pns.zodino_pns_20.abb_acs580_1_switch_3_inactiv','zodino_pns.zodino_pns_20.zodino_pns_20.abb_acs580_1_switch_3_inactiv');
INSERT INTO cell_argument VALUES('zodino_pns.zodino_pns_20.abb_acs580_1_switch_3_inactiv','zodino_pns.zodino_pns_20.abb_acs580_1.abb_acs580_1_switch_3_inactiv');
INSERT INTO cell VALUES('zodino_pns.zodino_pns_20.abb_acs580_1_forbid_to_on','zodino_pns.zodino_pns_20',NULL,'abb_acs580 №1. Включение запрещено');
INSERT INTO cell_argument VALUES('zodino_pns.zodino_pns_20.abb_acs580_1_forbid_to_on','zodino_pns.zodino_pns_20.zodino_pns_20.abb_acs580_1_forbid_to_on');
INSERT INTO cell_argument VALUES('zodino_pns.zodino_pns_20.abb_acs580_1_forbid_to_on','zodino_pns.zodino_pns_20.abb_acs580_1.abb_acs580_1_forbid_to_on');
INSERT INTO cell VALUES('zodino_pns.zodino_pns_20.abb_acs580_1_alert','zodino_pns.zodino_pns_20',NULL,'abb_acs580 №1. Предупреждение');
INSERT INTO cell_argument VALUES('zodino_pns.zodino_pns_20.abb_acs580_1_alert','zodino_pns.zodino_pns_20.zodino_pns_20.abb_acs580_1_alert');
INSERT INTO cell_argument VALUES('zodino_pns.zodino_pns_20.abb_acs580_1_alert','zodino_pns.zodino_pns_20.abb_acs580_1.abb_acs580_1_alert');
INSERT INTO cell VALUES('zodino_pns.zodino_pns_20.abb_acs580_1_drive_on_setting','zodino_pns.zodino_pns_20',NULL,'abb_acs580 №1. Привод на уставке');
INSERT INTO cell_argument VALUES('zodino_pns.zodino_pns_20.abb_acs580_1_drive_on_setting','zodino_pns.zodino_pns_20.zodino_pns_20.abb_acs580_1_drive_on_setting');
INSERT INTO cell_argument VALUES('zodino_pns.zodino_pns_20.abb_acs580_1_drive_on_setting','zodino_pns.zodino_pns_20.abb_acs580_1.abb_acs580_1_drive_on_setting');
INSERT INTO cell VALUES('zodino_pns.zodino_pns_20.abb_acs580_1_remote_mode','zodino_pns.zodino_pns_20',NULL,'abb_acs580 №1. Режим управление - дистанционный');
INSERT INTO cell_argument VALUES('zodino_pns.zodino_pns_20.abb_acs580_1_remote_mode','zodino_pns.zodino_pns_20.zodino_pns_20.abb_acs580_1_remote_mode');
INSERT INTO cell_argument VALUES('zodino_pns.zodino_pns_20.abb_acs580_1_remote_mode','zodino_pns.zodino_pns_20.abb_acs580_1.abb_acs580_1_remote_mode');
INSERT INTO cell VALUES('zodino_pns.zodino_pns_20.abb_acs580_1_too_high_speed_or_frequency','zodino_pns.zodino_pns_20',NULL,'abb_acs580 №1. Превышено ограничение скорости/частоты');
INSERT INTO cell_argument VALUES('zodino_pns.zodino_pns_20.abb_acs580_1_too_high_speed_or_frequency','zodino_pns.zodino_pns_20.zodino_pns_20.abb_acs580_1_too_high_speed_or_frequency');
INSERT INTO cell_argument VALUES('zodino_pns.zodino_pns_20.abb_acs580_1_too_high_speed_or_frequency','zodino_pns.zodino_pns_20.abb_acs580_1.abb_acs580_1_too_high_speed_or_frequency');
INSERT INTO cell VALUES('zodino_pns.zodino_pns_20.abb_acs580_1_custom1','zodino_pns.zodino_pns_20',NULL,'abb_acs580 №1. Пользовательский 1');
INSERT INTO cell_argument VALUES('zodino_pns.zodino_pns_20.abb_acs580_1_custom1','zodino_pns.zodino_pns_20.zodino_pns_20.abb_acs580_1_custom1');
INSERT INTO cell_argument VALUES('zodino_pns.zodino_pns_20.abb_acs580_1_custom1','zodino_pns.zodino_pns_20.abb_acs580_1.abb_acs580_1_custom1');
INSERT INTO cell VALUES('zodino_pns.zodino_pns_20.abb_acs580_1_custom2','zodino_pns.zodino_pns_20',NULL,'abb_acs580 №1. Пользовательский 2');
INSERT INTO cell_argument VALUES('zodino_pns.zodino_pns_20.abb_acs580_1_custom2','zodino_pns.zodino_pns_20.zodino_pns_20.abb_acs580_1_custom2');
INSERT INTO cell_argument VALUES('zodino_pns.zodino_pns_20.abb_acs580_1_custom2','zodino_pns.zodino_pns_20.abb_acs580_1.abb_acs580_1_custom2');
INSERT INTO cell VALUES('zodino_pns.zodino_pns_20.abb_acs580_1_custom3','zodino_pns.zodino_pns_20',NULL,'abb_acs580 №1. Пользовательский 3');
INSERT INTO cell_argument VALUES('zodino_pns.zodino_pns_20.abb_acs580_1_custom3','zodino_pns.zodino_pns_20.zodino_pns_20.abb_acs580_1_custom3');
INSERT INTO cell_argument VALUES('zodino_pns.zodino_pns_20.abb_acs580_1_custom3','zodino_pns.zodino_pns_20.abb_acs580_1.abb_acs580_1_custom3');
INSERT INTO cell VALUES('zodino_pns.zodino_pns_20.abb_acs580_1_custom4','zodino_pns.zodino_pns_20',NULL,'abb_acs580 №1. Пользовательский 4');
INSERT INTO cell_argument VALUES('zodino_pns.zodino_pns_20.abb_acs580_1_custom4','zodino_pns.zodino_pns_20.zodino_pns_20.abb_acs580_1_custom4');
INSERT INTO cell_argument VALUES('zodino_pns.zodino_pns_20.abb_acs580_1_custom4','zodino_pns.zodino_pns_20.abb_acs580_1.abb_acs580_1_custom4');
INSERT INTO cell VALUES('zodino_pns.zodino_pns_20.abb_acs580_1_common_alm','zodino_pns.zodino_pns_20',NULL,'abb_acs580 №1. Общая авария устройства');
INSERT INTO cell_argument VALUES('zodino_pns.zodino_pns_20.abb_acs580_1_common_alm','zodino_pns.zodino_pns_20.zodino_pns_20.abb_acs580_1_common_alm');
INSERT INTO cell_argument VALUES('zodino_pns.zodino_pns_20.abb_acs580_1_common_alm','zodino_pns.zodino_pns_20.abb_acs580_1.abb_acs580_1_common_alm');
INSERT INTO cell VALUES('zodino_pns.zodino_pns_20.abb_acs580_1_not_answer','zodino_pns.zodino_pns_20',NULL,'abb_acs580 №1. Устройство не отвечает');
INSERT INTO cell_argument VALUES('zodino_pns.zodino_pns_20.abb_acs580_1_not_answer','zodino_pns.zodino_pns_20.zodino_pns_20.abb_acs580_1_not_answer');
INSERT INTO cell_argument VALUES('zodino_pns.zodino_pns_20.abb_acs580_1_not_answer','zodino_pns.zodino_pns_20.abb_acs580_1.abb_acs580_1_not_answer');
INSERT INTO cell VALUES('zodino_pns.zodino_pns_20.abb_acs580_2_output_freq','zodino_pns.zodino_pns_20','zodino_pns.zodino_pns_20.one_percent','abb_acs580 №2. Выходная частота, Гц');
INSERT INTO cell_argument VALUES('zodino_pns.zodino_pns_20.abb_acs580_2_output_freq','zodino_pns.zodino_pns_20.zodino_pns_20.abb_acs580_2_output_freq');
INSERT INTO cell_argument VALUES('zodino_pns.zodino_pns_20.abb_acs580_2_output_freq','zodino_pns.zodino_pns_20.abb_acs580_2.abb_acs580_2_output_freq');
INSERT INTO cell VALUES('zodino_pns.zodino_pns_20.abb_acs580_2_speed_engine','zodino_pns.zodino_pns_20','zodino_pns.zodino_pns_20.one_percent','abb_acs580 №2. Скорость двигателя, об/мин');
INSERT INTO cell_argument VALUES('zodino_pns.zodino_pns_20.abb_acs580_2_speed_engine','zodino_pns.zodino_pns_20.zodino_pns_20.abb_acs580_2_speed_engine');
INSERT INTO cell_argument VALUES('zodino_pns.zodino_pns_20.abb_acs580_2_speed_engine','zodino_pns.zodino_pns_20.abb_acs580_2.abb_acs580_2_speed_engine');
INSERT INTO cell VALUES('zodino_pns.zodino_pns_20.abb_acs580_2_amperage_engine','zodino_pns.zodino_pns_20','zodino_pns.zodino_pns_20.one_percent','abb_acs580 №2. Ток двигателя, А');
INSERT INTO cell_argument VALUES('zodino_pns.zodino_pns_20.abb_acs580_2_amperage_engine','zodino_pns.zodino_pns_20.zodino_pns_20.abb_acs580_2_amperage_engine');
INSERT INTO cell_argument VALUES('zodino_pns.zodino_pns_20.abb_acs580_2_amperage_engine','zodino_pns.zodino_pns_20.abb_acs580_2.abb_acs580_2_amperage_engine');
INSERT INTO cell VALUES('zodino_pns.zodino_pns_20.abb_acs580_2_voltage_engine','zodino_pns.zodino_pns_20',NULL,'abb_acs580 №2. Выходное напряжение, В');
INSERT INTO cell_argument VALUES('zodino_pns.zodino_pns_20.abb_acs580_2_voltage_engine','zodino_pns.zodino_pns_20.zodino_pns_20.abb_acs580_2_voltage_engine');
INSERT INTO cell_argument VALUES('zodino_pns.zodino_pns_20.abb_acs580_2_voltage_engine','zodino_pns.zodino_pns_20.abb_acs580_2.abb_acs580_2_voltage_engine');
INSERT INTO cell VALUES('zodino_pns.zodino_pns_20.abb_acs580_2_power_engine','zodino_pns.zodino_pns_20','zodino_pns.zodino_pns_20.one_percent','abb_acs580 №2. Мощность двигателя, %');
INSERT INTO cell_argument VALUES('zodino_pns.zodino_pns_20.abb_acs580_2_power_engine','zodino_pns.zodino_pns_20.zodino_pns_20.abb_acs580_2_power_engine');
INSERT INTO cell_argument VALUES('zodino_pns.zodino_pns_20.abb_acs580_2_power_engine','zodino_pns.zodino_pns_20.abb_acs580_2.abb_acs580_2_power_engine');
INSERT INTO cell VALUES('zodino_pns.zodino_pns_20.abb_acs580_2_invertor_power_gigawatt','zodino_pns.zodino_pns_20',NULL,'abb_acs580 №2. Счетчик ГВт*ч инвертера, ГВт*ч');
INSERT INTO cell_argument VALUES('zodino_pns.zodino_pns_20.abb_acs580_2_invertor_power_gigawatt','zodino_pns.zodino_pns_20.zodino_pns_20.abb_acs580_2_invertor_power_gigawatt');
INSERT INTO cell_argument VALUES('zodino_pns.zodino_pns_20.abb_acs580_2_invertor_power_gigawatt','zodino_pns.zodino_pns_20.abb_acs580_2.abb_acs580_2_invertor_power_gigawatt');
INSERT INTO cell VALUES('zodino_pns.zodino_pns_20.abb_acs580_2_invertor_power_megawatt','zodino_pns.zodino_pns_20',NULL,'abb_acs580 №2. Счетчик МВт*ч инвертера, MВт*ч');
INSERT INTO cell_argument VALUES('zodino_pns.zodino_pns_20.abb_acs580_2_invertor_power_megawatt','zodino_pns.zodino_pns_20.zodino_pns_20.abb_acs580_2_invertor_power_megawatt');
INSERT INTO cell_argument VALUES('zodino_pns.zodino_pns_20.abb_acs580_2_invertor_power_megawatt','zodino_pns.zodino_pns_20.abb_acs580_2.abb_acs580_2_invertor_power_megawatt');
INSERT INTO cell VALUES('zodino_pns.zodino_pns_20.abb_acs580_2_invertor_power_kilowatt','zodino_pns.zodino_pns_20',NULL,'abb_acs580 №2. Счетчик кВт*ч инвертера, кВт*ч');
INSERT INTO cell_argument VALUES('zodino_pns.zodino_pns_20.abb_acs580_2_invertor_power_kilowatt','zodino_pns.zodino_pns_20.zodino_pns_20.abb_acs580_2_invertor_power_kilowatt');
INSERT INTO cell_argument VALUES('zodino_pns.zodino_pns_20.abb_acs580_2_invertor_power_kilowatt','zodino_pns.zodino_pns_20.abb_acs580_2.abb_acs580_2_invertor_power_kilowatt');
INSERT INTO cell VALUES('zodino_pns.zodino_pns_20.abb_acs580_2_disconnecion_reason','zodino_pns.zodino_pns_20',NULL,'abb_acs580 №2. Отказ, вызвавший отключения');
INSERT INTO cell_argument VALUES('zodino_pns.zodino_pns_20.abb_acs580_2_disconnecion_reason','zodino_pns.zodino_pns_20.zodino_pns_20.abb_acs580_2_disconnecion_reason');
INSERT INTO cell_argument VALUES('zodino_pns.zodino_pns_20.abb_acs580_2_disconnecion_reason','zodino_pns.zodino_pns_20.abb_acs580_2.abb_acs580_2_disconnecion_reason');
INSERT INTO cell VALUES('zodino_pns.zodino_pns_20.abb_acs580_2_fact_value','zodino_pns.zodino_pns_20','zodino_pns.zodino_pns_20.one_percent','abb_acs580 №2. Фактическое значение регулируемой величины');
INSERT INTO cell_argument VALUES('zodino_pns.zodino_pns_20.abb_acs580_2_fact_value','zodino_pns.zodino_pns_20.zodino_pns_20.abb_acs580_2_fact_value');
INSERT INTO cell_argument VALUES('zodino_pns.zodino_pns_20.abb_acs580_2_fact_value','zodino_pns.zodino_pns_20.abb_acs580_2.abb_acs580_2_fact_value');
INSERT INTO cell VALUES('zodino_pns.zodino_pns_20.abb_acs580_2_ready','zodino_pns.zodino_pns_20',NULL,'abb_acs580 №2. Готов к включению');
INSERT INTO cell_argument VALUES('zodino_pns.zodino_pns_20.abb_acs580_2_ready','zodino_pns.zodino_pns_20.zodino_pns_20.abb_acs580_2_ready');
INSERT INTO cell_argument VALUES('zodino_pns.zodino_pns_20.abb_acs580_2_ready','zodino_pns.zodino_pns_20.abb_acs580_2.abb_acs580_2_ready');
INSERT INTO cell VALUES('zodino_pns.zodino_pns_20.abb_acs580_2_ready_to_run','zodino_pns.zodino_pns_20',NULL,'abb_acs580 №2. Готов к пуску');
INSERT INTO cell_argument VALUES('zodino_pns.zodino_pns_20.abb_acs580_2_ready_to_run','zodino_pns.zodino_pns_20.zodino_pns_20.abb_acs580_2_ready_to_run');
INSERT INTO cell_argument VALUES('zodino_pns.zodino_pns_20.abb_acs580_2_ready_to_run','zodino_pns.zodino_pns_20.abb_acs580_2.abb_acs580_2_ready_to_run');
INSERT INTO cell VALUES('zodino_pns.zodino_pns_20.abb_acs580_2_ready_for_task','zodino_pns.zodino_pns_20',NULL,'abb_acs580 №2. Готов по заданию');
INSERT INTO cell_argument VALUES('zodino_pns.zodino_pns_20.abb_acs580_2_ready_for_task','zodino_pns.zodino_pns_20.zodino_pns_20.abb_acs580_2_ready_for_task');
INSERT INTO cell_argument VALUES('zodino_pns.zodino_pns_20.abb_acs580_2_ready_for_task','zodino_pns.zodino_pns_20.abb_acs580_2.abb_acs580_2_ready_for_task');
INSERT INTO cell VALUES('zodino_pns.zodino_pns_20.abb_acs580_2_rejection','zodino_pns.zodino_pns_20',NULL,'abb_acs580 №2. Отказ');
INSERT INTO cell_argument VALUES('zodino_pns.zodino_pns_20.abb_acs580_2_rejection','zodino_pns.zodino_pns_20.zodino_pns_20.abb_acs580_2_rejection');
INSERT INTO cell_argument VALUES('zodino_pns.zodino_pns_20.abb_acs580_2_rejection','zodino_pns.zodino_pns_20.abb_acs580_2.abb_acs580_2_rejection');
INSERT INTO cell VALUES('zodino_pns.zodino_pns_20.abb_acs580_2_switch_2_inactiv','zodino_pns.zodino_pns_20',NULL,'abb_acs580 №2. Выключатель 2 не активен');
INSERT INTO cell_argument VALUES('zodino_pns.zodino_pns_20.abb_acs580_2_switch_2_inactiv','zodino_pns.zodino_pns_20.zodino_pns_20.abb_acs580_2_switch_2_inactiv');
INSERT INTO cell_argument VALUES('zodino_pns.zodino_pns_20.abb_acs580_2_switch_2_inactiv','zodino_pns.zodino_pns_20.abb_acs580_2.abb_acs580_2_switch_2_inactiv');
INSERT INTO cell VALUES('zodino_pns.zodino_pns_20.abb_acs580_2_switch_3_inactiv','zodino_pns.zodino_pns_20',NULL,'abb_acs580 №2. Выключатель 3 не активен');
INSERT INTO cell_argument VALUES('zodino_pns.zodino_pns_20.abb_acs580_2_switch_3_inactiv','zodino_pns.zodino_pns_20.zodino_pns_20.abb_acs580_2_switch_3_inactiv');
INSERT INTO cell_argument VALUES('zodino_pns.zodino_pns_20.abb_acs580_2_switch_3_inactiv','zodino_pns.zodino_pns_20.abb_acs580_2.abb_acs580_2_switch_3_inactiv');
INSERT INTO cell VALUES('zodino_pns.zodino_pns_20.abb_acs580_2_forbid_to_on','zodino_pns.zodino_pns_20',NULL,'abb_acs580 №2. Включение запрещено');
INSERT INTO cell_argument VALUES('zodino_pns.zodino_pns_20.abb_acs580_2_forbid_to_on','zodino_pns.zodino_pns_20.zodino_pns_20.abb_acs580_2_forbid_to_on');
INSERT INTO cell_argument VALUES('zodino_pns.zodino_pns_20.abb_acs580_2_forbid_to_on','zodino_pns.zodino_pns_20.abb_acs580_2.abb_acs580_2_forbid_to_on');
INSERT INTO cell VALUES('zodino_pns.zodino_pns_20.abb_acs580_2_alert','zodino_pns.zodino_pns_20',NULL,'abb_acs580 №2. Предупреждение');
INSERT INTO cell_argument VALUES('zodino_pns.zodino_pns_20.abb_acs580_2_alert','zodino_pns.zodino_pns_20.zodino_pns_20.abb_acs580_2_alert');
INSERT INTO cell_argument VALUES('zodino_pns.zodino_pns_20.abb_acs580_2_alert','zodino_pns.zodino_pns_20.abb_acs580_2.abb_acs580_2_alert');
INSERT INTO cell VALUES('zodino_pns.zodino_pns_20.abb_acs580_2_drive_on_setting','zodino_pns.zodino_pns_20',NULL,'abb_acs580 №2. Привод на уставке');
INSERT INTO cell_argument VALUES('zodino_pns.zodino_pns_20.abb_acs580_2_drive_on_setting','zodino_pns.zodino_pns_20.zodino_pns_20.abb_acs580_2_drive_on_setting');
INSERT INTO cell_argument VALUES('zodino_pns.zodino_pns_20.abb_acs580_2_drive_on_setting','zodino_pns.zodino_pns_20.abb_acs580_2.abb_acs580_2_drive_on_setting');
INSERT INTO cell VALUES('zodino_pns.zodino_pns_20.abb_acs580_2_remote_mode','zodino_pns.zodino_pns_20',NULL,'abb_acs580 №2. Режим управление - дистанционный');
INSERT INTO cell_argument VALUES('zodino_pns.zodino_pns_20.abb_acs580_2_remote_mode','zodino_pns.zodino_pns_20.zodino_pns_20.abb_acs580_2_remote_mode');
INSERT INTO cell_argument VALUES('zodino_pns.zodino_pns_20.abb_acs580_2_remote_mode','zodino_pns.zodino_pns_20.abb_acs580_2.abb_acs580_2_remote_mode');
INSERT INTO cell VALUES('zodino_pns.zodino_pns_20.abb_acs580_2_too_high_speed_or_frequency','zodino_pns.zodino_pns_20',NULL,'abb_acs580 №2. Превышено ограничение скорости/частоты');
INSERT INTO cell_argument VALUES('zodino_pns.zodino_pns_20.abb_acs580_2_too_high_speed_or_frequency','zodino_pns.zodino_pns_20.zodino_pns_20.abb_acs580_2_too_high_speed_or_frequency');
INSERT INTO cell_argument VALUES('zodino_pns.zodino_pns_20.abb_acs580_2_too_high_speed_or_frequency','zodino_pns.zodino_pns_20.abb_acs580_2.abb_acs580_2_too_high_speed_or_frequency');
INSERT INTO cell VALUES('zodino_pns.zodino_pns_20.abb_acs580_2_custom1','zodino_pns.zodino_pns_20',NULL,'abb_acs580 №2. Пользовательский 1');
INSERT INTO cell_argument VALUES('zodino_pns.zodino_pns_20.abb_acs580_2_custom1','zodino_pns.zodino_pns_20.zodino_pns_20.abb_acs580_2_custom1');
INSERT INTO cell_argument VALUES('zodino_pns.zodino_pns_20.abb_acs580_2_custom1','zodino_pns.zodino_pns_20.abb_acs580_2.abb_acs580_2_custom1');
INSERT INTO cell VALUES('zodino_pns.zodino_pns_20.abb_acs580_2_custom2','zodino_pns.zodino_pns_20',NULL,'abb_acs580 №2. Пользовательский 2');
INSERT INTO cell_argument VALUES('zodino_pns.zodino_pns_20.abb_acs580_2_custom2','zodino_pns.zodino_pns_20.zodino_pns_20.abb_acs580_2_custom2');
INSERT INTO cell_argument VALUES('zodino_pns.zodino_pns_20.abb_acs580_2_custom2','zodino_pns.zodino_pns_20.abb_acs580_2.abb_acs580_2_custom2');
INSERT INTO cell VALUES('zodino_pns.zodino_pns_20.abb_acs580_2_custom3','zodino_pns.zodino_pns_20',NULL,'abb_acs580 №2. Пользовательский 3');
INSERT INTO cell_argument VALUES('zodino_pns.zodino_pns_20.abb_acs580_2_custom3','zodino_pns.zodino_pns_20.zodino_pns_20.abb_acs580_2_custom3');
INSERT INTO cell_argument VALUES('zodino_pns.zodino_pns_20.abb_acs580_2_custom3','zodino_pns.zodino_pns_20.abb_acs580_2.abb_acs580_2_custom3');
INSERT INTO cell VALUES('zodino_pns.zodino_pns_20.abb_acs580_2_custom4','zodino_pns.zodino_pns_20',NULL,'abb_acs580 №2. Пользовательский 4');
INSERT INTO cell_argument VALUES('zodino_pns.zodino_pns_20.abb_acs580_2_custom4','zodino_pns.zodino_pns_20.zodino_pns_20.abb_acs580_2_custom4');
INSERT INTO cell_argument VALUES('zodino_pns.zodino_pns_20.abb_acs580_2_custom4','zodino_pns.zodino_pns_20.abb_acs580_2.abb_acs580_2_custom4');
INSERT INTO cell VALUES('zodino_pns.zodino_pns_20.abb_acs580_2_common_alm','zodino_pns.zodino_pns_20',NULL,'abb_acs580 №2. Общая авария устройства');
INSERT INTO cell_argument VALUES('zodino_pns.zodino_pns_20.abb_acs580_2_common_alm','zodino_pns.zodino_pns_20.zodino_pns_20.abb_acs580_2_common_alm');
INSERT INTO cell_argument VALUES('zodino_pns.zodino_pns_20.abb_acs580_2_common_alm','zodino_pns.zodino_pns_20.abb_acs580_2.abb_acs580_2_common_alm');
INSERT INTO cell VALUES('zodino_pns.zodino_pns_20.abb_acs580_2_not_answer','zodino_pns.zodino_pns_20',NULL,'abb_acs580 №2. Устройство не отвечает');
INSERT INTO cell_argument VALUES('zodino_pns.zodino_pns_20.abb_acs580_2_not_answer','zodino_pns.zodino_pns_20.zodino_pns_20.abb_acs580_2_not_answer');
INSERT INTO cell_argument VALUES('zodino_pns.zodino_pns_20.abb_acs580_2_not_answer','zodino_pns.zodino_pns_20.abb_acs580_2.abb_acs580_2_not_answer');
INSERT INTO cell VALUES('zodino_pns.zodino_pns_20.abb_acs580_3_output_freq','zodino_pns.zodino_pns_20','zodino_pns.zodino_pns_20.one_percent','abb_acs580 №3. Выходная частота, Гц');
INSERT INTO cell_argument VALUES('zodino_pns.zodino_pns_20.abb_acs580_3_output_freq','zodino_pns.zodino_pns_20.zodino_pns_20.abb_acs580_3_output_freq');
INSERT INTO cell_argument VALUES('zodino_pns.zodino_pns_20.abb_acs580_3_output_freq','zodino_pns.zodino_pns_20.abb_acs580_3.abb_acs580_3_output_freq');
INSERT INTO cell VALUES('zodino_pns.zodino_pns_20.abb_acs580_3_speed_engine','zodino_pns.zodino_pns_20','zodino_pns.zodino_pns_20.one_percent','abb_acs580 №3. Скорость двигателя, об/мин');
INSERT INTO cell_argument VALUES('zodino_pns.zodino_pns_20.abb_acs580_3_speed_engine','zodino_pns.zodino_pns_20.zodino_pns_20.abb_acs580_3_speed_engine');
INSERT INTO cell_argument VALUES('zodino_pns.zodino_pns_20.abb_acs580_3_speed_engine','zodino_pns.zodino_pns_20.abb_acs580_3.abb_acs580_3_speed_engine');
INSERT INTO cell VALUES('zodino_pns.zodino_pns_20.abb_acs580_3_amperage_engine','zodino_pns.zodino_pns_20','zodino_pns.zodino_pns_20.one_percent','abb_acs580 №3. Ток двигателя, А');
INSERT INTO cell_argument VALUES('zodino_pns.zodino_pns_20.abb_acs580_3_amperage_engine','zodino_pns.zodino_pns_20.zodino_pns_20.abb_acs580_3_amperage_engine');
INSERT INTO cell_argument VALUES('zodino_pns.zodino_pns_20.abb_acs580_3_amperage_engine','zodino_pns.zodino_pns_20.abb_acs580_3.abb_acs580_3_amperage_engine');
INSERT INTO cell VALUES('zodino_pns.zodino_pns_20.abb_acs580_3_voltage_engine','zodino_pns.zodino_pns_20',NULL,'abb_acs580 №3. Выходное напряжение, В');
INSERT INTO cell_argument VALUES('zodino_pns.zodino_pns_20.abb_acs580_3_voltage_engine','zodino_pns.zodino_pns_20.zodino_pns_20.abb_acs580_3_voltage_engine');
INSERT INTO cell_argument VALUES('zodino_pns.zodino_pns_20.abb_acs580_3_voltage_engine','zodino_pns.zodino_pns_20.abb_acs580_3.abb_acs580_3_voltage_engine');
INSERT INTO cell VALUES('zodino_pns.zodino_pns_20.abb_acs580_3_power_engine','zodino_pns.zodino_pns_20','zodino_pns.zodino_pns_20.one_percent','abb_acs580 №3. Мощность двигателя, %');
INSERT INTO cell_argument VALUES('zodino_pns.zodino_pns_20.abb_acs580_3_power_engine','zodino_pns.zodino_pns_20.zodino_pns_20.abb_acs580_3_power_engine');
INSERT INTO cell_argument VALUES('zodino_pns.zodino_pns_20.abb_acs580_3_power_engine','zodino_pns.zodino_pns_20.abb_acs580_3.abb_acs580_3_power_engine');
INSERT INTO cell VALUES('zodino_pns.zodino_pns_20.abb_acs580_3_invertor_power_gigawatt','zodino_pns.zodino_pns_20',NULL,'abb_acs580 №3. Счетчик ГВт*ч инвертера, ГВт*ч');
INSERT INTO cell_argument VALUES('zodino_pns.zodino_pns_20.abb_acs580_3_invertor_power_gigawatt','zodino_pns.zodino_pns_20.zodino_pns_20.abb_acs580_3_invertor_power_gigawatt');
INSERT INTO cell_argument VALUES('zodino_pns.zodino_pns_20.abb_acs580_3_invertor_power_gigawatt','zodino_pns.zodino_pns_20.abb_acs580_3.abb_acs580_3_invertor_power_gigawatt');
INSERT INTO cell VALUES('zodino_pns.zodino_pns_20.abb_acs580_3_invertor_power_megawatt','zodino_pns.zodino_pns_20',NULL,'abb_acs580 №3. Счетчик МВт*ч инвертера, MВт*ч');
INSERT INTO cell_argument VALUES('zodino_pns.zodino_pns_20.abb_acs580_3_invertor_power_megawatt','zodino_pns.zodino_pns_20.zodino_pns_20.abb_acs580_3_invertor_power_megawatt');
INSERT INTO cell_argument VALUES('zodino_pns.zodino_pns_20.abb_acs580_3_invertor_power_megawatt','zodino_pns.zodino_pns_20.abb_acs580_3.abb_acs580_3_invertor_power_megawatt');
INSERT INTO cell VALUES('zodino_pns.zodino_pns_20.abb_acs580_3_invertor_power_kilowatt','zodino_pns.zodino_pns_20',NULL,'abb_acs580 №3. Счетчик кВт*ч инвертера, кВт*ч');
INSERT INTO cell_argument VALUES('zodino_pns.zodino_pns_20.abb_acs580_3_invertor_power_kilowatt','zodino_pns.zodino_pns_20.zodino_pns_20.abb_acs580_3_invertor_power_kilowatt');
INSERT INTO cell_argument VALUES('zodino_pns.zodino_pns_20.abb_acs580_3_invertor_power_kilowatt','zodino_pns.zodino_pns_20.abb_acs580_3.abb_acs580_3_invertor_power_kilowatt');
INSERT INTO cell VALUES('zodino_pns.zodino_pns_20.abb_acs580_3_disconnecion_reason','zodino_pns.zodino_pns_20',NULL,'abb_acs580 №3. Отказ, вызвавший отключения');
INSERT INTO cell_argument VALUES('zodino_pns.zodino_pns_20.abb_acs580_3_disconnecion_reason','zodino_pns.zodino_pns_20.zodino_pns_20.abb_acs580_3_disconnecion_reason');
INSERT INTO cell_argument VALUES('zodino_pns.zodino_pns_20.abb_acs580_3_disconnecion_reason','zodino_pns.zodino_pns_20.abb_acs580_3.abb_acs580_3_disconnecion_reason');
INSERT INTO cell VALUES('zodino_pns.zodino_pns_20.abb_acs580_3_fact_value','zodino_pns.zodino_pns_20','zodino_pns.zodino_pns_20.one_percent','abb_acs580 №3. Фактическое значение регулируемой величины');
INSERT INTO cell_argument VALUES('zodino_pns.zodino_pns_20.abb_acs580_3_fact_value','zodino_pns.zodino_pns_20.zodino_pns_20.abb_acs580_3_fact_value');
INSERT INTO cell_argument VALUES('zodino_pns.zodino_pns_20.abb_acs580_3_fact_value','zodino_pns.zodino_pns_20.abb_acs580_3.abb_acs580_3_fact_value');
INSERT INTO cell VALUES('zodino_pns.zodino_pns_20.abb_acs580_3_ready','zodino_pns.zodino_pns_20',NULL,'abb_acs580 №3. Готов к включению');
INSERT INTO cell_argument VALUES('zodino_pns.zodino_pns_20.abb_acs580_3_ready','zodino_pns.zodino_pns_20.zodino_pns_20.abb_acs580_3_ready');
INSERT INTO cell_argument VALUES('zodino_pns.zodino_pns_20.abb_acs580_3_ready','zodino_pns.zodino_pns_20.abb_acs580_3.abb_acs580_3_ready');
INSERT INTO cell VALUES('zodino_pns.zodino_pns_20.abb_acs580_3_ready_to_run','zodino_pns.zodino_pns_20',NULL,'abb_acs580 №3. Готов к пуску');
INSERT INTO cell_argument VALUES('zodino_pns.zodino_pns_20.abb_acs580_3_ready_to_run','zodino_pns.zodino_pns_20.zodino_pns_20.abb_acs580_3_ready_to_run');
INSERT INTO cell_argument VALUES('zodino_pns.zodino_pns_20.abb_acs580_3_ready_to_run','zodino_pns.zodino_pns_20.abb_acs580_3.abb_acs580_3_ready_to_run');
INSERT INTO cell VALUES('zodino_pns.zodino_pns_20.abb_acs580_3_ready_for_task','zodino_pns.zodino_pns_20',NULL,'abb_acs580 №3. Готов по заданию');
INSERT INTO cell_argument VALUES('zodino_pns.zodino_pns_20.abb_acs580_3_ready_for_task','zodino_pns.zodino_pns_20.zodino_pns_20.abb_acs580_3_ready_for_task');
INSERT INTO cell_argument VALUES('zodino_pns.zodino_pns_20.abb_acs580_3_ready_for_task','zodino_pns.zodino_pns_20.abb_acs580_3.abb_acs580_3_ready_for_task');
INSERT INTO cell VALUES('zodino_pns.zodino_pns_20.abb_acs580_3_rejection','zodino_pns.zodino_pns_20',NULL,'abb_acs580 №3. Отказ');
INSERT INTO cell_argument VALUES('zodino_pns.zodino_pns_20.abb_acs580_3_rejection','zodino_pns.zodino_pns_20.zodino_pns_20.abb_acs580_3_rejection');
INSERT INTO cell_argument VALUES('zodino_pns.zodino_pns_20.abb_acs580_3_rejection','zodino_pns.zodino_pns_20.abb_acs580_3.abb_acs580_3_rejection');
INSERT INTO cell VALUES('zodino_pns.zodino_pns_20.abb_acs580_3_switch_2_inactiv','zodino_pns.zodino_pns_20',NULL,'abb_acs580 №3. Выключатель 2 не активен');
INSERT INTO cell_argument VALUES('zodino_pns.zodino_pns_20.abb_acs580_3_switch_2_inactiv','zodino_pns.zodino_pns_20.zodino_pns_20.abb_acs580_3_switch_2_inactiv');
INSERT INTO cell_argument VALUES('zodino_pns.zodino_pns_20.abb_acs580_3_switch_2_inactiv','zodino_pns.zodino_pns_20.abb_acs580_3.abb_acs580_3_switch_2_inactiv');
INSERT INTO cell VALUES('zodino_pns.zodino_pns_20.abb_acs580_3_switch_3_inactiv','zodino_pns.zodino_pns_20',NULL,'abb_acs580 №3. Выключатель 3 не активен');
INSERT INTO cell_argument VALUES('zodino_pns.zodino_pns_20.abb_acs580_3_switch_3_inactiv','zodino_pns.zodino_pns_20.zodino_pns_20.abb_acs580_3_switch_3_inactiv');
INSERT INTO cell_argument VALUES('zodino_pns.zodino_pns_20.abb_acs580_3_switch_3_inactiv','zodino_pns.zodino_pns_20.abb_acs580_3.abb_acs580_3_switch_3_inactiv');
INSERT INTO cell VALUES('zodino_pns.zodino_pns_20.abb_acs580_3_forbid_to_on','zodino_pns.zodino_pns_20',NULL,'abb_acs580 №3. Включение запрещено');
INSERT INTO cell_argument VALUES('zodino_pns.zodino_pns_20.abb_acs580_3_forbid_to_on','zodino_pns.zodino_pns_20.zodino_pns_20.abb_acs580_3_forbid_to_on');
INSERT INTO cell_argument VALUES('zodino_pns.zodino_pns_20.abb_acs580_3_forbid_to_on','zodino_pns.zodino_pns_20.abb_acs580_3.abb_acs580_3_forbid_to_on');
INSERT INTO cell VALUES('zodino_pns.zodino_pns_20.abb_acs580_3_alert','zodino_pns.zodino_pns_20',NULL,'abb_acs580 №3. Предупреждение');
INSERT INTO cell_argument VALUES('zodino_pns.zodino_pns_20.abb_acs580_3_alert','zodino_pns.zodino_pns_20.zodino_pns_20.abb_acs580_3_alert');
INSERT INTO cell_argument VALUES('zodino_pns.zodino_pns_20.abb_acs580_3_alert','zodino_pns.zodino_pns_20.abb_acs580_3.abb_acs580_3_alert');
INSERT INTO cell VALUES('zodino_pns.zodino_pns_20.abb_acs580_3_drive_on_setting','zodino_pns.zodino_pns_20',NULL,'abb_acs580 №3. Привод на уставке');
INSERT INTO cell_argument VALUES('zodino_pns.zodino_pns_20.abb_acs580_3_drive_on_setting','zodino_pns.zodino_pns_20.zodino_pns_20.abb_acs580_3_drive_on_setting');
INSERT INTO cell_argument VALUES('zodino_pns.zodino_pns_20.abb_acs580_3_drive_on_setting','zodino_pns.zodino_pns_20.abb_acs580_3.abb_acs580_3_drive_on_setting');
INSERT INTO cell VALUES('zodino_pns.zodino_pns_20.abb_acs580_3_remote_mode','zodino_pns.zodino_pns_20',NULL,'abb_acs580 №3. Режим управление - дистанционный');
INSERT INTO cell_argument VALUES('zodino_pns.zodino_pns_20.abb_acs580_3_remote_mode','zodino_pns.zodino_pns_20.zodino_pns_20.abb_acs580_3_remote_mode');
INSERT INTO cell_argument VALUES('zodino_pns.zodino_pns_20.abb_acs580_3_remote_mode','zodino_pns.zodino_pns_20.abb_acs580_3.abb_acs580_3_remote_mode');
INSERT INTO cell VALUES('zodino_pns.zodino_pns_20.abb_acs580_3_too_high_speed_or_frequency','zodino_pns.zodino_pns_20',NULL,'abb_acs580 №3. Превышено ограничение скорости/частоты');
INSERT INTO cell_argument VALUES('zodino_pns.zodino_pns_20.abb_acs580_3_too_high_speed_or_frequency','zodino_pns.zodino_pns_20.zodino_pns_20.abb_acs580_3_too_high_speed_or_frequency');
INSERT INTO cell_argument VALUES('zodino_pns.zodino_pns_20.abb_acs580_3_too_high_speed_or_frequency','zodino_pns.zodino_pns_20.abb_acs580_3.abb_acs580_3_too_high_speed_or_frequency');
INSERT INTO cell VALUES('zodino_pns.zodino_pns_20.abb_acs580_3_custom1','zodino_pns.zodino_pns_20',NULL,'abb_acs580 №3. Пользовательский 1');
INSERT INTO cell_argument VALUES('zodino_pns.zodino_pns_20.abb_acs580_3_custom1','zodino_pns.zodino_pns_20.zodino_pns_20.abb_acs580_3_custom1');
INSERT INTO cell_argument VALUES('zodino_pns.zodino_pns_20.abb_acs580_3_custom1','zodino_pns.zodino_pns_20.abb_acs580_3.abb_acs580_3_custom1');
INSERT INTO cell VALUES('zodino_pns.zodino_pns_20.abb_acs580_3_custom2','zodino_pns.zodino_pns_20',NULL,'abb_acs580 №3. Пользовательский 2');
INSERT INTO cell_argument VALUES('zodino_pns.zodino_pns_20.abb_acs580_3_custom2','zodino_pns.zodino_pns_20.zodino_pns_20.abb_acs580_3_custom2');
INSERT INTO cell_argument VALUES('zodino_pns.zodino_pns_20.abb_acs580_3_custom2','zodino_pns.zodino_pns_20.abb_acs580_3.abb_acs580_3_custom2');
INSERT INTO cell VALUES('zodino_pns.zodino_pns_20.abb_acs580_3_custom3','zodino_pns.zodino_pns_20',NULL,'abb_acs580 №3. Пользовательский 3');
INSERT INTO cell_argument VALUES('zodino_pns.zodino_pns_20.abb_acs580_3_custom3','zodino_pns.zodino_pns_20.zodino_pns_20.abb_acs580_3_custom3');
INSERT INTO cell_argument VALUES('zodino_pns.zodino_pns_20.abb_acs580_3_custom3','zodino_pns.zodino_pns_20.abb_acs580_3.abb_acs580_3_custom3');
INSERT INTO cell VALUES('zodino_pns.zodino_pns_20.abb_acs580_3_custom4','zodino_pns.zodino_pns_20',NULL,'abb_acs580 №3. Пользовательский 4');
INSERT INTO cell_argument VALUES('zodino_pns.zodino_pns_20.abb_acs580_3_custom4','zodino_pns.zodino_pns_20.zodino_pns_20.abb_acs580_3_custom4');
INSERT INTO cell_argument VALUES('zodino_pns.zodino_pns_20.abb_acs580_3_custom4','zodino_pns.zodino_pns_20.abb_acs580_3.abb_acs580_3_custom4');
INSERT INTO cell VALUES('zodino_pns.zodino_pns_20.abb_acs580_3_common_alm','zodino_pns.zodino_pns_20',NULL,'abb_acs580 №3. Общая авария устройства');
INSERT INTO cell_argument VALUES('zodino_pns.zodino_pns_20.abb_acs580_3_common_alm','zodino_pns.zodino_pns_20.zodino_pns_20.abb_acs580_3_common_alm');
INSERT INTO cell_argument VALUES('zodino_pns.zodino_pns_20.abb_acs580_3_common_alm','zodino_pns.zodino_pns_20.abb_acs580_3.abb_acs580_3_common_alm');
INSERT INTO cell VALUES('zodino_pns.zodino_pns_20.abb_acs580_3_not_answer','zodino_pns.zodino_pns_20',NULL,'abb_acs580 №3. Устройство не отвечает');
INSERT INTO cell_argument VALUES('zodino_pns.zodino_pns_20.abb_acs580_3_not_answer','zodino_pns.zodino_pns_20.zodino_pns_20.abb_acs580_3_not_answer');
INSERT INTO cell_argument VALUES('zodino_pns.zodino_pns_20.abb_acs580_3_not_answer','zodino_pns.zodino_pns_20.abb_acs580_3.abb_acs580_3_not_answer');
INSERT INTO cell VALUES('zodino_pns.zodino_pns_20.abb_acs580_4_output_freq','zodino_pns.zodino_pns_20','zodino_pns.zodino_pns_20.one_percent','abb_acs580 №4. Выходная частота, Гц');
INSERT INTO cell_argument VALUES('zodino_pns.zodino_pns_20.abb_acs580_4_output_freq','zodino_pns.zodino_pns_20.zodino_pns_20.abb_acs580_4_output_freq');
INSERT INTO cell_argument VALUES('zodino_pns.zodino_pns_20.abb_acs580_4_output_freq','zodino_pns.zodino_pns_20.abb_acs580_4.abb_acs580_4_output_freq');
INSERT INTO cell VALUES('zodino_pns.zodino_pns_20.abb_acs580_4_speed_engine','zodino_pns.zodino_pns_20','zodino_pns.zodino_pns_20.one_percent','abb_acs580 №4. Скорость двигателя, об/мин');
INSERT INTO cell_argument VALUES('zodino_pns.zodino_pns_20.abb_acs580_4_speed_engine','zodino_pns.zodino_pns_20.zodino_pns_20.abb_acs580_4_speed_engine');
INSERT INTO cell_argument VALUES('zodino_pns.zodino_pns_20.abb_acs580_4_speed_engine','zodino_pns.zodino_pns_20.abb_acs580_4.abb_acs580_4_speed_engine');
INSERT INTO cell VALUES('zodino_pns.zodino_pns_20.abb_acs580_4_amperage_engine','zodino_pns.zodino_pns_20','zodino_pns.zodino_pns_20.one_percent','abb_acs580 №4. Ток двигателя, А');
INSERT INTO cell_argument VALUES('zodino_pns.zodino_pns_20.abb_acs580_4_amperage_engine','zodino_pns.zodino_pns_20.zodino_pns_20.abb_acs580_4_amperage_engine');
INSERT INTO cell_argument VALUES('zodino_pns.zodino_pns_20.abb_acs580_4_amperage_engine','zodino_pns.zodino_pns_20.abb_acs580_4.abb_acs580_4_amperage_engine');
INSERT INTO cell VALUES('zodino_pns.zodino_pns_20.abb_acs580_4_voltage_engine','zodino_pns.zodino_pns_20',NULL,'abb_acs580 №4. Выходное напряжение, В');
INSERT INTO cell_argument VALUES('zodino_pns.zodino_pns_20.abb_acs580_4_voltage_engine','zodino_pns.zodino_pns_20.zodino_pns_20.abb_acs580_4_voltage_engine');
INSERT INTO cell_argument VALUES('zodino_pns.zodino_pns_20.abb_acs580_4_voltage_engine','zodino_pns.zodino_pns_20.abb_acs580_4.abb_acs580_4_voltage_engine');
INSERT INTO cell VALUES('zodino_pns.zodino_pns_20.abb_acs580_4_power_engine','zodino_pns.zodino_pns_20','zodino_pns.zodino_pns_20.one_percent','abb_acs580 №4. Мощность двигателя, %');
INSERT INTO cell_argument VALUES('zodino_pns.zodino_pns_20.abb_acs580_4_power_engine','zodino_pns.zodino_pns_20.zodino_pns_20.abb_acs580_4_power_engine');
INSERT INTO cell_argument VALUES('zodino_pns.zodino_pns_20.abb_acs580_4_power_engine','zodino_pns.zodino_pns_20.abb_acs580_4.abb_acs580_4_power_engine');
INSERT INTO cell VALUES('zodino_pns.zodino_pns_20.abb_acs580_4_invertor_power_gigawatt','zodino_pns.zodino_pns_20',NULL,'abb_acs580 №4. Счетчик ГВт*ч инвертера, ГВт*ч');
INSERT INTO cell_argument VALUES('zodino_pns.zodino_pns_20.abb_acs580_4_invertor_power_gigawatt','zodino_pns.zodino_pns_20.zodino_pns_20.abb_acs580_4_invertor_power_gigawatt');
INSERT INTO cell_argument VALUES('zodino_pns.zodino_pns_20.abb_acs580_4_invertor_power_gigawatt','zodino_pns.zodino_pns_20.abb_acs580_4.abb_acs580_4_invertor_power_gigawatt');
INSERT INTO cell VALUES('zodino_pns.zodino_pns_20.abb_acs580_4_invertor_power_megawatt','zodino_pns.zodino_pns_20',NULL,'abb_acs580 №4. Счетчик МВт*ч инвертера, MВт*ч');
INSERT INTO cell_argument VALUES('zodino_pns.zodino_pns_20.abb_acs580_4_invertor_power_megawatt','zodino_pns.zodino_pns_20.zodino_pns_20.abb_acs580_4_invertor_power_megawatt');
INSERT INTO cell_argument VALUES('zodino_pns.zodino_pns_20.abb_acs580_4_invertor_power_megawatt','zodino_pns.zodino_pns_20.abb_acs580_4.abb_acs580_4_invertor_power_megawatt');
INSERT INTO cell VALUES('zodino_pns.zodino_pns_20.abb_acs580_4_invertor_power_kilowatt','zodino_pns.zodino_pns_20',NULL,'abb_acs580 №4. Счетчик кВт*ч инвертера, кВт*ч');
INSERT INTO cell_argument VALUES('zodino_pns.zodino_pns_20.abb_acs580_4_invertor_power_kilowatt','zodino_pns.zodino_pns_20.zodino_pns_20.abb_acs580_4_invertor_power_kilowatt');
INSERT INTO cell_argument VALUES('zodino_pns.zodino_pns_20.abb_acs580_4_invertor_power_kilowatt','zodino_pns.zodino_pns_20.abb_acs580_4.abb_acs580_4_invertor_power_kilowatt');
INSERT INTO cell VALUES('zodino_pns.zodino_pns_20.abb_acs580_4_disconnecion_reason','zodino_pns.zodino_pns_20',NULL,'abb_acs580 №4. Отказ, вызвавший отключения');
INSERT INTO cell_argument VALUES('zodino_pns.zodino_pns_20.abb_acs580_4_disconnecion_reason','zodino_pns.zodino_pns_20.zodino_pns_20.abb_acs580_4_disconnecion_reason');
INSERT INTO cell_argument VALUES('zodino_pns.zodino_pns_20.abb_acs580_4_disconnecion_reason','zodino_pns.zodino_pns_20.abb_acs580_4.abb_acs580_4_disconnecion_reason');
INSERT INTO cell VALUES('zodino_pns.zodino_pns_20.abb_acs580_4_fact_value','zodino_pns.zodino_pns_20','zodino_pns.zodino_pns_20.one_percent','abb_acs580 №4. Фактическое значение регулируемой величины');
INSERT INTO cell_argument VALUES('zodino_pns.zodino_pns_20.abb_acs580_4_fact_value','zodino_pns.zodino_pns_20.zodino_pns_20.abb_acs580_4_fact_value');
INSERT INTO cell_argument VALUES('zodino_pns.zodino_pns_20.abb_acs580_4_fact_value','zodino_pns.zodino_pns_20.abb_acs580_4.abb_acs580_4_fact_value');
INSERT INTO cell VALUES('zodino_pns.zodino_pns_20.abb_acs580_4_ready','zodino_pns.zodino_pns_20',NULL,'abb_acs580 №4. Готов к включению');
INSERT INTO cell_argument VALUES('zodino_pns.zodino_pns_20.abb_acs580_4_ready','zodino_pns.zodino_pns_20.zodino_pns_20.abb_acs580_4_ready');
INSERT INTO cell_argument VALUES('zodino_pns.zodino_pns_20.abb_acs580_4_ready','zodino_pns.zodino_pns_20.abb_acs580_4.abb_acs580_4_ready');
INSERT INTO cell VALUES('zodino_pns.zodino_pns_20.abb_acs580_4_ready_to_run','zodino_pns.zodino_pns_20',NULL,'abb_acs580 №4. Готов к пуску');
INSERT INTO cell_argument VALUES('zodino_pns.zodino_pns_20.abb_acs580_4_ready_to_run','zodino_pns.zodino_pns_20.zodino_pns_20.abb_acs580_4_ready_to_run');
INSERT INTO cell_argument VALUES('zodino_pns.zodino_pns_20.abb_acs580_4_ready_to_run','zodino_pns.zodino_pns_20.abb_acs580_4.abb_acs580_4_ready_to_run');
INSERT INTO cell VALUES('zodino_pns.zodino_pns_20.abb_acs580_4_ready_for_task','zodino_pns.zodino_pns_20',NULL,'abb_acs580 №4. Готов по заданию');
INSERT INTO cell_argument VALUES('zodino_pns.zodino_pns_20.abb_acs580_4_ready_for_task','zodino_pns.zodino_pns_20.zodino_pns_20.abb_acs580_4_ready_for_task');
INSERT INTO cell_argument VALUES('zodino_pns.zodino_pns_20.abb_acs580_4_ready_for_task','zodino_pns.zodino_pns_20.abb_acs580_4.abb_acs580_4_ready_for_task');
INSERT INTO cell VALUES('zodino_pns.zodino_pns_20.abb_acs580_4_rejection','zodino_pns.zodino_pns_20',NULL,'abb_acs580 №4. Отказ');
INSERT INTO cell_argument VALUES('zodino_pns.zodino_pns_20.abb_acs580_4_rejection','zodino_pns.zodino_pns_20.zodino_pns_20.abb_acs580_4_rejection');
INSERT INTO cell_argument VALUES('zodino_pns.zodino_pns_20.abb_acs580_4_rejection','zodino_pns.zodino_pns_20.abb_acs580_4.abb_acs580_4_rejection');
INSERT INTO cell VALUES('zodino_pns.zodino_pns_20.abb_acs580_4_switch_2_inactiv','zodino_pns.zodino_pns_20',NULL,'abb_acs580 №4. Выключатель 2 не активен');
INSERT INTO cell_argument VALUES('zodino_pns.zodino_pns_20.abb_acs580_4_switch_2_inactiv','zodino_pns.zodino_pns_20.zodino_pns_20.abb_acs580_4_switch_2_inactiv');
INSERT INTO cell_argument VALUES('zodino_pns.zodino_pns_20.abb_acs580_4_switch_2_inactiv','zodino_pns.zodino_pns_20.abb_acs580_4.abb_acs580_4_switch_2_inactiv');
INSERT INTO cell VALUES('zodino_pns.zodino_pns_20.abb_acs580_4_switch_3_inactiv','zodino_pns.zodino_pns_20',NULL,'abb_acs580 №4. Выключатель 3 не активен');
INSERT INTO cell_argument VALUES('zodino_pns.zodino_pns_20.abb_acs580_4_switch_3_inactiv','zodino_pns.zodino_pns_20.zodino_pns_20.abb_acs580_4_switch_3_inactiv');
INSERT INTO cell_argument VALUES('zodino_pns.zodino_pns_20.abb_acs580_4_switch_3_inactiv','zodino_pns.zodino_pns_20.abb_acs580_4.abb_acs580_4_switch_3_inactiv');
INSERT INTO cell VALUES('zodino_pns.zodino_pns_20.abb_acs580_4_forbid_to_on','zodino_pns.zodino_pns_20',NULL,'abb_acs580 №4. Включение запрещено');
INSERT INTO cell_argument VALUES('zodino_pns.zodino_pns_20.abb_acs580_4_forbid_to_on','zodino_pns.zodino_pns_20.zodino_pns_20.abb_acs580_4_forbid_to_on');
INSERT INTO cell_argument VALUES('zodino_pns.zodino_pns_20.abb_acs580_4_forbid_to_on','zodino_pns.zodino_pns_20.abb_acs580_4.abb_acs580_4_forbid_to_on');
INSERT INTO cell VALUES('zodino_pns.zodino_pns_20.abb_acs580_4_alert','zodino_pns.zodino_pns_20',NULL,'abb_acs580 №4. Предупреждение');
INSERT INTO cell_argument VALUES('zodino_pns.zodino_pns_20.abb_acs580_4_alert','zodino_pns.zodino_pns_20.zodino_pns_20.abb_acs580_4_alert');
INSERT INTO cell_argument VALUES('zodino_pns.zodino_pns_20.abb_acs580_4_alert','zodino_pns.zodino_pns_20.abb_acs580_4.abb_acs580_4_alert');
INSERT INTO cell VALUES('zodino_pns.zodino_pns_20.abb_acs580_4_drive_on_setting','zodino_pns.zodino_pns_20',NULL,'abb_acs580 №4. Привод на уставке');
INSERT INTO cell_argument VALUES('zodino_pns.zodino_pns_20.abb_acs580_4_drive_on_setting','zodino_pns.zodino_pns_20.zodino_pns_20.abb_acs580_4_drive_on_setting');
INSERT INTO cell_argument VALUES('zodino_pns.zodino_pns_20.abb_acs580_4_drive_on_setting','zodino_pns.zodino_pns_20.abb_acs580_4.abb_acs580_4_drive_on_setting');
INSERT INTO cell VALUES('zodino_pns.zodino_pns_20.abb_acs580_4_remote_mode','zodino_pns.zodino_pns_20',NULL,'abb_acs580 №4. Режим управление - дистанционный');
INSERT INTO cell_argument VALUES('zodino_pns.zodino_pns_20.abb_acs580_4_remote_mode','zodino_pns.zodino_pns_20.zodino_pns_20.abb_acs580_4_remote_mode');
INSERT INTO cell_argument VALUES('zodino_pns.zodino_pns_20.abb_acs580_4_remote_mode','zodino_pns.zodino_pns_20.abb_acs580_4.abb_acs580_4_remote_mode');
INSERT INTO cell VALUES('zodino_pns.zodino_pns_20.abb_acs580_4_too_high_speed_or_frequency','zodino_pns.zodino_pns_20',NULL,'abb_acs580 №4. Превышено ограничение скорости/частоты');
INSERT INTO cell_argument VALUES('zodino_pns.zodino_pns_20.abb_acs580_4_too_high_speed_or_frequency','zodino_pns.zodino_pns_20.zodino_pns_20.abb_acs580_4_too_high_speed_or_frequency');
INSERT INTO cell_argument VALUES('zodino_pns.zodino_pns_20.abb_acs580_4_too_high_speed_or_frequency','zodino_pns.zodino_pns_20.abb_acs580_4.abb_acs580_4_too_high_speed_or_frequency');
INSERT INTO cell VALUES('zodino_pns.zodino_pns_20.abb_acs580_4_custom1','zodino_pns.zodino_pns_20',NULL,'abb_acs580 №4. Пользовательский 1');
INSERT INTO cell_argument VALUES('zodino_pns.zodino_pns_20.abb_acs580_4_custom1','zodino_pns.zodino_pns_20.zodino_pns_20.abb_acs580_4_custom1');
INSERT INTO cell_argument VALUES('zodino_pns.zodino_pns_20.abb_acs580_4_custom1','zodino_pns.zodino_pns_20.abb_acs580_4.abb_acs580_4_custom1');
INSERT INTO cell VALUES('zodino_pns.zodino_pns_20.abb_acs580_4_custom2','zodino_pns.zodino_pns_20',NULL,'abb_acs580 №4. Пользовательский 2');
INSERT INTO cell_argument VALUES('zodino_pns.zodino_pns_20.abb_acs580_4_custom2','zodino_pns.zodino_pns_20.zodino_pns_20.abb_acs580_4_custom2');
INSERT INTO cell_argument VALUES('zodino_pns.zodino_pns_20.abb_acs580_4_custom2','zodino_pns.zodino_pns_20.abb_acs580_4.abb_acs580_4_custom2');
INSERT INTO cell VALUES('zodino_pns.zodino_pns_20.abb_acs580_4_custom3','zodino_pns.zodino_pns_20',NULL,'abb_acs580 №4. Пользовательский 3');
INSERT INTO cell_argument VALUES('zodino_pns.zodino_pns_20.abb_acs580_4_custom3','zodino_pns.zodino_pns_20.zodino_pns_20.abb_acs580_4_custom3');
INSERT INTO cell_argument VALUES('zodino_pns.zodino_pns_20.abb_acs580_4_custom3','zodino_pns.zodino_pns_20.abb_acs580_4.abb_acs580_4_custom3');
INSERT INTO cell VALUES('zodino_pns.zodino_pns_20.abb_acs580_4_custom4','zodino_pns.zodino_pns_20',NULL,'abb_acs580 №4. Пользовательский 4');
INSERT INTO cell_argument VALUES('zodino_pns.zodino_pns_20.abb_acs580_4_custom4','zodino_pns.zodino_pns_20.zodino_pns_20.abb_acs580_4_custom4');
INSERT INTO cell_argument VALUES('zodino_pns.zodino_pns_20.abb_acs580_4_custom4','zodino_pns.zodino_pns_20.abb_acs580_4.abb_acs580_4_custom4');
INSERT INTO cell VALUES('zodino_pns.zodino_pns_20.abb_acs580_4_common_alm','zodino_pns.zodino_pns_20',NULL,'abb_acs580 №4. Общая авария устройства');
INSERT INTO cell_argument VALUES('zodino_pns.zodino_pns_20.abb_acs580_4_common_alm','zodino_pns.zodino_pns_20.zodino_pns_20.abb_acs580_4_common_alm');
INSERT INTO cell_argument VALUES('zodino_pns.zodino_pns_20.abb_acs580_4_common_alm','zodino_pns.zodino_pns_20.abb_acs580_4.abb_acs580_4_common_alm');
INSERT INTO cell VALUES('zodino_pns.zodino_pns_20.abb_acs580_4_not_answer','zodino_pns.zodino_pns_20',NULL,'abb_acs580 №4. Устройство не отвечает');
INSERT INTO cell_argument VALUES('zodino_pns.zodino_pns_20.abb_acs580_4_not_answer','zodino_pns.zodino_pns_20.zodino_pns_20.abb_acs580_4_not_answer');
INSERT INTO cell_argument VALUES('zodino_pns.zodino_pns_20.abb_acs580_4_not_answer','zodino_pns.zodino_pns_20.abb_acs580_4.abb_acs580_4_not_answer');
INSERT INTO cell VALUES('zodino_pns.zodino_pns_20.abb_acs580_5_output_freq','zodino_pns.zodino_pns_20','zodino_pns.zodino_pns_20.one_percent','abb_acs580 №5. Выходная частота, Гц');
INSERT INTO cell_argument VALUES('zodino_pns.zodino_pns_20.abb_acs580_5_output_freq','zodino_pns.zodino_pns_20.zodino_pns_20.abb_acs580_5_output_freq');
INSERT INTO cell_argument VALUES('zodino_pns.zodino_pns_20.abb_acs580_5_output_freq','zodino_pns.zodino_pns_20.abb_acs580_5.abb_acs580_5_output_freq');
INSERT INTO cell VALUES('zodino_pns.zodino_pns_20.abb_acs580_5_speed_engine','zodino_pns.zodino_pns_20','zodino_pns.zodino_pns_20.one_percent','abb_acs580 №5. Скорость двигателя, об/мин');
INSERT INTO cell_argument VALUES('zodino_pns.zodino_pns_20.abb_acs580_5_speed_engine','zodino_pns.zodino_pns_20.zodino_pns_20.abb_acs580_5_speed_engine');
INSERT INTO cell_argument VALUES('zodino_pns.zodino_pns_20.abb_acs580_5_speed_engine','zodino_pns.zodino_pns_20.abb_acs580_5.abb_acs580_5_speed_engine');
INSERT INTO cell VALUES('zodino_pns.zodino_pns_20.abb_acs580_5_amperage_engine','zodino_pns.zodino_pns_20','zodino_pns.zodino_pns_20.one_percent','abb_acs580 №5. Ток двигателя, А');
INSERT INTO cell_argument VALUES('zodino_pns.zodino_pns_20.abb_acs580_5_amperage_engine','zodino_pns.zodino_pns_20.zodino_pns_20.abb_acs580_5_amperage_engine');
INSERT INTO cell_argument VALUES('zodino_pns.zodino_pns_20.abb_acs580_5_amperage_engine','zodino_pns.zodino_pns_20.abb_acs580_5.abb_acs580_5_amperage_engine');
INSERT INTO cell VALUES('zodino_pns.zodino_pns_20.abb_acs580_5_voltage_engine','zodino_pns.zodino_pns_20',NULL,'abb_acs580 №5. Выходное напряжение, В');
INSERT INTO cell_argument VALUES('zodino_pns.zodino_pns_20.abb_acs580_5_voltage_engine','zodino_pns.zodino_pns_20.zodino_pns_20.abb_acs580_5_voltage_engine');
INSERT INTO cell_argument VALUES('zodino_pns.zodino_pns_20.abb_acs580_5_voltage_engine','zodino_pns.zodino_pns_20.abb_acs580_5.abb_acs580_5_voltage_engine');
INSERT INTO cell VALUES('zodino_pns.zodino_pns_20.abb_acs580_5_power_engine','zodino_pns.zodino_pns_20','zodino_pns.zodino_pns_20.one_percent','abb_acs580 №5. Мощность двигателя, %');
INSERT INTO cell_argument VALUES('zodino_pns.zodino_pns_20.abb_acs580_5_power_engine','zodino_pns.zodino_pns_20.zodino_pns_20.abb_acs580_5_power_engine');
INSERT INTO cell_argument VALUES('zodino_pns.zodino_pns_20.abb_acs580_5_power_engine','zodino_pns.zodino_pns_20.abb_acs580_5.abb_acs580_5_power_engine');
INSERT INTO cell VALUES('zodino_pns.zodino_pns_20.abb_acs580_5_invertor_power_gigawatt','zodino_pns.zodino_pns_20',NULL,'abb_acs580 №5. Счетчик ГВт*ч инвертера, ГВт*ч');
INSERT INTO cell_argument VALUES('zodino_pns.zodino_pns_20.abb_acs580_5_invertor_power_gigawatt','zodino_pns.zodino_pns_20.zodino_pns_20.abb_acs580_5_invertor_power_gigawatt');
INSERT INTO cell_argument VALUES('zodino_pns.zodino_pns_20.abb_acs580_5_invertor_power_gigawatt','zodino_pns.zodino_pns_20.abb_acs580_5.abb_acs580_5_invertor_power_gigawatt');
INSERT INTO cell VALUES('zodino_pns.zodino_pns_20.abb_acs580_5_invertor_power_megawatt','zodino_pns.zodino_pns_20',NULL,'abb_acs580 №5. Счетчик МВт*ч инвертера, MВт*ч');
INSERT INTO cell_argument VALUES('zodino_pns.zodino_pns_20.abb_acs580_5_invertor_power_megawatt','zodino_pns.zodino_pns_20.zodino_pns_20.abb_acs580_5_invertor_power_megawatt');
INSERT INTO cell_argument VALUES('zodino_pns.zodino_pns_20.abb_acs580_5_invertor_power_megawatt','zodino_pns.zodino_pns_20.abb_acs580_5.abb_acs580_5_invertor_power_megawatt');
INSERT INTO cell VALUES('zodino_pns.zodino_pns_20.abb_acs580_5_invertor_power_kilowatt','zodino_pns.zodino_pns_20',NULL,'abb_acs580 №5. Счетчик кВт*ч инвертера, кВт*ч');
INSERT INTO cell_argument VALUES('zodino_pns.zodino_pns_20.abb_acs580_5_invertor_power_kilowatt','zodino_pns.zodino_pns_20.zodino_pns_20.abb_acs580_5_invertor_power_kilowatt');
INSERT INTO cell_argument VALUES('zodino_pns.zodino_pns_20.abb_acs580_5_invertor_power_kilowatt','zodino_pns.zodino_pns_20.abb_acs580_5.abb_acs580_5_invertor_power_kilowatt');
INSERT INTO cell VALUES('zodino_pns.zodino_pns_20.abb_acs580_5_disconnecion_reason','zodino_pns.zodino_pns_20',NULL,'abb_acs580 №5. Отказ, вызвавший отключения');
INSERT INTO cell_argument VALUES('zodino_pns.zodino_pns_20.abb_acs580_5_disconnecion_reason','zodino_pns.zodino_pns_20.zodino_pns_20.abb_acs580_5_disconnecion_reason');
INSERT INTO cell_argument VALUES('zodino_pns.zodino_pns_20.abb_acs580_5_disconnecion_reason','zodino_pns.zodino_pns_20.abb_acs580_5.abb_acs580_5_disconnecion_reason');
INSERT INTO cell VALUES('zodino_pns.zodino_pns_20.abb_acs580_5_fact_value','zodino_pns.zodino_pns_20','zodino_pns.zodino_pns_20.one_percent','abb_acs580 №5. Фактическое значение регулируемой величины');
INSERT INTO cell_argument VALUES('zodino_pns.zodino_pns_20.abb_acs580_5_fact_value','zodino_pns.zodino_pns_20.zodino_pns_20.abb_acs580_5_fact_value');
INSERT INTO cell_argument VALUES('zodino_pns.zodino_pns_20.abb_acs580_5_fact_value','zodino_pns.zodino_pns_20.abb_acs580_5.abb_acs580_5_fact_value');
INSERT INTO cell VALUES('zodino_pns.zodino_pns_20.abb_acs580_5_ready','zodino_pns.zodino_pns_20',NULL,'abb_acs580 №5. Готов к включению');
INSERT INTO cell_argument VALUES('zodino_pns.zodino_pns_20.abb_acs580_5_ready','zodino_pns.zodino_pns_20.zodino_pns_20.abb_acs580_5_ready');
INSERT INTO cell_argument VALUES('zodino_pns.zodino_pns_20.abb_acs580_5_ready','zodino_pns.zodino_pns_20.abb_acs580_5.abb_acs580_5_ready');
INSERT INTO cell VALUES('zodino_pns.zodino_pns_20.abb_acs580_5_ready_to_run','zodino_pns.zodino_pns_20',NULL,'abb_acs580 №5. Готов к пуску');
INSERT INTO cell_argument VALUES('zodino_pns.zodino_pns_20.abb_acs580_5_ready_to_run','zodino_pns.zodino_pns_20.zodino_pns_20.abb_acs580_5_ready_to_run');
INSERT INTO cell_argument VALUES('zodino_pns.zodino_pns_20.abb_acs580_5_ready_to_run','zodino_pns.zodino_pns_20.abb_acs580_5.abb_acs580_5_ready_to_run');
INSERT INTO cell VALUES('zodino_pns.zodino_pns_20.abb_acs580_5_ready_for_task','zodino_pns.zodino_pns_20',NULL,'abb_acs580 №5. Готов по заданию');
INSERT INTO cell_argument VALUES('zodino_pns.zodino_pns_20.abb_acs580_5_ready_for_task','zodino_pns.zodino_pns_20.zodino_pns_20.abb_acs580_5_ready_for_task');
INSERT INTO cell_argument VALUES('zodino_pns.zodino_pns_20.abb_acs580_5_ready_for_task','zodino_pns.zodino_pns_20.abb_acs580_5.abb_acs580_5_ready_for_task');
INSERT INTO cell VALUES('zodino_pns.zodino_pns_20.abb_acs580_5_rejection','zodino_pns.zodino_pns_20',NULL,'abb_acs580 №5. Отказ');
INSERT INTO cell_argument VALUES('zodino_pns.zodino_pns_20.abb_acs580_5_rejection','zodino_pns.zodino_pns_20.zodino_pns_20.abb_acs580_5_rejection');
INSERT INTO cell_argument VALUES('zodino_pns.zodino_pns_20.abb_acs580_5_rejection','zodino_pns.zodino_pns_20.abb_acs580_5.abb_acs580_5_rejection');
INSERT INTO cell VALUES('zodino_pns.zodino_pns_20.abb_acs580_5_switch_2_inactiv','zodino_pns.zodino_pns_20',NULL,'abb_acs580 №5. Выключатель 2 не активен');
INSERT INTO cell_argument VALUES('zodino_pns.zodino_pns_20.abb_acs580_5_switch_2_inactiv','zodino_pns.zodino_pns_20.zodino_pns_20.abb_acs580_5_switch_2_inactiv');
INSERT INTO cell_argument VALUES('zodino_pns.zodino_pns_20.abb_acs580_5_switch_2_inactiv','zodino_pns.zodino_pns_20.abb_acs580_5.abb_acs580_5_switch_2_inactiv');
INSERT INTO cell VALUES('zodino_pns.zodino_pns_20.abb_acs580_5_switch_3_inactiv','zodino_pns.zodino_pns_20',NULL,'abb_acs580 №5. Выключатель 3 не активен');
INSERT INTO cell_argument VALUES('zodino_pns.zodino_pns_20.abb_acs580_5_switch_3_inactiv','zodino_pns.zodino_pns_20.zodino_pns_20.abb_acs580_5_switch_3_inactiv');
INSERT INTO cell_argument VALUES('zodino_pns.zodino_pns_20.abb_acs580_5_switch_3_inactiv','zodino_pns.zodino_pns_20.abb_acs580_5.abb_acs580_5_switch_3_inactiv');
INSERT INTO cell VALUES('zodino_pns.zodino_pns_20.abb_acs580_5_forbid_to_on','zodino_pns.zodino_pns_20',NULL,'abb_acs580 №5. Включение запрещено');
INSERT INTO cell_argument VALUES('zodino_pns.zodino_pns_20.abb_acs580_5_forbid_to_on','zodino_pns.zodino_pns_20.zodino_pns_20.abb_acs580_5_forbid_to_on');
INSERT INTO cell_argument VALUES('zodino_pns.zodino_pns_20.abb_acs580_5_forbid_to_on','zodino_pns.zodino_pns_20.abb_acs580_5.abb_acs580_5_forbid_to_on');
INSERT INTO cell VALUES('zodino_pns.zodino_pns_20.abb_acs580_5_alert','zodino_pns.zodino_pns_20',NULL,'abb_acs580 №5. Предупреждение');
INSERT INTO cell_argument VALUES('zodino_pns.zodino_pns_20.abb_acs580_5_alert','zodino_pns.zodino_pns_20.zodino_pns_20.abb_acs580_5_alert');
INSERT INTO cell_argument VALUES('zodino_pns.zodino_pns_20.abb_acs580_5_alert','zodino_pns.zodino_pns_20.abb_acs580_5.abb_acs580_5_alert');
INSERT INTO cell VALUES('zodino_pns.zodino_pns_20.abb_acs580_5_drive_on_setting','zodino_pns.zodino_pns_20',NULL,'abb_acs580 №5. Привод на уставке');
INSERT INTO cell_argument VALUES('zodino_pns.zodino_pns_20.abb_acs580_5_drive_on_setting','zodino_pns.zodino_pns_20.zodino_pns_20.abb_acs580_5_drive_on_setting');
INSERT INTO cell_argument VALUES('zodino_pns.zodino_pns_20.abb_acs580_5_drive_on_setting','zodino_pns.zodino_pns_20.abb_acs580_5.abb_acs580_5_drive_on_setting');
INSERT INTO cell VALUES('zodino_pns.zodino_pns_20.abb_acs580_5_remote_mode','zodino_pns.zodino_pns_20',NULL,'abb_acs580 №5. Режим управление - дистанционный');
INSERT INTO cell_argument VALUES('zodino_pns.zodino_pns_20.abb_acs580_5_remote_mode','zodino_pns.zodino_pns_20.zodino_pns_20.abb_acs580_5_remote_mode');
INSERT INTO cell_argument VALUES('zodino_pns.zodino_pns_20.abb_acs580_5_remote_mode','zodino_pns.zodino_pns_20.abb_acs580_5.abb_acs580_5_remote_mode');
INSERT INTO cell VALUES('zodino_pns.zodino_pns_20.abb_acs580_5_too_high_speed_or_frequency','zodino_pns.zodino_pns_20',NULL,'abb_acs580 №5. Превышено ограничение скорости/частоты');
INSERT INTO cell_argument VALUES('zodino_pns.zodino_pns_20.abb_acs580_5_too_high_speed_or_frequency','zodino_pns.zodino_pns_20.zodino_pns_20.abb_acs580_5_too_high_speed_or_frequency');
INSERT INTO cell_argument VALUES('zodino_pns.zodino_pns_20.abb_acs580_5_too_high_speed_or_frequency','zodino_pns.zodino_pns_20.abb_acs580_5.abb_acs580_5_too_high_speed_or_frequency');
INSERT INTO cell VALUES('zodino_pns.zodino_pns_20.abb_acs580_5_custom1','zodino_pns.zodino_pns_20',NULL,'abb_acs580 №5. Пользовательский 1');
INSERT INTO cell_argument VALUES('zodino_pns.zodino_pns_20.abb_acs580_5_custom1','zodino_pns.zodino_pns_20.zodino_pns_20.abb_acs580_5_custom1');
INSERT INTO cell_argument VALUES('zodino_pns.zodino_pns_20.abb_acs580_5_custom1','zodino_pns.zodino_pns_20.abb_acs580_5.abb_acs580_5_custom1');
INSERT INTO cell VALUES('zodino_pns.zodino_pns_20.abb_acs580_5_custom2','zodino_pns.zodino_pns_20',NULL,'abb_acs580 №5. Пользовательский 2');
INSERT INTO cell_argument VALUES('zodino_pns.zodino_pns_20.abb_acs580_5_custom2','zodino_pns.zodino_pns_20.zodino_pns_20.abb_acs580_5_custom2');
INSERT INTO cell_argument VALUES('zodino_pns.zodino_pns_20.abb_acs580_5_custom2','zodino_pns.zodino_pns_20.abb_acs580_5.abb_acs580_5_custom2');
INSERT INTO cell VALUES('zodino_pns.zodino_pns_20.abb_acs580_5_custom3','zodino_pns.zodino_pns_20',NULL,'abb_acs580 №5. Пользовательский 3');
INSERT INTO cell_argument VALUES('zodino_pns.zodino_pns_20.abb_acs580_5_custom3','zodino_pns.zodino_pns_20.zodino_pns_20.abb_acs580_5_custom3');
INSERT INTO cell_argument VALUES('zodino_pns.zodino_pns_20.abb_acs580_5_custom3','zodino_pns.zodino_pns_20.abb_acs580_5.abb_acs580_5_custom3');
INSERT INTO cell VALUES('zodino_pns.zodino_pns_20.abb_acs580_5_custom4','zodino_pns.zodino_pns_20',NULL,'abb_acs580 №5. Пользовательский 4');
INSERT INTO cell_argument VALUES('zodino_pns.zodino_pns_20.abb_acs580_5_custom4','zodino_pns.zodino_pns_20.zodino_pns_20.abb_acs580_5_custom4');
INSERT INTO cell_argument VALUES('zodino_pns.zodino_pns_20.abb_acs580_5_custom4','zodino_pns.zodino_pns_20.abb_acs580_5.abb_acs580_5_custom4');
INSERT INTO cell VALUES('zodino_pns.zodino_pns_20.abb_acs580_5_common_alm','zodino_pns.zodino_pns_20',NULL,'abb_acs580 №5. Общая авария устройства');
INSERT INTO cell_argument VALUES('zodino_pns.zodino_pns_20.abb_acs580_5_common_alm','zodino_pns.zodino_pns_20.zodino_pns_20.abb_acs580_5_common_alm');
INSERT INTO cell_argument VALUES('zodino_pns.zodino_pns_20.abb_acs580_5_common_alm','zodino_pns.zodino_pns_20.abb_acs580_5.abb_acs580_5_common_alm');
INSERT INTO cell VALUES('zodino_pns.zodino_pns_20.abb_acs580_5_not_answer','zodino_pns.zodino_pns_20',NULL,'abb_acs580 №5. Устройство не отвечает');
INSERT INTO cell_argument VALUES('zodino_pns.zodino_pns_20.abb_acs580_5_not_answer','zodino_pns.zodino_pns_20.zodino_pns_20.abb_acs580_5_not_answer');
INSERT INTO cell_argument VALUES('zodino_pns.zodino_pns_20.abb_acs580_5_not_answer','zodino_pns.zodino_pns_20.abb_acs580_5.abb_acs580_5_not_answer');
INSERT INTO cell VALUES('zodino_pns.zodino_pns_20.alm_time_incorrect','zodino_pns.zodino_pns_20',NULL,'Время некорректно');
INSERT INTO cell_argument VALUES('zodino_pns.zodino_pns_20.alm_time_incorrect','zodino_pns.zodino_pns_20.zodino_pns_20.alm_time_incorrect');
INSERT INTO cell VALUES('zodino_pns.zodino_pns_20.alm_water','zodino_pns.zodino_pns_20',NULL,'Затопление');
INSERT INTO cell_argument VALUES('zodino_pns.zodino_pns_20.alm_water','zodino_pns.zodino_pns_20.zodino_pns_20.alm_water');
INSERT INTO cell VALUES('zodino_pns.zodino_pns_20.alm_nsd','zodino_pns.zodino_pns_20',NULL,'НСД');
INSERT INTO cell_argument VALUES('zodino_pns.zodino_pns_20.alm_nsd','zodino_pns.zodino_pns_20.zodino_pns_20.alm_nsd');
INSERT INTO cell VALUES('zodino_pns.zodino_pns_20.alm_power','zodino_pns.zodino_pns_20',NULL,'Авария ИБП');
INSERT INTO cell_argument VALUES('zodino_pns.zodino_pns_20.alm_power','zodino_pns.zodino_pns_20.zodino_pns_20.alm_power');
INSERT INTO cell VALUES('zodino_pns.zodino_pns_20.alm_block_di1_not_answer','zodino_pns.zodino_pns_20',NULL,'Блок Di1 не отвечает');
INSERT INTO cell_argument VALUES('zodino_pns.zodino_pns_20.alm_block_di1_not_answer','zodino_pns.zodino_pns_20.zodino_pns_20.alm_block_di1_not_answer');
INSERT INTO cell VALUES('zodino_pns.zodino_pns_20.alm_block_di2_not_answer','zodino_pns.zodino_pns_20',NULL,'Блок Di2 не отвечает');
INSERT INTO cell_argument VALUES('zodino_pns.zodino_pns_20.alm_block_di2_not_answer','zodino_pns.zodino_pns_20.zodino_pns_20.alm_block_di2_not_answer');
INSERT INTO cell VALUES('zodino_pns.zodino_pns_20.alm_block_do1_not_answer','zodino_pns.zodino_pns_20',NULL,'Блок Do1 не отвечает');
INSERT INTO cell_argument VALUES('zodino_pns.zodino_pns_20.alm_block_do1_not_answer','zodino_pns.zodino_pns_20.zodino_pns_20.alm_block_do1_not_answer');
INSERT INTO cell VALUES('zodino_pns.zodino_pns_20.alm_block_rs485_1_not_answer','zodino_pns.zodino_pns_20',NULL,'Блок RS485 №1 не отвечает');
INSERT INTO cell_argument VALUES('zodino_pns.zodino_pns_20.alm_block_rs485_1_not_answer','zodino_pns.zodino_pns_20.zodino_pns_20.alm_block_rs485_1_not_answer');
INSERT INTO cell VALUES('zodino_pns.zodino_pns_20.alm_block_rs485_2_not_answer','zodino_pns.zodino_pns_20',NULL,'Блок RS485 №2 не отвечает');
INSERT INTO cell_argument VALUES('zodino_pns.zodino_pns_20.alm_block_rs485_2_not_answer','zodino_pns.zodino_pns_20.zodino_pns_20.alm_block_rs485_2_not_answer');
INSERT INTO cell VALUES('zodino_pns.zodino_pns_20.mode_alm_nsd','zodino_pns.zodino_pns_20',NULL,'Режим обработки НСД ');
INSERT INTO cell_argument VALUES('zodino_pns.zodino_pns_20.mode_alm_nsd','zodino_pns.zodino_pns_20.zodino_pns_20.mode_alm_nsd');
INSERT INTO cell VALUES('zodino_pns.zodino_pns_20.p1_mode','zodino_pns.zodino_pns_20',NULL,'Режим работы Н1 (1 – авто; 0 – ручной)');
INSERT INTO cell_argument VALUES('zodino_pns.zodino_pns_20.p1_mode','zodino_pns.zodino_pns_20.zodino_pns_20.p1_mode');
INSERT INTO cell VALUES('zodino_pns.zodino_pns_20.p2_mode','zodino_pns.zodino_pns_20',NULL,'Режим работы Н2 (1 – авто; 0 – ручной)');
INSERT INTO cell_argument VALUES('zodino_pns.zodino_pns_20.p2_mode','zodino_pns.zodino_pns_20.zodino_pns_20.p2_mode');
INSERT INTO cell VALUES('zodino_pns.zodino_pns_20.p3_mode','zodino_pns.zodino_pns_20',NULL,'Режим работы Н3 (1 – авто; 0 – ручной)');
INSERT INTO cell_argument VALUES('zodino_pns.zodino_pns_20.p3_mode','zodino_pns.zodino_pns_20.zodino_pns_20.p3_mode');
INSERT INTO cell VALUES('zodino_pns.zodino_pns_20.p4_mode','zodino_pns.zodino_pns_20',NULL,'Режим работы Н4 (1 – авто; 0 – ручной)');
INSERT INTO cell_argument VALUES('zodino_pns.zodino_pns_20.p4_mode','zodino_pns.zodino_pns_20.zodino_pns_20.p4_mode');
INSERT INTO cell VALUES('zodino_pns.zodino_pns_20.p5_mode','zodino_pns.zodino_pns_20',NULL,'Режим работы Н5 (1 – авто; 0 – ручной)');
INSERT INTO cell_argument VALUES('zodino_pns.zodino_pns_20.p5_mode','zodino_pns.zodino_pns_20.zodino_pns_20.p5_mode');
INSERT INTO cell VALUES('zodino_pns.zodino_pns_20.time_work_p1_minute','zodino_pns.zodino_pns_20',NULL,'Наработка насоса 1(мин)');
INSERT INTO cell_argument VALUES('zodino_pns.zodino_pns_20.time_work_p1_minute','zodino_pns.zodino_pns_20.zodino_pns_20.time_work_p1_minute');
INSERT INTO cell VALUES('zodino_pns.zodino_pns_20.time_work_p2_minute','zodino_pns.zodino_pns_20',NULL,'Наработка насоса 2(мин)');
INSERT INTO cell_argument VALUES('zodino_pns.zodino_pns_20.time_work_p2_minute','zodino_pns.zodino_pns_20.zodino_pns_20.time_work_p2_minute');
INSERT INTO cell VALUES('zodino_pns.zodino_pns_20.time_work_p3_minute','zodino_pns.zodino_pns_20',NULL,'Наработка насоса 3(мин)');
INSERT INTO cell_argument VALUES('zodino_pns.zodino_pns_20.time_work_p3_minute','zodino_pns.zodino_pns_20.zodino_pns_20.time_work_p3_minute');
INSERT INTO cell VALUES('zodino_pns.zodino_pns_20.time_work_p4_minute','zodino_pns.zodino_pns_20',NULL,'Наработка насоса 4(мин)');
INSERT INTO cell_argument VALUES('zodino_pns.zodino_pns_20.time_work_p4_minute','zodino_pns.zodino_pns_20.zodino_pns_20.time_work_p4_minute');
INSERT INTO cell VALUES('zodino_pns.zodino_pns_20.time_work_p5_minute','zodino_pns.zodino_pns_20',NULL,'Наработка насоса 5(мин)');
INSERT INTO cell_argument VALUES('zodino_pns.zodino_pns_20.time_work_p5_minute','zodino_pns.zodino_pns_20.zodino_pns_20.time_work_p5_minute');
INSERT INTO cell VALUES('zodino_pns.zodino_pns_20.time_work_p1_hour','zodino_pns.zodino_pns_20',NULL,'Наработка насоса 1(часы)');
INSERT INTO cell_argument VALUES('zodino_pns.zodino_pns_20.time_work_p1_hour','zodino_pns.zodino_pns_20.zodino_pns_20.time_work_p1_hour');
INSERT INTO cell VALUES('zodino_pns.zodino_pns_20.time_work_p2_hour','zodino_pns.zodino_pns_20',NULL,'Наработка насоса 2(часы)');
INSERT INTO cell_argument VALUES('zodino_pns.zodino_pns_20.time_work_p2_hour','zodino_pns.zodino_pns_20.zodino_pns_20.time_work_p2_hour');
INSERT INTO cell VALUES('zodino_pns.zodino_pns_20.time_work_p3_hour','zodino_pns.zodino_pns_20',NULL,'Наработка насоса 3(часы)');
INSERT INTO cell_argument VALUES('zodino_pns.zodino_pns_20.time_work_p3_hour','zodino_pns.zodino_pns_20.zodino_pns_20.time_work_p3_hour');
INSERT INTO cell VALUES('zodino_pns.zodino_pns_20.time_work_p4_hour','zodino_pns.zodino_pns_20',NULL,'Наработка насоса 4(часы)');
INSERT INTO cell_argument VALUES('zodino_pns.zodino_pns_20.time_work_p4_hour','zodino_pns.zodino_pns_20.zodino_pns_20.time_work_p4_hour');
INSERT INTO cell VALUES('zodino_pns.zodino_pns_20.time_work_p5_hour','zodino_pns.zodino_pns_20',NULL,'Наработка насоса 5(часы)');
INSERT INTO cell_argument VALUES('zodino_pns.zodino_pns_20.time_work_p5_hour','zodino_pns.zodino_pns_20.zodino_pns_20.time_work_p5_hour');
INSERT INTO cell VALUES('zodino_pns.zodino_pns_20.num_main_pump','zodino_pns.zodino_pns_20',NULL,'Номер насоса с ПЧТ (1-5)');
INSERT INTO cell_argument VALUES('zodino_pns.zodino_pns_20.num_main_pump','zodino_pns.zodino_pns_20.zodino_pns_20.num_main_pump');
INSERT INTO cell VALUES('zodino_pns.zodino_pns_20.correction_to_fc_task','zodino_pns.zodino_pns_20','zodino_pns.zodino_pns_20.fc','Поправка к заданию ПЧТ');
INSERT INTO cell_argument VALUES('zodino_pns.zodino_pns_20.correction_to_fc_task','zodino_pns.zodino_pns_20.zodino_pns_20.correction_to_fc_task');
INSERT INTO cell VALUES('zodino_pns.zodino_pns_20.mode_autokeep_ps','zodino_pns.zodino_pns_20',NULL,'Режим поддержания давления');
INSERT INTO cell_argument VALUES('zodino_pns.zodino_pns_20.mode_autokeep_ps','zodino_pns.zodino_pns_20.zodino_pns_20.mode_autokeep_ps');
INSERT INTO cell VALUES('zodino_pns.zodino_pns_20.p1_use','zodino_pns.zodino_pns_20',NULL,'Использовать насос 1');
INSERT INTO cell_argument VALUES('zodino_pns.zodino_pns_20.p1_use','zodino_pns.zodino_pns_20.zodino_pns_20.p1_use');
INSERT INTO cell VALUES('zodino_pns.zodino_pns_20.p2_use','zodino_pns.zodino_pns_20',NULL,'Использовать насос 2');
INSERT INTO cell_argument VALUES('zodino_pns.zodino_pns_20.p2_use','zodino_pns.zodino_pns_20.zodino_pns_20.p2_use');
INSERT INTO cell VALUES('zodino_pns.zodino_pns_20.p3_use','zodino_pns.zodino_pns_20',NULL,'Использовать насос 3');
INSERT INTO cell_argument VALUES('zodino_pns.zodino_pns_20.p3_use','zodino_pns.zodino_pns_20.zodino_pns_20.p3_use');
INSERT INTO cell VALUES('zodino_pns.zodino_pns_20.p4_use','zodino_pns.zodino_pns_20',NULL,'Использовать насос 4');
INSERT INTO cell_argument VALUES('zodino_pns.zodino_pns_20.p4_use','zodino_pns.zodino_pns_20.zodino_pns_20.p4_use');
INSERT INTO cell VALUES('zodino_pns.zodino_pns_20.p5_use','zodino_pns.zodino_pns_20',NULL,'Использовать насос 5');
INSERT INTO cell_argument VALUES('zodino_pns.zodino_pns_20.p5_use','zodino_pns.zodino_pns_20.zodino_pns_20.p5_use');
INSERT INTO cell VALUES('zodino_pns.zodino_pns_20.delta_autokeep_ps','zodino_pns.zodino_pns_20','zodino_pns.zodino_pns_20.ps2','Гистерезис на автоподдержание давления');
INSERT INTO cell_argument VALUES('zodino_pns.zodino_pns_20.delta_autokeep_ps','zodino_pns.zodino_pns_20.zodino_pns_20.delta_autokeep_ps');
INSERT INTO cell VALUES('zodino_pns.zodino_pns_20.delay_stabilization_system_autokeep','zodino_pns.zodino_pns_20',NULL,'Таймаут на стабилизацию системы в секундах');
INSERT INTO cell_argument VALUES('zodino_pns.zodino_pns_20.delay_stabilization_system_autokeep','zodino_pns.zodino_pns_20.zodino_pns_20.delay_stabilization_system_autokeep');
INSERT INTO cell VALUES('zodino_pns.zodino_pns_20.p2_off_low_frequency','zodino_pns.zodino_pns_20','zodino_pns.zodino_pns_20.one_percent','нижняя  частота выключения Н2');
INSERT INTO cell_argument VALUES('zodino_pns.zodino_pns_20.p2_off_low_frequency','zodino_pns.zodino_pns_20.zodino_pns_20.p2_off_low_frequency');
INSERT INTO cell VALUES('zodino_pns.zodino_pns_20.p2_on_high_frequency','zodino_pns.zodino_pns_20','zodino_pns.zodino_pns_20.one_percent','верхняя  частота включения Н2');
INSERT INTO cell_argument VALUES('zodino_pns.zodino_pns_20.p2_on_high_frequency','zodino_pns.zodino_pns_20.zodino_pns_20.p2_on_high_frequency');
INSERT INTO cell VALUES('zodino_pns.zodino_pns_20.p3_off_low_frequency','zodino_pns.zodino_pns_20','zodino_pns.zodino_pns_20.one_percent','нижняя  частота выключения Н3');
INSERT INTO cell_argument VALUES('zodino_pns.zodino_pns_20.p3_off_low_frequency','zodino_pns.zodino_pns_20.zodino_pns_20.p3_off_low_frequency');
INSERT INTO cell VALUES('zodino_pns.zodino_pns_20.p3_on_high_frequency','zodino_pns.zodino_pns_20','zodino_pns.zodino_pns_20.one_percent','верхняя  частота включения Н3');
INSERT INTO cell_argument VALUES('zodino_pns.zodino_pns_20.p3_on_high_frequency','zodino_pns.zodino_pns_20.zodino_pns_20.p3_on_high_frequency');
INSERT INTO cell VALUES('zodino_pns.zodino_pns_20.p4_off_low_frequency','zodino_pns.zodino_pns_20','zodino_pns.zodino_pns_20.one_percent','нижняя  частота выключения Н4');
INSERT INTO cell_argument VALUES('zodino_pns.zodino_pns_20.p4_off_low_frequency','zodino_pns.zodino_pns_20.zodino_pns_20.p4_off_low_frequency');
INSERT INTO cell VALUES('zodino_pns.zodino_pns_20.p4_on_high_frequency','zodino_pns.zodino_pns_20','zodino_pns.zodino_pns_20.one_percent','верхняя  частота включения Н4');
INSERT INTO cell_argument VALUES('zodino_pns.zodino_pns_20.p4_on_high_frequency','zodino_pns.zodino_pns_20.zodino_pns_20.p4_on_high_frequency');
INSERT INTO cell VALUES('zodino_pns.zodino_pns_20.p5_off_low_frequency','zodino_pns.zodino_pns_20','zodino_pns.zodino_pns_20.one_percent','нижняя  частота выключения Н5');
INSERT INTO cell_argument VALUES('zodino_pns.zodino_pns_20.p5_off_low_frequency','zodino_pns.zodino_pns_20.zodino_pns_20.p5_off_low_frequency');
INSERT INTO cell VALUES('zodino_pns.zodino_pns_20.p5_on_high_frequency','zodino_pns.zodino_pns_20','zodino_pns.zodino_pns_20.one_percent','верхняя  частота включения Н5');
INSERT INTO cell_argument VALUES('zodino_pns.zodino_pns_20.p5_on_high_frequency','zodino_pns.zodino_pns_20.zodino_pns_20.p5_on_high_frequency');
INSERT INTO cell VALUES('zodino_pns.zodino_pns_20.freq_time_analys_sec','zodino_pns.zodino_pns_20',NULL,'Время анализа частоты  в секундах');
INSERT INTO cell_argument VALUES('zodino_pns.zodino_pns_20.freq_time_analys_sec','zodino_pns.zodino_pns_20.zodino_pns_20.freq_time_analys_sec');
INSERT INTO cell VALUES('zodino_pns.zodino_pns_20.abb_acs580_1_work','zodino_pns.zodino_pns_20',NULL,'abb_acs580 №1. Работа');
INSERT INTO cell_argument VALUES('zodino_pns.zodino_pns_20.abb_acs580_1_work','zodino_pns.zodino_pns_20.abb_acs580_1.abb_acs580_1_work');
INSERT INTO cell VALUES('zodino_pns.zodino_pns_20.abb_acs580_2_work','zodino_pns.zodino_pns_20',NULL,'abb_acs580 №2. Работа');
INSERT INTO cell_argument VALUES('zodino_pns.zodino_pns_20.abb_acs580_2_work','zodino_pns.zodino_pns_20.abb_acs580_2.abb_acs580_2_work');
INSERT INTO cell VALUES('zodino_pns.zodino_pns_20.abb_acs580_3_work','zodino_pns.zodino_pns_20',NULL,'abb_acs580 №3. Работа');
INSERT INTO cell_argument VALUES('zodino_pns.zodino_pns_20.abb_acs580_3_work','zodino_pns.zodino_pns_20.abb_acs580_3.abb_acs580_3_work');
INSERT INTO cell VALUES('zodino_pns.zodino_pns_20.abb_acs580_4_work','zodino_pns.zodino_pns_20',NULL,'abb_acs580 №4. Работа');
INSERT INTO cell_argument VALUES('zodino_pns.zodino_pns_20.abb_acs580_4_work','zodino_pns.zodino_pns_20.abb_acs580_4.abb_acs580_4_work');
INSERT INTO cell VALUES('zodino_pns.zodino_pns_20.abb_acs580_5_work','zodino_pns.zodino_pns_20',NULL,'abb_acs580 №5. Работа');
INSERT INTO cell_argument VALUES('zodino_pns.zodino_pns_20.abb_acs580_5_work','zodino_pns.zodino_pns_20.abb_acs580_5.abb_acs580_5_work');
INSERT INTO cell VALUES('zodino_pns.zodino_pns_20.system_code','zodino_pns.zodino_pns_20',NULL,'Системный ответ');
INSERT INTO cell_argument VALUES('zodino_pns.zodino_pns_20.system_code','zodino_pns.zodino_pns_20.zodino_pns_20.system_code');
INSERT INTO cell VALUES('zodino_pns.zodino_pns_20.p1_state','zodino_pns.zodino_pns_20',NULL,'Состояние Н1');
INSERT INTO cell_argument VALUES('zodino_pns.zodino_pns_20.p1_state','zodino_pns.zodino_pns_20.zodino_pns_20.p1_state');
INSERT INTO cell VALUES('zodino_pns.zodino_pns_20.p2_state','zodino_pns.zodino_pns_20',NULL,'Состояние Н2');
INSERT INTO cell_argument VALUES('zodino_pns.zodino_pns_20.p2_state','zodino_pns.zodino_pns_20.zodino_pns_20.p2_state');
INSERT INTO cell VALUES('zodino_pns.zodino_pns_20.p3_state','zodino_pns.zodino_pns_20',NULL,'Состояние Н3');
INSERT INTO cell_argument VALUES('zodino_pns.zodino_pns_20.p3_state','zodino_pns.zodino_pns_20.zodino_pns_20.p3_state');
INSERT INTO cell VALUES('zodino_pns.zodino_pns_20.p4_state','zodino_pns.zodino_pns_20',NULL,'Состояние Н4');
INSERT INTO cell_argument VALUES('zodino_pns.zodino_pns_20.p4_state','zodino_pns.zodino_pns_20.zodino_pns_20.p4_state');
INSERT INTO cell VALUES('zodino_pns.zodino_pns_20.p5_state','zodino_pns.zodino_pns_20',NULL,'Состояние Н5');
INSERT INTO cell_argument VALUES('zodino_pns.zodino_pns_20.p5_state','zodino_pns.zodino_pns_20.zodino_pns_20.p5_state');

/* policy */

INSERT INTO policy (id,fk_project,descr,form,type) VALUES('zodino_pns.form_pns_zodino_20','zodino_pns','Жодино ПНС №20',x'FF0A0054464F524D003010F2610000545046300554466F726D0A466F726D5F315F315F31044C65667403780803546F7003B101055769647468032F050648656967687403BA010743617074696F6E1419000000D096D0BED0B4D0B8D0BDD0BE20D09FD09DD0A120E28496323005436F6C6F720709636C42746E466163650C466F6E742E43686172736574070F44454641554C545F434841525345540A466F6E742E436F6C6F72070C636C57696E646F77546578740B466F6E742E48656967687402F509466F6E742E4E616D65060D4D532053616E732053657269660A466F6E742E5374796C650B000E4F6C644372656174654F72646572080D506978656C73506572496E636802600A54657874486569676874020D000D54657453746174696348696E740D657453746174696348696E7437044C65667403BD0203546F7003AC00055769647468024606486569676874021A084175746F4C696E6508064374726C3344090950656E2E436F6C6F720706636C477261790950656E2E576964746802021048696E74546578742E54657874506F7307057470546F700D48696E74546578742E54657874140A0000002D2D2C2D2D20D093D1861548696E74546578742E466F6E742E43686172736574070F44454641554C545F434841525345541348696E74546578742E466F6E742E436F6C6F72070C636C57696E646F77546578741448696E74546578742E466F6E742E48656967687402F51248696E74546578742E466F6E742E4E616D65060D4D532053616E732053657269661348696E74546578742E466F6E742E5374796C650B066673426F6C64000D4C696E6B446972656374696F6E070C6C644C656674426F74746F6D0A45646765732E4C65667402000945646765732E546F7002000B45646765732E526967687402000C45646765732E426F74746F6D020000000D54657453746174696348696E740D657453746174696348696E7436044C65667403310203546F7003AC00055769647468024606486569676874021A084175746F4C696E6508064374726C3344090950656E2E436F6C6F720706636C477261790950656E2E576964746802021048696E74546578742E54657874506F7307057470546F700D48696E74546578742E54657874140A0000002D2D2C2D2D20D093D1861548696E74546578742E466F6E742E43686172736574070F44454641554C545F434841525345541348696E74546578742E466F6E742E436F6C6F72070C636C57696E646F77546578741448696E74546578742E466F6E742E48656967687402F51248696E74546578742E466F6E742E4E616D65060D4D532053616E732053657269661348696E74546578742E466F6E742E5374796C650B066673426F6C64000D4C696E6B446972656374696F6E070C6C644C656674426F74746F6D0A45646765732E4C65667402000945646765732E546F7002000B45646765732E526967687402000C45646765732E426F74746F6D020000000D54657453746174696348696E740D657453746174696348696E7435044C65667403A10103546F7003AC00055769647468024606486569676874021A084175746F4C696E6508064374726C3344090950656E2E436F6C6F720706636C477261790950656E2E576964746802021048696E74546578742E54657874506F7307057470546F700D48696E74546578742E54657874140A0000002D2D2C2D2D20D093D1861548696E74546578742E466F6E742E43686172736574070F44454641554C545F434841525345541348696E74546578742E466F6E742E436F6C6F72070C636C57696E646F77546578741448696E74546578742E466F6E742E48656967687402F51248696E74546578742E466F6E742E4E616D65060D4D532053616E732053657269661348696E74546578742E466F6E742E5374796C650B066673426F6C64000D4C696E6B446972656374696F6E070C6C644C656674426F74746F6D0A45646765732E4C65667402000945646765732E546F7002000B45646765732E526967687402000C45646765732E426F74746F6D020000000D54657453746174696348696E740D657453746174696348696E7434044C65667403030103546F7003AC00055769647468024606486569676874021A084175746F4C696E6508064374726C3344090950656E2E436F6C6F720706636C477261790950656E2E576964746802021048696E74546578742E54657874506F7307057470546F700D48696E74546578742E54657874140A0000002D2D2C2D2D20D093D1861548696E74546578742E466F6E742E43686172736574070F44454641554C545F434841525345541348696E74546578742E466F6E742E436F6C6F72070C636C57696E646F77546578741448696E74546578742E466F6E742E48656967687402F51248696E74546578742E466F6E742E4E616D65060D4D532053616E732053657269661348696E74546578742E466F6E742E5374796C650B066673426F6C64000D4C696E6B446972656374696F6E070C6C644C656674426F74746F6D0A45646765732E4C65667402000945646765732E546F7002000B45646765732E526967687402000C45646765732E426F74746F6D0200000006544C6162656C064C6162656C35044C656674024A03546F70031D0105576964746802500648656967687402100743617074696F6E1412000000D09CD0B0D0BDD0BED0BCD0B5D182D18020310C466F6E742E43686172736574070F44454641554C545F434841525345540A466F6E742E436F6C6F720706636C5465616C0B466F6E742E48656967687402F309466F6E742E4E616D6506065461686F6D610A466F6E742E5374796C650B066673426F6C64000A506172656E74466F6E7408000007546574506970650765745069706536044C656674020303546F70033A01055769647468032E0306486569676874020E085461696C4C6566740706746F4E6F6E65095461696C52696768740706746F4E6F6E650C5461696C4C65667453697A65020A0D5461696C526967687453697A65020A0B4F7269656E746174696F6E070B6F486F72697A6F6E74616C09436F6C6F7246726F6D0707636C426C61636B07436F6C6F72546F0707636C5768697465000007546574506970650765745069706532044C65667403FA0003546F70026405576964746803BF0306486569676874020E085461696C4C6566740706746F4E6F6E65095461696C52696768740706746F4E6F6E650C5461696C4C65667453697A65020A0D5461696C526967687453697A65020A0B4F7269656E746174696F6E070B6F486F72697A6F6E74616C09436F6C6F7246726F6D0707636C426C61636B07436F6C6F72546F0707636C57686974650000085465744172726F770865744172726F7735044C65667403540203546F70033C01055769647468021B06486569676874020B0E4172726F77446972656374696F6E070761645269676874085461696C53697A6502040A5461696C4C656E677468020A05436F6C6F720706636C426C75650B426F72646572436F6C6F720707636C426C61636B0A426F7264657253697A6502010E416C61726D2E496E74657276616C03F4010C416C61726D2E416374697665080B416C61726D2E436F6C6F720705636C5265640000085465744172726F770865744172726F7732044C65667403540203546F700266055769647468021B06486569676874020B0E4172726F77446972656374696F6E070761645269676874085461696C53697A6502040A5461696C4C656E677468020A05436F6C6F720706636C426C75650B426F72646572436F6C6F720707636C426C61636B0A426F7264657253697A6502010E416C61726D2E496E74657276616C03F4010C416C61726D2E416374697665080B416C61726D2E436F6C6F720705636C526564000006544C6162656C074C6162656C3138044C65667403CA0303546F70024505576964746802500648656967687402100743617074696F6E1412000000D09CD0B0D0BDD0BED0BCD0B5D182D18020320C466F6E742E43686172736574070F44454641554C545F434841525345540A466F6E742E436F6C6F720706636C5465616C0B466F6E742E48656967687402F309466F6E742E4E616D6506065461686F6D610A466F6E742E5374796C650B066673426F6C64000A506172656E74466F6E74080000075465745369676E0765745369676E31044C65667403D10303546F700257055769647468024306486569676874022706437572736F72070B637248616E64506F696E740C466F6E742E43686172736574070F44454641554C545F434841525345540A466F6E742E436F6C6F720706636C426C75650B466F6E742E48656967687402F509466F6E742E4E616D6506065461686F6D610A466F6E742E5374796C650B066673426F6C64000B426F72646572576964746802060A496E6E6572436F6C6F720708636C53696C766572094172635261646975730200095369676E5374796C65070B737352656374616E676C65045465787406052D2D2C2D2D0B546578744F66667365745802000B546578744F66667365745902000B5472616E73706172656E74080C4772616469656E7446726F6D0706636C426C75650A4772616469656E74546F0707636C5768697465084772616469656E74090A416C61726D436F6C6F720705636C5265640D416C61726D496E74657276616C03F4010B416C61726D41637469766508000006544C6162656C064C6162656C31044C65667403120103546F7003D000055769647468023106486569676874020D0743617074696F6E06074861636F6320310C466F6E742E43686172736574070F44454641554C545F434841525345540A466F6E742E436F6C6F720706636C5465616C0B466F6E742E48656967687402F509466F6E742E4E616D65060D4D532053616E732053657269660A466F6E742E5374796C650B066673426F6C64000A506172656E74466F6E740800000D54657453746174696348696E740A70756D70315F48696E74044C65667403FA0003546F7003E200055769647468024F064865696768740216084175746F4C696E6508064374726C3344090950656E2E436F6C6F720706636C477261790950656E2E576964746802021048696E74546578742E54657874506F7307057470546F700D48696E74546578742E5465787406072D2D2C2D2D20411548696E74546578742E466F6E742E43686172736574070F44454641554C545F434841525345541348696E74546578742E466F6E742E436F6C6F72070C636C57696E646F77546578741448696E74546578742E466F6E742E48656967687402F51248696E74546578742E466F6E742E4E616D65060D4D532053616E732053657269661348696E74546578742E466F6E742E5374796C650B066673426F6C64000D4C696E6B446972656374696F6E07096C644C656674546F700A45646765732E4C65667402000945646765732E546F7002000B45646765732E526967687402000C45646765732E426F74746F6D0200000006544C6162656C064C6162656C32044C65667403AE0103546F7003D000055769647468023106486569676874020D0743617074696F6E06074861636F6320320C466F6E742E43686172736574070F44454641554C545F434841525345540A466F6E742E436F6C6F720706636C5465616C0B466F6E742E48656967687402F509466F6E742E4E616D65060D4D532053616E732053657269660A466F6E742E5374796C650B066673426F6C64000A506172656E74466F6E740800000D54657453746174696348696E740A70756D70325F48696E74044C65667403980103546F7003E200055769647468024F064865696768740216084175746F4C696E6508064374726C3344090950656E2E436F6C6F720706636C477261790950656E2E576964746802021048696E74546578742E54657874506F7307057470546F700D48696E74546578742E5465787406072D2D2C2D2D20411548696E74546578742E466F6E742E43686172736574070F44454641554C545F434841525345541348696E74546578742E466F6E742E436F6C6F72070C636C57696E646F77546578741448696E74546578742E466F6E742E48656967687402F51248696E74546578742E466F6E742E4E616D65060D4D532053616E732053657269661348696E74546578742E466F6E742E5374796C650B066673426F6C64000D4C696E6B446972656374696F6E07096C644C656674546F700A45646765732E4C65667402000945646765732E546F7002000B45646765732E526967687402000C45646765732E426F74746F6D0200000006544C6162656C064C6162656C34044C656674033E0203546F7003D100055769647468023106486569676874020D0743617074696F6E06074861636F6320330C466F6E742E43686172736574070F44454641554C545F434841525345540A466F6E742E436F6C6F720706636C5465616C0B466F6E742E48656967687402F509466F6E742E4E616D65060D4D532053616E732053657269660A466F6E742E5374796C650B066673426F6C64000A506172656E74466F6E740800000D54657453746174696348696E740A70756D70335F48696E74044C65667403280203546F7003E200055769647468024F064865696768740216084175746F4C696E6508064374726C3344090950656E2E436F6C6F720706636C477261790950656E2E576964746802021048696E74546578742E54657874506F7307057470546F700D48696E74546578742E5465787406072D2D2C2D2D20411548696E74546578742E466F6E742E43686172736574070F44454641554C545F434841525345541348696E74546578742E466F6E742E436F6C6F72070C636C57696E646F77546578741448696E74546578742E466F6E742E48656967687402F51248696E74546578742E466F6E742E4E616D65060D4D532053616E732053657269661348696E74546578742E466F6E742E5374796C650B066673426F6C64000D4C696E6B446972656374696F6E07096C644C656674546F700A45646765732E4C65667402000945646765732E546F7002000B45646765732E526967687402000C45646765732E426F74746F6D0200000006544C6162656C064C6162656C33044C65667403CA0203546F7003D100055769647468023106486569676874020D0743617074696F6E06074861636F6320340C466F6E742E43686172736574070F44454641554C545F434841525345540A466F6E742E436F6C6F720706636C5465616C0B466F6E742E48656967687402F509466F6E742E4E616D65060D4D532053616E732053657269660A466F6E742E5374796C650B066673426F6C64000A506172656E74466F6E740800000D54657453746174696348696E740D657453746174696348696E7431044C65667403B40203546F7003E200055769647468024F064865696768740216084175746F4C696E6508064374726C3344090950656E2E436F6C6F720706636C477261790950656E2E576964746802021048696E74546578742E54657874506F7307057470546F700D48696E74546578742E5465787406072D2D2C2D2D20411548696E74546578742E466F6E742E43686172736574070F44454641554C545F434841525345541348696E74546578742E466F6E742E436F6C6F72070C636C57696E646F77546578741448696E74546578742E466F6E742E48656967687402F51248696E74546578742E466F6E742E4E616D65060D4D532053616E732053657269661348696E74546578742E466F6E742E5374796C650B066673426F6C64000D4C696E6B446972656374696F6E07096C644C656674546F700A45646765732E4C65667402000945646765732E546F7002000B45646765732E526967687402000C45646765732E426F74746F6D0200000006544C6162656C064C6162656C36044C65667403560303546F7003D100055769647468023106486569676874020D0743617074696F6E06074861636F6320350C466F6E742E43686172736574070F44454641554C545F434841525345540A466F6E742E436F6C6F720706636C5465616C0B466F6E742E48656967687402F509466F6E742E4E616D65060D4D532053616E732053657269660A466F6E742E5374796C650B066673426F6C64000A506172656E74466F6E740800000D54657453746174696348696E740D657453746174696348696E7432044C65667403400303546F7003E200055769647468024F064865696768740216084175746F4C696E6508064374726C3344090950656E2E436F6C6F720706636C477261790950656E2E576964746802021048696E74546578742E54657874506F7307057470546F700D48696E74546578742E5465787406072D2D2C2D2D20411548696E74546578742E466F6E742E43686172736574070F44454641554C545F434841525345541348696E74546578742E466F6E742E436F6C6F72070C636C57696E646F77546578741448696E74546578742E466F6E742E48656967687402F51248696E74546578742E466F6E742E4E616D65060D4D532053616E732053657269661348696E74546578742E466F6E742E5374796C650B066673426F6C64000D4C696E6B446972656374696F6E07096C644C656674546F700A45646765732E4C65667402000945646765732E546F7002000B45646765732E526967687402000C45646765732E426F74746F6D020000000754657450697065086574506970653137044C65667403EC0003546F700264055769647468020E0648656967687403DD00085461696C4C6566740707746F4B6E656531095461696C5269676874070B746F436F6E6E6563746F720C5461696C4C65667453697A6502060D5461696C526967687453697A6502060B4F7269656E746174696F6E07096F566572746963616C09436F6C6F7246726F6D0707636C426C61636B07436F6C6F72546F0707636C5768697465000007546574506970650765745069706531044C65667403880103546F70026B055769647468020E0648656967687403D600085461696C4C656674070B746F436F6E6E6563746F72095461696C5269676874070B746F436F6E6E6563746F720C5461696C4C65667453697A6502060D5461696C526967687453697A6502060B4F7269656E746174696F6E07096F566572746963616C09436F6C6F7246726F6D0707636C426C61636B07436F6C6F72546F0707636C5768697465000007546574506970650765745069706533044C65667403180203546F70026B055769647468020E0648656967687403D600085461696C4C656674070B746F436F6E6E6563746F72095461696C5269676874070B746F436F6E6E6563746F720C5461696C4C65667453697A6502060D5461696C526967687453697A6502060B4F7269656E746174696F6E07096F566572746963616C09436F6C6F7246726F6D0707636C426C61636B07436F6C6F72546F0707636C5768697465000007546574506970650765745069706534044C65667403A40203546F70026B055769647468020E0648656967687403D600085461696C4C656674070B746F436F6E6E6563746F72095461696C5269676874070B746F436F6E6E6563746F720C5461696C4C65667453697A6502060D5461696C526967687453697A6502060B4F7269656E746174696F6E07096F566572746963616C09436F6C6F7246726F6D0707636C426C61636B07436F6C6F72546F0707636C5768697465000007546574506970650765745069706535044C65667403300303546F70026B055769647468020E0648656967687403DC00085461696C4C656674070B746F436F6E6E6563746F72095461696C52696768740707746F4B6E6565320C5461696C4C65667453697A6502060D5461696C526967687453697A6502060B4F7269656E746174696F6E07096F566572746963616C09436F6C6F7246726F6D0707636C426C61636B07436F6C6F72546F0707636C576869746500000D546574436F6D70726573736F720D6574436F6D70726573736F7231044C65667403D80003546F7003BC00055769647468023706486569676874023706437572736F72070B637248616E64506F696E740448696E74140C000000D09DD0B0D181D0BED181203106416374697665080E416C61726D2E496E74657276616C03F4010C416C61726D2E416374697665080B416C61726D2E436F6C6F720705636C5265640B426F726465725769647468020413436F6C6F72732E4F75744C696E65436F6C6F720706636C426C756512436F6C6F72732E496E4C696E65436F6C6F720708636C53696C7665721C436F6C6F72732E566172436F6C6F72732E416374697665436F6C6F720706636C426C75651E436F6C6F72732E566172436F6C6F72732E496E416374697665436F6C6F720706636C477261790E5661724F7269656E746174696F6E0704766F55700C547269616E676C6553696465021E00000D546574436F6D70726573736F720D6574436F6D70726573736F7232044C65667403740103546F7003BC00055769647468023706486569676874023706437572736F72070B637248616E64506F696E740448696E74140C000000D09DD0B0D181D0BED181203106416374697665080E416C61726D2E496E74657276616C03F4010C416C61726D2E416374697665080B416C61726D2E436F6C6F720705636C5265640B426F726465725769647468020413436F6C6F72732E4F75744C696E65436F6C6F720706636C426C756512436F6C6F72732E496E4C696E65436F6C6F720708636C53696C7665721C436F6C6F72732E566172436F6C6F72732E416374697665436F6C6F720706636C426C75651E436F6C6F72732E566172436F6C6F72732E496E416374697665436F6C6F720706636C477261790E5661724F7269656E746174696F6E0704766F55700C547269616E676C6553696465021E00000D546574436F6D70726573736F720D6574436F6D70726573736F7233044C65667403040203546F7003B900055769647468023706486569676874023706437572736F72070B637248616E64506F696E740448696E74140C000000D09DD0B0D181D0BED181203106416374697665080E416C61726D2E496E74657276616C03F4010C416C61726D2E416374697665080B416C61726D2E436F6C6F720705636C5265640B426F726465725769647468020413436F6C6F72732E4F75744C696E65436F6C6F720706636C426C756512436F6C6F72732E496E4C696E65436F6C6F720708636C53696C7665721C436F6C6F72732E566172436F6C6F72732E416374697665436F6C6F720706636C426C75651E436F6C6F72732E566172436F6C6F72732E496E416374697665436F6C6F720706636C477261790E5661724F7269656E746174696F6E0704766F55700C547269616E676C6553696465021E00000D546574436F6D70726573736F720D6574436F6D70726573736F7234044C65667403900203546F7003BA00055769647468023706486569676874023706437572736F72070B637248616E64506F696E740448696E74140C000000D09DD0B0D181D0BED181203106416374697665080E416C61726D2E496E74657276616C03F4010C416C61726D2E416374697665080B416C61726D2E436F6C6F720705636C5265640B426F726465725769647468020413436F6C6F72732E4F75744C696E65436F6C6F720706636C426C756512436F6C6F72732E496E4C696E65436F6C6F720708636C53696C7665721C436F6C6F72732E566172436F6C6F72732E416374697665436F6C6F720706636C426C75651E436F6C6F72732E566172436F6C6F72732E496E416374697665436F6C6F720706636C477261790E5661724F7269656E746174696F6E0704766F55700C547269616E676C6553696465021E00000D546574436F6D70726573736F720D6574436F6D70726573736F7235044C656674031C0303546F7003BA00055769647468023706486569676874023706437572736F72070B637248616E64506F696E740448696E74140C000000D09DD0B0D181D0BED181203106416374697665080E416C61726D2E496E74657276616C03F4010C416C61726D2E416374697665080B416C61726D2E436F6C6F720705636C5265640B426F726465725769647468020413436F6C6F72732E4F75744C696E65436F6C6F720706636C426C756512436F6C6F72732E496E4C696E65436F6C6F720708636C53696C7665721C436F6C6F72732E566172436F6C6F72732E416374697665436F6C6F720706636C426C75651E436F6C6F72732E566172436F6C6F72732E496E416374697665436F6C6F720706636C477261790E5661724F7269656E746174696F6E0704766F55700C547269616E676C6553696465021E0000075465745369676E075369676E507369044C656674025003546F70032E01055769647468024306486569676874022706437572736F72070B637248616E64506F696E740C466F6E742E43686172736574070F44454641554C545F434841525345540A466F6E742E436F6C6F720706636C426C75650B466F6E742E48656967687402F509466F6E742E4E616D6506065461686F6D610A466F6E742E5374796C650B066673426F6C64000B426F72646572576964746802060A496E6E6572436F6C6F720708636C53696C766572094172635261646975730200095369676E5374796C65070B737352656374616E676C65045465787406052D2D2C2D2D0B546578744F66667365745802000B546578744F66667365745902000B5472616E73706172656E74080C4772616469656E7446726F6D0706636C426C75650A4772616469656E74546F0707636C5768697465084772616469656E74090A416C61726D436F6C6F720705636C5265640D416C61726D496E74657276616C03F4010B416C61726D416374697665080000075465745369676E0765745369676E33044C65667403480403546F700256055769647468024306486569676874022706437572736F72070B637248616E64506F696E740C466F6E742E43686172736574070F44454641554C545F434841525345540A466F6E742E436F6C6F720707636C477265656E0B466F6E742E48656967687402F509466F6E742E4E616D6506065461686F6D610A466F6E742E5374796C650B066673426F6C64000B426F72646572576964746802060A496E6E6572436F6C6F720708636C53696C766572094172635261646975730200095369676E5374796C65070B737352656374616E676C65045465787406052D2D2C2D2D0B546578744F66667365745802000B546578744F66667365745902000B5472616E73706172656E74080C4772616469656E7446726F6D0707636C477265656E0A4772616469656E74546F0707636C5768697465084772616469656E74090A416C61726D436F6C6F720705636C5265640D416C61726D496E74657276616C03F4010B416C61726D41637469766508000006544C6162656C064C6162656C39044C65667403410403546F70024405576964746802510648656967687402100743617074696F6E120A00000020043004410445043E0434043E043C04350440040C466F6E742E43686172736574070F44454641554C545F434841525345540A466F6E742E436F6C6F720706636C5465616C0B466F6E742E48656967687402F309466F6E742E4E616D6506065461686F6D610A466F6E742E5374796C650B066673426F6C64000A506172656E74466F6E74080000075465745369676E0765745369676E34044C656674021603546F70025B05576964746803AD000648656967687403AD000C466F6E742E43686172736574070F44454641554C545F434841525345540A466F6E742E436F6C6F72070C636C57696E646F77546578740B466F6E742E48656967687402F509466F6E742E4E616D6506065461686F6D610A466F6E742E5374796C650B066673426F6C64000B426F72646572576964746802020A496E6E6572436F6C6F720708636C53696C766572094172635261646975730201095369676E5374796C65070B737352656374616E676C650B546578744F66667365745802000B546578744F66667365745902000B5472616E73706172656E74090C4772616469656E7446726F6D0706636C426C75650A4772616469656E74546F0707636C5768697465084772616469656E74080A416C61726D436F6C6F720705636C5265640D416C61726D496E74657276616C03F4010B416C61726D41637469766508000006544C6162656C074C6162656C3135044C656674024603546F70025E05576964746802470648656967687402130743617074696F6E120700000020043E0442043004460438044F040C466F6E742E43686172736574070F44454641554C545F434841525345540A466F6E742E436F6C6F720706636C4E6176790B466F6E742E48656967687402F009466F6E742E4E616D6506065461686F6D610A466F6E742E5374796C650B066673426F6C64000A506172656E74466F6E74080000065465744C65640665744C656432044C656674023C03546F70038300055769647468025C06486569676874020E0850656E576964746802010850656E436F6C6F720707636C426C61636B0A5374617465436F6C6F720709636C42746E46616365094C656452616469757302070B416C61726D416374697665080D416C61726D496E74657276616C03F4010B416C61726D436F6C6F72310709636C42746E466163650B416C61726D436F6C6F72320705636C5265640743617074696F6E141400000020D0BFD0BE20D0B2D180D0B5D0BCD0B5D0BDD0B80A48617343617074696F6E090D54657874536570617261746F7206017C0C54657874506F736974696F6E0707747052696768740954657874416C69676E070674614C6566740C466F6E742E43686172736574070F44454641554C545F434841525345540A466F6E742E436F6C6F720707636C426C61636B0B466F6E742E48656967687402F509466F6E742E4E616D65060D4D532053616E732053657269660A466F6E742E5374796C650B066673426F6C64000000065465744C65640665744C656433044C656674021E03546F7003AA0005576964746803A10006486569676874020E0850656E576964746802010850656E436F6C6F720707636C426C61636B0A5374617465436F6C6F720709636C42746E46616365094C656452616469757302070B416C61726D416374697665080D416C61726D496E74657276616C03F4010B416C61726D436F6C6F72310709636C42746E466163650B416C61726D436F6C6F72320705636C5265640743617074696F6E142800000020D09DD0B5D0B1D185D0BED0B4D0B8D0BCD0BED181D182D18C20D180D0BED182D0B0D186D0B8D0B80A48617343617074696F6E090D54657874536570617261746F7206017C0C54657874506F736974696F6E0707747052696768740954657874416C69676E070674614C6566740C466F6E742E43686172736574070F44454641554C545F434841525345540A466F6E742E436F6C6F720707636C426C61636B0B466F6E742E48656967687402F509466F6E742E4E616D65060D4D532053616E732053657269660A466F6E742E5374796C650B066673426F6C6400000006544C6162656C074C6162656C3130044C656674023903546F7003B900055769647468026106486569676874020D0743617074696F6E141B000000D09FD0B5D180D0B8D0BED0B420D180D0BED182D0B0D186D0B8D0B80C466F6E742E43686172736574070F44454641554C545F434841525345540A466F6E742E436F6C6F720706636C5465616C0B466F6E742E48656967687402F509466F6E742E4E616D65060D4D532053616E732053657269660A466F6E742E5374796C650B066673426F6C64000A506172656E74466F6E7408000006544C6162656C074C6162656C3131044C656674021D03546F700272055769647468039F000648656967687402100743617074696F6E1429000000D098D181D0BFD0BED0BBD18CD0B7D0BED0B2D0B0D0BDD0B8D0B520D180D0BED182D0B0D186D0B8D0B80C466F6E742E43686172736574070F44454641554C545F434841525345540A466F6E742E436F6C6F720706636C5465616C0B466F6E742E48656967687402F309466F6E742E4E616D6506065461686F6D610A466F6E742E5374796C650B066673426F6C64000A506172656E74466F6E74080000065465744C65640665744C656431044C656674023C03546F70039400055769647468025906486569676874020E0850656E576964746802010850656E436F6C6F720707636C426C61636B0A5374617465436F6C6F720709636C42746E46616365094C656452616469757302070B416C61726D416374697665080D416C61726D496E74657276616C03F4010B416C61726D436F6C6F72310709636C42746E466163650B416C61726D436F6C6F72320705636C5265640743617074696F6E141400000020D0BFD0BE20D0BFD0B5D180D0B8D0BED0B4D1830A48617343617074696F6E090D54657874536570617261746F7206017C0C54657874506F736974696F6E0707747052696768740954657874416C69676E070674614C6566740C466F6E742E43686172736574070F44454641554C545F434841525345540A466F6E742E436F6C6F720707636C426C61636B0B466F6E742E48656967687402F509466F6E742E4E616D65060D4D532053616E732053657269660A466F6E742E5374796C650B066673426F6C6400000006544C6162656C074C6162656C3132044C656674023C03546F7003DD00055769647468025B06486569676874020D0743617074696F6E1419000000D092D180D0B5D0BCD18F20D180D0BED182D0B0D186D0B8D0B80C466F6E742E43686172736574070F44454641554C545F434841525345540A466F6E742E436F6C6F720706636C5465616C0B466F6E742E48656967687402F509466F6E742E4E616D65060D4D532053616E732053657269660A466F6E742E5374796C650B066673426F6C64000A506172656E74466F6E7408000006544C6162656C074C6162656C3133044C656674022703546F7003F100055769647468021E06486569676874020D0743617074696F6E12040000004704300441044B040C466F6E742E43686172736574070F44454641554C545F434841525345540A466F6E742E436F6C6F720707636C426C61636B0B466F6E742E48656967687402F509466F6E742E4E616D65060D4D532053616E732053657269660A466F6E742E5374796C650B066673426F6C64000A506172656E74466F6E7408000006544C6162656C074C6162656C3134044C656674026803546F7003F100055769647468022D06486569676874020D0743617074696F6E12060000003C0438043D04430442044B040C466F6E742E43686172736574070F44454641554C545F434841525345540A466F6E742E436F6C6F720707636C426C61636B0B466F6E742E48656967687402F509466F6E742E4E616D65060D4D532053616E732053657269660A466F6E742E5374796C650B066673426F6C64000A506172656E74466F6E74080000065465744C656407446F6F724C6564044C656674033B0103546F70021E055769647468023C0648656967687402140850656E576964746802010850656E436F6C6F720707636C426C61636B0A5374617465436F6C6F720709636C42746E46616365094C6564526164697573020A0B416C61726D416374697665080D416C61726D496E74657276616C03F4010B416C61726D436F6C6F72310709636C42746E466163650B416C61726D436F6C6F72320705636C5265640743617074696F6E140700000020D09DD0A1D0940A48617343617074696F6E090D54657874536570617261746F7206017C0C54657874506F736974696F6E0707747052696768740954657874416C69676E070674614C6566740C466F6E742E43686172736574070F44454641554C545F434841525345540A466F6E742E436F6C6F72070C636C57696E646F77546578740B466F6E742E48656967687402F309466F6E742E4E616D65060D4D532053616E732053657269660A466F6E742E5374796C650B066673426F6C64000000065465744C65640857617465724C6564044C656674038D0103546F70021E05576964746802770648656967687402140850656E576964746802010850656E436F6C6F720707636C426C61636B0A5374617465436F6C6F720709636C42746E46616365094C6564526164697573020A0B416C61726D416374697665080D416C61726D496E74657276616C03F4010B416C61726D436F6C6F72310709636C42746E466163650B416C61726D436F6C6F72320705636C5265640743617074696F6E141500000020D097D0B0D182D0BED0BFD0BBD0B5D0BDD0B8D0B50A48617343617074696F6E090D54657874536570617261746F7206017C0C54657874506F736974696F6E0707747052696768740954657874416C69676E070674614C6566740C466F6E742E43686172736574070F44454641554C545F434841525345540A466F6E742E436F6C6F72070C636C57696E646F77546578740B466F6E742E48656967687402F309466F6E742E4E616D65060D4D532053616E732053657269660A466F6E742E5374796C650B066673426F6C64000000065465744C65640541494C6564044C65667403180203546F70021E055769647468038B0006486569676874021406437572736F72070B637248616E64506F696E740850656E576964746802010850656E436F6C6F720707636C426C61636B0A5374617465436F6C6F720709636C42746E46616365094C6564526164697573020A0B416C61726D416374697665080D416C61726D496E74657276616C03F4010B416C61726D436F6C6F72310709636C42746E466163650B416C61726D436F6C6F72320705636C5265640743617074696F6E141900000020D09ED0B1D0BED180D183D0B4D0BED0B2D0B0D0BDD0B8D0B50A48617343617074696F6E090D54657874536570617261746F7206017C0C54657874506F736974696F6E0707747052696768740954657874416C69676E070674614C6566740C466F6E742E43686172736574070F44454641554C545F434841525345540A466F6E742E436F6C6F72070C636C57696E646F77546578740B466F6E742E48656967687402F309466F6E742E4E616D65060D4D532053616E732053657269660A466F6E742E5374796C650B066673426F6C640B6673556E6465726C696E65000000065465744C656406534D534C6564044C65667403A70003546F70021E0557696474680387000648656967687402140850656E576964746802010850656E436F6C6F720707636C426C61636B0A5374617465436F6C6F720709636C42746E46616365094C6564526164697573020A0B416C61726D416374697665080D416C61726D496E74657276616C03F4010B416C61726D436F6C6F72310709636C42746E466163650B416C61726D436F6C6F72320705636C5265640743617074696F6E141900000020D0A1D0B8D0B3D0BDD0B0D0BBD0B8D0B7D0B0D186D0B8D18F0A48617343617074696F6E090D54657874536570617261746F7206017C0C54657874506F736974696F6E0707747052696768740954657874416C69676E070674614C6566740C466F6E742E43686172736574070F44454641554C545F434841525345540A466F6E742E436F6C6F72070C636C57696E646F77546578740B466F6E742E48656967687402F309466F6E742E4E616D65060D4D532053616E732053657269660A466F6E742E5374796C650B066673426F6C64000000075465745369676E0765745369676E35044C65667403F20003546F70023C0557696474680315010648656967687402210C466F6E742E43686172736574070F44454641554C545F434841525345540A466F6E742E436F6C6F72070C636C57696E646F77546578740B466F6E742E48656967687402F509466F6E742E4E616D6506065461686F6D610A466F6E742E5374796C650B066673426F6C64000B426F72646572576964746802020A496E6E6572436F6C6F720708636C53696C766572094172635261646975730201095369676E5374796C65070B737352656374616E676C650B546578744F66667365745802000B546578744F66667365745902000B5472616E73706172656E74090C4772616469656E7446726F6D0706636C426C75650A4772616469656E74546F0707636C5768697465084772616469656E74080A416C61726D436F6C6F720705636C5265640D416C61726D496E74657276616C03F4010B416C61726D41637469766508000006544C6162656C074C6162656C3137044C65667403FA0003546F70024305576964746803CE000648656967687402130743617074696F6E142A000000D09DD0BED0BCD0B5D18020D0BED181D0BDD0BED0B2D0BDD0BED0B3D0BE20D0BDD0B0D181D0BED181D0B00C466F6E742E43686172736574070F44454641554C545F434841525345540A466F6E742E436F6C6F720706636C4E6176790B466F6E742E48656967687402F009466F6E742E4E616D6506065461686F6D610A466F6E742E5374796C650B066673426F6C64000A506172656E74466F6E740800000D54657453746174696348696E740D657453746174696348696E7433044C656674034B0303546F7003AC00055769647468024606486569676874021A084175746F4C696E6508064374726C3344090950656E2E436F6C6F720706636C477261790950656E2E576964746802021048696E74546578742E54657874506F7307057470546F700D48696E74546578742E54657874140A0000002D2D2C2D2D20D093D1861548696E74546578742E466F6E742E43686172736574070F44454641554C545F434841525345541348696E74546578742E466F6E742E436F6C6F72070C636C57696E646F77546578741448696E74546578742E466F6E742E48656967687402F51248696E74546578742E466F6E742E4E616D65060D4D532053616E732053657269661348696E74546578742E466F6E742E5374796C650B066673426F6C64000D4C696E6B446972656374696F6E070C6C644C656674426F74746F6D0A45646765732E4C65667402000945646765732E546F7002000B45646765732E526967687402000C45646765732E426F74746F6D0200000006544C6162656C064C6162656C37044C65667403150103546F7003FB00055769647468022906486569676874020D0743617074696F6E120500000020043504360438043C040C466F6E742E43686172736574070F44454641554C545F434841525345540A466F6E742E436F6C6F720706636C5465616C0B466F6E742E48656967687402F509466F6E742E4E616D65060D4D532053616E732053657269660A466F6E742E5374796C650B066673426F6C64000A506172656E74466F6E7408000006544C6162656C064C6162656C38044C65667403B50103546F7003FB00055769647468022906486569676874020D0743617074696F6E120500000020043504360438043C040C466F6E742E43686172736574070F44454641554C545F434841525345540A466F6E742E436F6C6F720706636C5465616C0B466F6E742E48656967687402F509466F6E742E4E616D65060D4D532053616E732053657269660A466F6E742E5374796C650B066673426F6C64000A506172656E74466F6E7408000006544C6162656C074C6162656C3139044C65667403450203546F7003FB00055769647468022906486569676874020D0743617074696F6E120500000020043504360438043C040C466F6E742E43686172736574070F44454641554C545F434841525345540A466F6E742E436F6C6F720706636C5465616C0B466F6E742E48656967687402F509466F6E742E4E616D65060D4D532053616E732053657269660A466F6E742E5374796C650B066673426F6C64000A506172656E74466F6E7408000006544C6162656C074C6162656C3230044C65667403D10203546F7003FB00055769647468022906486569676874020D0743617074696F6E120500000020043504360438043C040C466F6E742E43686172736574070F44454641554C545F434841525345540A466F6E742E436F6C6F720706636C5465616C0B466F6E742E48656967687402F509466F6E742E4E616D65060D4D532053616E732053657269660A466F6E742E5374796C650B066673426F6C64000A506172656E74466F6E7408000006544C6162656C074C6162656C3231044C656674035D0303546F7003FB00055769647468022906486569676874020D0743617074696F6E120500000020043504360438043C040C466F6E742E43686172736574070F44454641554C545F434841525345540A466F6E742E436F6C6F720706636C5465616C0B466F6E742E48656967687402F509466F6E742E4E616D65060D4D532053616E732053657269660A466F6E742E5374796C650B066673426F6C64000A506172656E74466F6E74080000065465744C65640665744C656434044C65667403B40203546F70021E05576964746802590648656967687402140850656E576964746802010850656E436F6C6F720707636C426C61636B0A5374617465436F6C6F720709636C42746E46616365094C6564526164697573020A0B416C61726D416374697665080D416C61726D496E74657276616C03F4010B416C61726D436F6C6F72310709636C42746E466163650B416C61726D436F6C6F72320705636C5265640743617074696F6E12070000001F043804420430043D04380435040A48617343617074696F6E090D54657874536570617261746F7206017C0C54657874506F736974696F6E0707747052696768740954657874416C69676E070674614C6566740C466F6E742E43686172736574070F44454641554C545F434841525345540A466F6E742E436F6C6F72070C636C57696E646F77546578740B466F6E742E48656967687402F309466F6E742E4E616D65060D4D532053616E732053657269660A466F6E742E5374796C650B066673426F6C64000000075465745369676E0765745369676E32044C65667403CA0303546F70021105576964746803C1000648656967687402210C466F6E742E43686172736574070F44454641554C545F434841525345540A466F6E742E436F6C6F72070C636C57696E646F77546578740B466F6E742E48656967687402F509466F6E742E4E616D6506065461686F6D610A466F6E742E5374796C650B066673426F6C64000B426F72646572576964746802020A496E6E6572436F6C6F720708636C53696C766572094172635261646975730201095369676E5374796C65070B737352656374616E676C650B546578744F66667365745802000B546578744F66667365745902000B5472616E73706172656E74090C4772616469656E7446726F6D0706636C426C75650A4772616469656E74546F0707636C5768697465084772616469656E74080A416C61726D436F6C6F720705636C5265640D416C61726D496E74657276616C03F4010B416C61726D41637469766508000006544C6162656C074C6162656C3237044C65667403D20303546F700218055769647468026F0648656967687402130743617074696F6E120B000000220435043C043F0435044004300442044304400430040C466F6E742E43686172736574070F44454641554C545F434841525345540A466F6E742E436F6C6F720706636C4E6176790B466F6E742E48656967687402F009466F6E742E4E616D6506065461686F6D610A466F6E742E5374796C650B066673426F6C64000A506172656E74466F6E74080000065450616E656C0650616E656C31044C656674023303546F7003C80005576964746802700648656967687402150A426576656C4F75746572070962764C6F77657265640743617074696F6E06052D2D2C2D2D05436F6C6F720707636C426C61636B0C466F6E742E43686172736574070F44454641554C545F434841525345540A466F6E742E436F6C6F720706636C4C696D650B466F6E742E48656967687402F309466F6E742E4E616D65060D4D532053616E732053657269660A466F6E742E5374796C650B066673426F6C64000A506172656E74466F6E7408085461624F7264657202000000065450616E656C0650616E656C34044C656674024803546F7003ED00055769647468021B0648656967687402150A426576656C4F75746572070962764C6F77657265640743617074696F6E06022D2D05436F6C6F720707636C426C61636B0C466F6E742E43686172736574070F44454641554C545F434841525345540A466F6E742E436F6C6F720706636C4C696D650B466F6E742E48656967687402F309466F6E742E4E616D65060D4D532053616E732053657269660A466F6E742E5374796C650B066673426F6C64000A506172656E74466F6E7408085461624F7264657202010000065450616E656C0650616E656C35044C65667403990003546F7003ED00055769647468021B0648656967687402150A426576656C4F75746572070962764C6F77657265640743617074696F6E06022D2D05436F6C6F720707636C426C61636B0C466F6E742E43686172736574070F44454641554C545F434841525345540A466F6E742E436F6C6F720706636C4C696D650B466F6E742E48656967687402F309466F6E742E4E616D65060D4D532053616E732053657269660A466F6E742E5374796C650B066673426F6C64000A506172656E74466F6E7408085461624F72646572020200065450616E656C0650616E656C33044C65667403990003546F7003ED00055769647468021B0648656967687402150A426576656C4F75746572070962764C6F77657265640743617074696F6E06022D2D05436F6C6F720707636C426C61636B0C466F6E742E43686172736574070F44454641554C545F434841525345540A466F6E742E436F6C6F720706636C4C696D650B466F6E742E48656967687402F309466F6E742E4E616D65060D4D532053616E732053657269660A466F6E742E5374796C650B066673426F6C64000A506172656E74466F6E7408085461624F7264657202000000000B54527A47726F7570426F780B527A47726F7570426F7831044C65667403220403546F7003F90005576964746803970006486569676874022D0743617074696F6E141F000000D090D0BFD0BFD0B0D180D0B0D182D0BDD0BED0B520D0B2D180D0B5D0BCD18F085461624F726465720203000D54657444656C746154696D65720D657444656C746154696D657231044C656674020603546F700211055769647468038A000648656967687402180743617074696F6E0610323030392D30372D32312031363A32340C466F6E742E43686172736574070F44454641554C545F434841525345540A466F6E742E436F6C6F720706636C417175610B466F6E742E48656967687402F309466F6E742E4E616D6506065461686F6D610A466F6E742E5374796C650B066673426F6C64000A426576656C496E6E6572070962764C6F77657265640A426576656C4F75746572070962764C6F776572656405436F6C6F720707636C426C61636B0C4461746554696D655F5374720610323030392D30372D32312031363A32340C4461746554696D655F44626C0500A0100107AF4F9C0E4009466F726D6174537472061064642E6D6D2E797979792068683A6D6D0A466F726D617454797065070766744D7953514C0743757272656E740500909865C5B3F8A70E400B43757272656E745F5374720613323031372D30392D32322031363A35313A31320000000954527A427574746F6E0B42746E4765745374617465044C65667403220403546F70032B010557696474680397000743617074696F6E120900000021043E04410442043E044F043D04380435040C466F6E742E43686172736574070F44454641554C545F434841525345540A466F6E742E436F6C6F72070C636C57696E646F77546578740B466F6E742E48656967687402F309466F6E742E4E616D65060D4D532053616E732053657269660A466F6E742E5374796C650B066673426F6C640008486F74547261636B090A506172656E74466F6E7408085461624F72646572020400000954527A427574746F6E0A42746E47657453746174044C65667403220403546F700347010557696474680397000743617074696F6E120A000000210442043004420438044104420438043A0430040C466F6E742E43686172736574070F44454641554C545F434841525345540A466F6E742E436F6C6F72070C636C57696E646F77546578740B466F6E742E48656967687402F309466F6E742E4E616D65060D4D532053616E732053657269660A466F6E742E5374796C650B066673426F6C640008486F74547261636B090A506172656E74466F6E7408085461624F72646572020500000954527A427574746F6E0D42746E53696E68726F54696D65044C65667403220403546F700363010557696474680397000743617074696F6E1416000000D0A1D0B8D0BDD185D1802E20D0B2D180D0B5D0BCD18F0C466F6E742E43686172736574070F44454641554C545F434841525345540A466F6E742E436F6C6F72070C636C57696E646F77546578740B466F6E742E48656967687402F309466F6E742E4E616D65060D4D532053616E732053657269660A466F6E742E5374796C650B066673426F6C640008486F74547261636B090A506172656E74466F6E7408085461624F72646572020600000954527A427574746F6E0642746E416C6D044C65667403220403546F70037F010557696474680397000743617074696F6E120C0000002104380433043D0430043B04380437043004460438044F040C466F6E742E43686172736574070F44454641554C545F434841525345540A466F6E742E436F6C6F72070C636C57696E646F77546578740B466F6E742E48656967687402F309466F6E742E4E616D65060D4D532053616E732053657269660A466F6E742E5374796C650B066673426F6C640008486F74547261636B090A506172656E74466F6E7408085461624F72646572020700000954527A427574746F6E09527A427574746F6E31044C65667403220403546F70039B010557696474680397000743617074696F6E060847534D2D475052530C466F6E742E43686172736574070F44454641554C545F434841525345540A466F6E742E436F6C6F72070C636C57696E646F77546578740B466F6E742E48656967687402F309466F6E742E4E616D65060D4D532053616E732053657269660A466F6E742E5374796C650B066673426F6C640008486F74547261636B090A506172656E74466F6E7408085461624F72646572020800000B54527A47726F7570426F780B527A47726F7570426F7832044C656674021603546F70020B05576964746802690648656967687402410743617074696F6E12060000002104380433043D0430043B04085461624F72646572020900095465745369676E616C0965745369676E616C32044C656674020803546F700210055769647468025806486569676874022A084261725769647468020B08426172436F756E740205144163746976654772616469656E742E5573696E67091A4163746976654772616469656E742E4F7269656E746174696F6E070C676F486F72697A6F6E74616C184163746976654772616469656E742E436F6C6F7246726F6D0707636C477265656E164163746976654772616469656E742E436F6C6F72546F0706636C4C696D6516496E6163746976654772616469656E742E5573696E67091C496E6163746976654772616469656E742E4F7269656E746174696F6E070C676F486F72697A6F6E74616C1A496E6163746976654772616469656E742E436F6C6F7246726F6D0706636C4772617918496E6163746976654772616469656E742E436F6C6F72546F0708636C53696C7665720B5369676E616C4C6576656C020B000000065450616E656C0850345450616E656C044C65667403100403546F7003830005576964746803B90006486569676874026905436F6C6F720708636C53696C766572085461624F72646572020A0006544C6162656C074C6162656C3136044C656674022B03546F70020705576964746802640648656967687402100743617074696F6E1415000000D097D0B0D0B4D0B0D0BDD0B8D0B520D09FD0A7D0A20C466F6E742E43686172736574070F44454641554C545F434841525345540A466F6E742E436F6C6F720706636C426C75650B466F6E742E48656967687402F309466F6E742E4E616D65060D4D532053616E732053657269660A466F6E742E5374796C650B066673426F6C64000A506172656E74466F6E7408000006544C6162656C074C6162656C3233044C656674024103546F70023605576964746802310648656967687402100743617074696F6E120500000020043504360438043C040C466F6E742E43686172736574070F44454641554C545F434841525345540A466F6E742E436F6C6F720706636C426C75650B466F6E742E48656967687402F309466F6E742E4E616D65060D4D532053616E732053657269660A466F6E742E5374796C650B066673426F6C64000A506172656E74466F6E74080000065450616E656C0B43617050347450616E656C044C656674020603546F70021805576964746803AD000648656967687402160A426576656C496E6E6572070962764C6F77657265640A426576656C4F75746572070662764E6F6E650743617074696F6E06082D2D2F2D2D2F2D2D05436F6C6F720707636C426C61636B0C466F6E742E43686172736574070F44454641554C545F434841525345540A466F6E742E436F6C6F720706636C417175610B466F6E742E48656967687402F309466F6E742E4E616D6506065461686F6D610A466F6E742E5374796C650B066673426F6C64000A506172656E74466F6E7408085461624F7264657202000006544C6162656C074C6162656C3232044C656674022903546F70022105576964746802640648656967687402100743617074696F6E1415000000D097D0B0D0B4D0B0D0BDD0B8D0B520D09FD0A7D0A20C466F6E742E43686172736574070F44454641554C545F434841525345540A466F6E742E436F6C6F720706636C426C75650B466F6E742E48656967687402F309466F6E742E4E616D65060D4D532053616E732053657269660A466F6E742E5374796C650B066673426F6C64000A506172656E74466F6E74080000065450616E656C0750616E656C3131044C656674020403546F70023205576964746803AD000648656967687402160A426576656C496E6E6572070962764C6F77657265640A426576656C4F75746572070662764E6F6E650743617074696F6E06082D2D2F2D2D2F2D2D05436F6C6F720709636C536B79426C75650C466F6E742E43686172736574070F44454641554C545F434841525345540A466F6E742E436F6C6F720707636C426C61636B0B466F6E742E48656967687402F309466F6E742E4E616D6506065461686F6D610A466F6E742E5374796C650B066673426F6C64000A506172656E74466F6E7408085461624F7264657202000000065450616E656C0750616E656C3132044C656674020603546F70021B05576964746803AD000648656967687402160A426576656C496E6E6572070962764C6F77657265640A426576656C4F75746572070662764E6F6E650743617074696F6E06082D2D2F2D2D2F2D2D05436F6C6F720709636C536B79426C75650C466F6E742E43686172736574070F44454641554C545F434841525345540A466F6E742E436F6C6F720707636C426C61636B0B466F6E742E48656967687402F309466F6E742E4E616D6506065461686F6D610A466F6E742E5374796C650B066673426F6C64000A506172656E74466F6E7408085461624F7264657202010006544C6162656C074C6162656C3234044C656674022903546F70022105576964746802640648656967687402100743617074696F6E1415000000D097D0B0D0B4D0B0D0BDD0B8D0B520D09FD0A7D0A20C466F6E742E43686172736574070F44454641554C545F434841525345540A466F6E742E436F6C6F720706636C426C75650B466F6E742E48656967687402F309466F6E742E4E616D65060D4D532053616E732053657269660A466F6E742E5374796C650B066673426F6C64000A506172656E74466F6E74080000065450616E656C0750616E656C3133044C656674020403546F70023205576964746803AD000648656967687402160A426576656C496E6E6572070962764C6F77657265640A426576656C4F75746572070662764E6F6E650743617074696F6E06082D2D2F2D2D2F2D2D05436F6C6F720709636C536B79426C75650C466F6E742E43686172736574070F44454641554C545F434841525345540A466F6E742E436F6C6F720707636C426C61636B0B466F6E742E48656967687402F309466F6E742E4E616D6506065461686F6D610A466F6E742E5374796C650B066673426F6C64000A506172656E74466F6E7408085461624F72646572020000000000065450616E656C0750616E656C3134044C656674020603546F70024805576964746803AD000648656967687402160A426576656C496E6E6572070962764C6F77657265640A426576656C4F75746572070662764E6F6E650743617074696F6E06082D2D2F2D2D2F2D2D05436F6C6F720707636C426C61636B0C466F6E742E43686172736574070F44454641554C545F434841525345540A466F6E742E436F6C6F720706636C417175610B466F6E742E48656967687402F309466F6E742E4E616D6506065461686F6D610A466F6E742E5374796C650B066673426F6C64000A506172656E74466F6E7408085461624F7264657202010006544C6162656C074C6162656C3235044C656674022903546F70022105576964746802640648656967687402100743617074696F6E1415000000D097D0B0D0B4D0B0D0BDD0B8D0B520D09FD0A7D0A20C466F6E742E43686172736574070F44454641554C545F434841525345540A466F6E742E436F6C6F720706636C426C75650B466F6E742E48656967687402F309466F6E742E4E616D65060D4D532053616E732053657269660A466F6E742E5374796C650B066673426F6C64000A506172656E74466F6E74080000065450616E656C0750616E656C3135044C656674020403546F70023205576964746803AD000648656967687402160A426576656C496E6E6572070962764C6F77657265640A426576656C4F75746572070662764E6F6E650743617074696F6E06082D2D2F2D2D2F2D2D05436F6C6F720709636C536B79426C75650C466F6E742E43686172736574070F44454641554C545F434841525345540A466F6E742E436F6C6F720707636C426C61636B0B466F6E742E48656967687402F309466F6E742E4E616D6506065461686F6D610A466F6E742E5374796C650B066673426F6C64000A506172656E74466F6E7408085461624F7264657202000000065450616E656C0750616E656C3136044C656674020603546F70021B05576964746803AD000648656967687402160A426576656C496E6E6572070962764C6F77657265640A426576656C4F75746572070662764E6F6E650743617074696F6E06082D2D2F2D2D2F2D2D05436F6C6F720709636C536B79426C75650C466F6E742E43686172736574070F44454641554C545F434841525345540A466F6E742E436F6C6F720707636C426C61636B0B466F6E742E48656967687402F309466F6E742E4E616D6506065461686F6D610A466F6E742E5374796C650B066673426F6C64000A506172656E74466F6E7408085461624F7264657202010006544C6162656C074C6162656C3236044C656674022903546F70022105576964746802640648656967687402100743617074696F6E1415000000D097D0B0D0B4D0B0D0BDD0B8D0B520D09FD0A7D0A20C466F6E742E43686172736574070F44454641554C545F434841525345540A466F6E742E436F6C6F720706636C426C75650B466F6E742E48656967687402F309466F6E742E4E616D65060D4D532053616E732053657269660A466F6E742E5374796C650B066673426F6C64000A506172656E74466F6E74080000065450616E656C0750616E656C3137044C656674020403546F70023205576964746803AD000648656967687402160A426576656C496E6E6572070962764C6F77657265640A426576656C4F75746572070662764E6F6E650743617074696F6E06082D2D2F2D2D2F2D2D05436F6C6F720709636C536B79426C75650C466F6E742E43686172736574070F44454641554C545F434841525345540A466F6E742E436F6C6F720707636C426C61636B0B466F6E742E48656967687402F309466F6E742E4E616D6506065461686F6D610A466F6E742E5374796C650B066673426F6C64000A506172656E74466F6E7408085461624F7264657202000000000000065450616E656C0650616E656C32044C65667403D30103546F700243055769647468022B0648656967687402150A426576656C4F75746572070962764C6F77657265640743617074696F6E06022D2D05436F6C6F720707636C426C61636B0C466F6E742E43686172736574070F44454641554C545F434841525345540A466F6E742E436F6C6F720706636C4C696D650B466F6E742E48656967687402F309466F6E742E4E616D65060D4D532053616E732053657269660A466F6E742E5374796C650B066673426F6C64000A506172656E74466F6E7408085461624F72646572020B0000065450616E656C0650616E656C36044C656674031C0103546F70030C01055769647468021B0648656967687402150A426576656C4F75746572070962764C6F77657265640743617074696F6E06022D2D05436F6C6F720707636C426C61636B0C466F6E742E43686172736574070F44454641554C545F434841525345540A466F6E742E436F6C6F720706636C4C696D650B466F6E742E48656967687402F309466F6E742E4E616D65060D4D532053616E732053657269660A466F6E742E5374796C650B066673426F6C64000A506172656E74466F6E7408085461624F72646572020C0000065450616E656C0650616E656C37044C65667403BC0103546F70030C01055769647468021B0648656967687402150A426576656C4F75746572070962764C6F77657265640743617074696F6E06022D2D05436F6C6F720707636C426C61636B0C466F6E742E43686172736574070F44454641554C545F434841525345540A466F6E742E436F6C6F720706636C4C696D650B466F6E742E48656967687402F309466F6E742E4E616D65060D4D532053616E732053657269660A466F6E742E5374796C650B066673426F6C64000A506172656E74466F6E7408085461624F72646572020D0000065450616E656C0650616E656C38044C656674034C0203546F70030C01055769647468021B0648656967687402150A426576656C4F75746572070962764C6F77657265640743617074696F6E06022D2D05436F6C6F720707636C426C61636B0C466F6E742E43686172736574070F44454641554C545F434841525345540A466F6E742E436F6C6F720706636C4C696D650B466F6E742E48656967687402F309466F6E742E4E616D65060D4D532053616E732053657269660A466F6E742E5374796C650B066673426F6C64000A506172656E74466F6E7408085461624F72646572020E0000065450616E656C0650616E656C39044C65667403D80203546F70030C01055769647468021B0648656967687402150A426576656C4F75746572070962764C6F77657265640743617074696F6E06022D2D05436F6C6F720707636C426C61636B0C466F6E742E43686172736574070F44454641554C545F434841525345540A466F6E742E436F6C6F720706636C4C696D650B466F6E742E48656967687402F309466F6E742E4E616D65060D4D532053616E732053657269660A466F6E742E5374796C650B066673426F6C64000A506172656E74466F6E7408085461624F72646572020F0000065450616E656C0750616E656C3130044C65667403640303546F70030C01055769647468021B0648656967687402150A426576656C4F75746572070962764C6F77657265640743617074696F6E06022D2D05436F6C6F720707636C426C61636B0C466F6E742E43686172736574070F44454641554C545F434841525345540A466F6E742E436F6C6F720706636C4C696D650B466F6E742E48656967687402F309466F6E742E4E616D65060D4D532053616E732053657269660A466F6E742E5374796C650B066673426F6C64000A506172656E74466F6E7408085461624F7264657202100000065450616E656C0750616E656C3139044C65667403570403546F700217055769647468022B0648656967687402150A426576656C4F75746572070962764C6F77657265640743617074696F6E06022D2D05436F6C6F720707636C426C61636B0C466F6E742E43686172736574070F44454641554C545F434841525345540A466F6E742E436F6C6F720706636C4C696D650B466F6E742E48656967687402F309466F6E742E4E616D65060D4D532053616E732053657269660A466F6E742E5374796C650B066673426F6C64000A506172656E74466F6E7408085461624F726465720211000000','single');
INSERT INTO policy (id,fk_project,descr,form,type) VALUES('zodino_pns.form_pns_fc_abb_p1','zodino_pns','ПЧ ABB Насос 1',x'FF0A0054464F524D003010B31C0000545046300554466F726D06466F726D5F32044C65667403780803546F7003B10105576964746803070206486569676874036E010743617074696F6E140C000000D09DD0B0D181D0BED181203105436F6C6F720709636C42746E466163650C466F6E742E43686172736574070F44454641554C545F434841525345540A466F6E742E436F6C6F72070C636C57696E646F77546578740B466F6E742E48656967687402F509466F6E742E4E616D65060D4D532053616E732053657269660A466F6E742E5374796C650B000E4F6C644372656174654F72646572080D506978656C73506572496E636802600A54657874486569676874020D00065465744C656406534D534C6564044C65667403F60003546F70024E05576964746802480648656967687402140850656E576964746802010850656E436F6C6F720707636C426C61636B0A5374617465436F6C6F720709636C42746E46616365094C6564526164697573020A0B416C61726D416374697665080D416C61726D496E74657276616C03F4010B416C61726D436F6C6F72310709636C42746E466163650B416C61726D436F6C6F72320705636C5265640743617074696F6E140B00000020D093D0BED182D0BED0B20A48617343617074696F6E090D54657874536570617261746F7206017C0C54657874506F736974696F6E0707747052696768740954657874416C69676E070674614C6566740C466F6E742E43686172736574070F44454641554C545F434841525345540A466F6E742E436F6C6F72070C636C57696E646F77546578740B466F6E742E48656967687402F309466F6E742E4E616D65060D4D532053616E732053657269660A466F6E742E5374796C650B066673426F6C64000000065465744C65640665744C656431044C65667403F60003546F70026705576964746803BD000648656967687402140850656E576964746802010850656E436F6C6F720707636C426C61636B0A5374617465436F6C6F720709636C42746E46616365094C6564526164697573020A0B416C61726D416374697665080D416C61726D496E74657276616C03F4010B416C61726D436F6C6F72310709636C42746E466163650B416C61726D436F6C6F72320705636C5265640743617074696F6E142400000020D092D180D0B0D189D0B5D0BDD0B8D0B520D180D0B0D0B7D180D0B5D188D0B5D0BDD0BE0A48617343617074696F6E090D54657874536570617261746F7206017C0C54657874506F736974696F6E0707747052696768740954657874416C69676E070674614C6566740C466F6E742E43686172736574070F44454641554C545F434841525345540A466F6E742E436F6C6F72070C636C57696E646F77546578740B466F6E742E48656967687402F309466F6E742E4E616D65060D4D532053616E732053657269660A466F6E742E5374796C650B066673426F6C64000000065465744C65640665744C656432044C65667403F60003546F7003990005576964746803DF000648656967687402140850656E576964746802010850656E436F6C6F720707636C426C61636B0A5374617465436F6C6F720709636C42746E46616365094C6564526164697573020A0B416C61726D416374697665080D416C61726D496E74657276616C03F4010B416C61726D436F6C6F72310709636C42746E466163650B416C61726D436F6C6F72320705636C5265640743617074696F6E142D00000020D09ED0B1D189D0B0D18F20D0B0D0B2D0B0D180D0B8D18F20D183D181D182D180D0BED0B9D181D182D0B2D0B00A48617343617074696F6E090D54657874536570617261746F7206017C0C54657874506F736974696F6E0707747052696768740954657874416C69676E070674614C6566740C466F6E742E43686172736574070F44454641554C545F434841525345540A466F6E742E436F6C6F72070C636C57696E646F77546578740B466F6E742E48656967687402F309466F6E742E4E616D65060D4D532053616E732053657269660A466F6E742E5374796C650B066673426F6C64000000065465744C65640665744C656433044C65667403F60003546F7003800005576964746803D2000648656967687402140850656E576964746802010850656E436F6C6F720707636C426C61636B0A5374617465436F6C6F720709636C42746E46616365094C6564526164697573020A0B416C61726D416374697665080D416C61726D496E74657276616C03F4010B416C61726D436F6C6F72310709636C42746E466163650B416C61726D436F6C6F72320705636C5265640743617074696F6E142B00000020D090D0BAD182D0B8D0B2D0B5D0BD20D181D0B8D0B3D0BDD0B0D0BB20D182D180D0B5D0B2D0BED0B3D0B80A48617343617074696F6E090D54657874536570617261746F7206017C0C54657874506F736974696F6E0707747052696768740954657874416C69676E070674614C6566740C466F6E742E43686172736574070F44454641554C545F434841525345540A466F6E742E436F6C6F72070C636C57696E646F77546578740B466F6E742E48656967687402F309466F6E742E4E616D65060D4D532053616E732053657269660A466F6E742E5374796C650B066673426F6C64000000065465744C65640665744C656434044C65667403F60003546F7003B20005576964746802710648656967687402140850656E576964746802010850656E436F6C6F720707636C426C61636B0A5374617465436F6C6F720709636C42746E46616365094C6564526164697573020A0B416C61726D416374697665080D416C61726D496E74657276616C03F4010B416C61726D436F6C6F72310709636C42746E466163650B416C61726D436F6C6F72320705636C5265640743617074696F6E141400000020D09DD0B5D18220D0BED182D0B2D0B5D182D0B00A48617343617074696F6E090D54657874536570617261746F7206017C0C54657874506F736974696F6E0707747052696768740954657874416C69676E070674614C6566740C466F6E742E43686172736574070F44454641554C545F434841525345540A466F6E742E436F6C6F72070C636C57696E646F77546578740B466F6E742E48656967687402F309466F6E742E4E616D65060D4D532053616E732053657269660A466F6E742E5374796C650B066673426F6C64000000065465744C65640665744C656435044C65667403F60003546F7003CB000557696474680386000648656967687402140850656E576964746802010850656E436F6C6F720707636C426C61636B0A5374617465436F6C6F720709636C42746E46616365094C6564526164697573020A0B416C61726D416374697665080D416C61726D496E74657276616C03F4010B416C61726D436F6C6F72310709636C42746E466163650B416C61726D436F6C6F72320705636C5265640743617074696F6E141900000020D098D181D0BFD0BED0BBD18CD0B7D183D0B5D182D181D18F0A48617343617074696F6E090D54657874536570617261746F7206017C0C54657874506F736974696F6E0707747052696768740954657874416C69676E070674614C6566740C466F6E742E43686172736574070F44454641554C545F434841525345540A466F6E742E436F6C6F72070C636C57696E646F77546578740B466F6E742E48656967687402F309466F6E742E4E616D65060D4D532053616E732053657269660A466F6E742E5374796C650B066673426F6C64000000075465744C696E650765744C696E6531044C65667403F60003546F7003E60005576964746803E1000648656967687402040F4C696E655374796C652E436F6C6F720706636C477261790F4C696E655374796C652E576964746802020B4F7269656E746174696F6E070C6F4C656674546F52696768740000065465744C65640665744C656436044C65667403F60003546F70023605576964746802530648656967687402140850656E576964746802010850656E436F6C6F720707636C426C61636B0A5374617465436F6C6F720709636C42746E46616365094C6564526164697573020A0B416C61726D416374697665080D416C61726D496E74657276616C03F4010B416C61726D436F6C6F72310709636C42746E466163650B416C61726D436F6C6F72320705636C5265640743617074696F6E140D00000020D0A0D0B0D0B1D0BED182D0B00A48617343617074696F6E090D54657874536570617261746F7206017C0C54657874506F736974696F6E0707747052696768740954657874416C69676E070674614C6566740C466F6E742E43686172736574070F44454641554C545F434841525345540A466F6E742E436F6C6F72070C636C57696E646F77546578740B466F6E742E48656967687402F309466F6E742E4E616D65060D4D532053616E732053657269660A466F6E742E5374796C650B066673426F6C640000000B54527A47726F7570426F780B527A47726F7570426F7833044C656674020603546F70020505576964746803E00006486569676874022B0743617074696F6E1425000000D092D18BD185D0BED0B4D0BDD0B0D18F20D187D0B0D181D182D0BED182D0B02C20D093D1860C466F6E742E43686172736574070F44454641554C545F434841525345540A466F6E742E436F6C6F72070C636C57696E646F77546578740B466F6E742E48656967687402F509466F6E742E4E616D65060D4D532053616E732053657269660A466F6E742E5374796C650B066673426F6C64000A506172656E74466F6E7408085461624F72646572020000065450616E656C0650616E656C32044C656674020503546F70020E05576964746803D60006486569676874021A0A426576656C4F75746572070962764C6F77657265640743617074696F6E06122D2D2D2D2D2D2D2D2D2D2D2D2D2D2D2D2D2D05436F6C6F720707636C426C61636B0C466F6E742E43686172736574070F44454641554C545F434841525345540A466F6E742E436F6C6F720706636C417175610B466F6E742E48656967687402ED09466F6E742E4E616D6506067461686F6D610A466F6E742E5374796C650B066673426F6C64000A506172656E74466F6E7408085461624F7264657202000000000954527A427574746F6E0542746E4F6E044C65667403F60003546F7003EE0005576964746803E10006486569676874021B0A4672616D65436F6C6F720706636C477261790743617074696F6E120800000012043A043B044E044704380442044C040C466F6E742E43686172736574070F44454641554C545F434841525345540A466F6E742E436F6C6F72070C636C57696E646F77546578740B466F6E742E48656967687402F009466F6E742E4E616D6506067461686F6D610A466F6E742E5374796C650B066673426F6C64000E486967686C69676874436F6C6F720708636C53696C76657208486F74547261636B090D486F74547261636B436F6C6F720706636C426C75650E4C69676874546578745374796C65090A506172656E74466F6E74081254657874486967686C69676874436F6C6F720707636C426C61636B0F54657874536861646F77436F6C6F720707636C426C61636B0F54657874536861646F774465707468020A085461624F72646572020100000954527A427574746F6E0642746E4F6666044C65667403F60003546F70030F0105576964746803E10006486569676874021B0A4672616D65436F6C6F720706636C477261790743617074696F6E120900000012044B043A043B044E044704380442044C040C466F6E742E43686172736574070F44454641554C545F434841525345540A466F6E742E436F6C6F72070C636C57696E646F77546578740B466F6E742E48656967687402F009466F6E742E4E616D6506067461686F6D610A466F6E742E5374796C650B066673426F6C64000E486967686C69676874436F6C6F720708636C53696C76657208486F74547261636B090D486F74547261636B436F6C6F720706636C426C75650E4C69676874546578745374796C65090A506172656E74466F6E74081254657874486967686C69676874436F6C6F720707636C426C61636B0F54657874536861646F77436F6C6F720707636C426C61636B0F54657874536861646F774465707468020A085461624F72646572020200000B54527A47726F7570426F780B527A47726F7570426F7831044C656674020603546F70023705576964746803E00006486569676874022B0743617074696F6E141D000000D0A2D0BED0BA20D0B4D0B2D0B8D0B3D0B0D182D0B5D0BBD18F2C20D0900C466F6E742E43686172736574070F44454641554C545F434841525345540A466F6E742E436F6C6F72070C636C57696E646F77546578740B466F6E742E48656967687402F509466F6E742E4E616D65060D4D532053616E732053657269660A466F6E742E5374796C650B066673426F6C64000A506172656E74466F6E7408085461624F72646572020300065450616E656C0650616E656C31044C656674020503546F70020E05576964746803D60006486569676874021A0A426576656C4F75746572070962764C6F77657265640743617074696F6E06122D2D2D2D2D2D2D2D2D2D2D2D2D2D2D2D2D2D05436F6C6F720707636C426C61636B0C466F6E742E43686172736574070F44454641554C545F434841525345540A466F6E742E436F6C6F720706636C417175610B466F6E742E48656967687402ED09466F6E742E4E616D6506067461686F6D610A466F6E742E5374796C650B066673426F6C64000A506172656E74466F6E7408085461624F7264657202000000000B54527A47726F7570426F780B527A47726F7570426F7832044C656674020603546F70039B0005576964746803E00006486569676874022B0743617074696F6E143B000000D09AD0BED0B420D0BFD0BED181D0BBD0B5D0B4D0BDD0B5D0B3D0BE20D0B0D0BAD182D0B8D0B2D0BDD0BED0B3D0BE20D0BED182D0BAD0B0D0B7D0B00C466F6E742E43686172736574070F44454641554C545F434841525345540A466F6E742E436F6C6F72070C636C57696E646F77546578740B466F6E742E48656967687402F509466F6E742E4E616D65060D4D532053616E732053657269660A466F6E742E5374796C650B066673426F6C64000A506172656E74466F6E7408085461624F72646572020400065450616E656C0650616E656C33044C656674020503546F70020E05576964746803D60006486569676874021A0A426576656C4F75746572070962764C6F77657265640743617074696F6E06122D2D2D2D2D2D2D2D2D2D2D2D2D2D2D2D2D2D05436F6C6F720707636C426C61636B0C466F6E742E43686172736574070F44454641554C545F434841525345540A466F6E742E436F6C6F720706636C417175610B466F6E742E48656967687402ED09466F6E742E4E616D6506067461686F6D610A466F6E742E5374796C650B066673426F6C64000A506172656E74466F6E7408085461624F7264657202000000000B54527A47726F7570426F780B527A47726F7570426F7834044C656674020603546F70026905576964746803E00006486569676874022B0743617074696F6E142B000000D09DD0B0D0BFD180D18FD0B6D0B5D0BDD0B8D0B520D0B4D0B2D0B8D0B3D0B0D182D0B5D0BBD18F2C20D0920C466F6E742E43686172736574070F44454641554C545F434841525345540A466F6E742E436F6C6F72070C636C57696E646F77546578740B466F6E742E48656967687402F509466F6E742E4E616D65060D4D532053616E732053657269660A466F6E742E5374796C650B066673426F6C64000A506172656E74466F6E7408085461624F72646572020500065450616E656C0650616E656C34044C656674020503546F70020E05576964746803D60006486569676874021A0A426576656C4F75746572070962764C6F77657265640743617074696F6E06122D2D2D2D2D2D2D2D2D2D2D2D2D2D2D2D2D2D05436F6C6F720707636C426C61636B0C466F6E742E43686172736574070F44454641554C545F434841525345540A466F6E742E436F6C6F720706636C417175610B466F6E742E48656967687402ED09466F6E742E4E616D6506067461686F6D610A466F6E742E5374796C650B066673426F6C64000A506172656E74466F6E7408085461624F7264657202000000000B54527A47726F7570426F780B527A47726F7570426F7835044C656674020603546F7003CD0005576964746803E00006486569676874022B0743617074696F6E1423000000D097D0B0D0B4D0B0D0BDD0B8D0B520D187D0B0D181D182D0BED182D18B2C20D093D1860C466F6E742E43686172736574070F44454641554C545F434841525345540A466F6E742E436F6C6F72070C636C57696E646F77546578740B466F6E742E48656967687402F509466F6E742E4E616D65060D4D532053616E732053657269660A466F6E742E5374796C650B066673426F6C64000A506172656E74466F6E7408085461624F72646572020600065450616E656C0650616E656C35044C656674020503546F70020E05576964746803D60006486569676874021A0A426576656C4F75746572070962764C6F77657265640743617074696F6E06122D2D2D2D2D2D2D2D2D2D2D2D2D2D2D2D2D2D05436F6C6F720707636C426C61636B0C466F6E742E43686172736574070F44454641554C545F434841525345540A466F6E742E436F6C6F720706636C417175610B466F6E742E48656967687402ED09466F6E742E4E616D6506067461686F6D610A466F6E742E5374796C650B066673426F6C64000A506172656E74466F6E7408085461624F7264657202000000000B54527A47726F7570426F780B527A47726F7570426F7836044C656674020603546F7003FF0005576964746803E00006486569676874022B0743617074696F6E1438000000D0A4D0B0D0BAD182D0B8D187D0B5D181D0BAD0BED0B520D0B7D0BDD0B0D187D0B5D0BDD0B8D0B520D0B2D0B5D0BBD0B8D187D0B8D0BDD18B0C466F6E742E43686172736574070F44454641554C545F434841525345540A466F6E742E436F6C6F72070C636C57696E646F77546578740B466F6E742E48656967687402F509466F6E742E4E616D65060D4D532053616E732053657269660A466F6E742E5374796C650B066673426F6C64000A506172656E74466F6E7408085461624F72646572020700065450616E656C0650616E656C36044C656674020503546F70020E05576964746803D60006486569676874021A0A426576656C4F75746572070962764C6F77657265640743617074696F6E06122D2D2D2D2D2D2D2D2D2D2D2D2D2D2D2D2D2D05436F6C6F720707636C426C61636B0C466F6E742E43686172736574070F44454641554C545F434841525345540A466F6E742E436F6C6F720706636C417175610B466F6E742E48656967687402ED09466F6E742E4E616D6506067461686F6D610A466F6E742E5374796C650B066673426F6C64000A506172656E74466F6E7408085461624F7264657202000000000B54527A47726F7570426F780B527A47726F7570426F7837044C65667403F60003546F70020505576964746803E00006486569676874022B0743617074696F6E1415000000D097D0B0D0B4D0B0D0BDD0B8D0B520D09FD098D0940C466F6E742E43686172736574070F44454641554C545F434841525345540A466F6E742E436F6C6F72070C636C57696E646F77546578740B466F6E742E48656967687402F509466F6E742E4E616D65060D4D532053616E732053657269660A466F6E742E5374796C650B066673426F6C64000A506172656E74466F6E7408085461624F72646572020800065450616E656C0650616E656C37044C656674020503546F70020E05576964746803D60006486569676874021A0A426576656C4F75746572070962764C6F77657265640743617074696F6E06122D2D2D2D2D2D2D2D2D2D2D2D2D2D2D2D2D2D05436F6C6F720707636C426C61636B0C466F6E742E43686172736574070F44454641554C545F434841525345540A466F6E742E436F6C6F720706636C417175610B466F6E742E48656967687402ED09466F6E742E4E616D6506067461686F6D610A466F6E742E5374796C650B066673426F6C64000A506172656E74466F6E7408085461624F72646572020000000000','dlg');
INSERT INTO policy (id,fk_project,descr,form,type) VALUES('zodino_pns.form_pns_fc_abb_p2','zodino_pns','ПЧ ABB Насос 2',x'FF0A0054464F524D003010B51C0000545046300554466F726D08466F726D5F325F31044C65667403780803546F7003B10105576964746803070206486569676874036E010743617074696F6E140C000000D09DD0B0D181D0BED181203205436F6C6F720709636C42746E466163650C466F6E742E43686172736574070F44454641554C545F434841525345540A466F6E742E436F6C6F72070C636C57696E646F77546578740B466F6E742E48656967687402F509466F6E742E4E616D65060D4D532053616E732053657269660A466F6E742E5374796C650B000E4F6C644372656174654F72646572080D506978656C73506572496E636802600A54657874486569676874020D00065465744C656406534D534C6564044C65667403F60003546F70024E05576964746802480648656967687402140850656E576964746802010850656E436F6C6F720707636C426C61636B0A5374617465436F6C6F720709636C42746E46616365094C6564526164697573020A0B416C61726D416374697665080D416C61726D496E74657276616C03F4010B416C61726D436F6C6F72310709636C42746E466163650B416C61726D436F6C6F72320705636C5265640743617074696F6E140B00000020D093D0BED182D0BED0B20A48617343617074696F6E090D54657874536570617261746F7206017C0C54657874506F736974696F6E0707747052696768740954657874416C69676E070674614C6566740C466F6E742E43686172736574070F44454641554C545F434841525345540A466F6E742E436F6C6F72070C636C57696E646F77546578740B466F6E742E48656967687402F309466F6E742E4E616D65060D4D532053616E732053657269660A466F6E742E5374796C650B066673426F6C64000000065465744C65640665744C656431044C65667403F60003546F70026705576964746803BD000648656967687402140850656E576964746802010850656E436F6C6F720707636C426C61636B0A5374617465436F6C6F720709636C42746E46616365094C6564526164697573020A0B416C61726D416374697665080D416C61726D496E74657276616C03F4010B416C61726D436F6C6F72310709636C42746E466163650B416C61726D436F6C6F72320705636C5265640743617074696F6E142400000020D092D180D0B0D189D0B5D0BDD0B8D0B520D180D0B0D0B7D180D0B5D188D0B5D0BDD0BE0A48617343617074696F6E090D54657874536570617261746F7206017C0C54657874506F736974696F6E0707747052696768740954657874416C69676E070674614C6566740C466F6E742E43686172736574070F44454641554C545F434841525345540A466F6E742E436F6C6F72070C636C57696E646F77546578740B466F6E742E48656967687402F309466F6E742E4E616D65060D4D532053616E732053657269660A466F6E742E5374796C650B066673426F6C64000000065465744C65640665744C656432044C65667403F60003546F7003990005576964746803DF000648656967687402140850656E576964746802010850656E436F6C6F720707636C426C61636B0A5374617465436F6C6F720709636C42746E46616365094C6564526164697573020A0B416C61726D416374697665080D416C61726D496E74657276616C03F4010B416C61726D436F6C6F72310709636C42746E466163650B416C61726D436F6C6F72320705636C5265640743617074696F6E142D00000020D09ED0B1D189D0B0D18F20D0B0D0B2D0B0D180D0B8D18F20D183D181D182D180D0BED0B9D181D182D0B2D0B00A48617343617074696F6E090D54657874536570617261746F7206017C0C54657874506F736974696F6E0707747052696768740954657874416C69676E070674614C6566740C466F6E742E43686172736574070F44454641554C545F434841525345540A466F6E742E436F6C6F72070C636C57696E646F77546578740B466F6E742E48656967687402F309466F6E742E4E616D65060D4D532053616E732053657269660A466F6E742E5374796C650B066673426F6C64000000065465744C65640665744C656433044C65667403F60003546F7003800005576964746803D2000648656967687402140850656E576964746802010850656E436F6C6F720707636C426C61636B0A5374617465436F6C6F720709636C42746E46616365094C6564526164697573020A0B416C61726D416374697665080D416C61726D496E74657276616C03F4010B416C61726D436F6C6F72310709636C42746E466163650B416C61726D436F6C6F72320705636C5265640743617074696F6E142B00000020D090D0BAD182D0B8D0B2D0B5D0BD20D181D0B8D0B3D0BDD0B0D0BB20D182D180D0B5D0B2D0BED0B3D0B80A48617343617074696F6E090D54657874536570617261746F7206017C0C54657874506F736974696F6E0707747052696768740954657874416C69676E070674614C6566740C466F6E742E43686172736574070F44454641554C545F434841525345540A466F6E742E436F6C6F72070C636C57696E646F77546578740B466F6E742E48656967687402F309466F6E742E4E616D65060D4D532053616E732053657269660A466F6E742E5374796C650B066673426F6C64000000065465744C65640665744C656434044C65667403F60003546F7003B20005576964746802710648656967687402140850656E576964746802010850656E436F6C6F720707636C426C61636B0A5374617465436F6C6F720709636C42746E46616365094C6564526164697573020A0B416C61726D416374697665080D416C61726D496E74657276616C03F4010B416C61726D436F6C6F72310709636C42746E466163650B416C61726D436F6C6F72320705636C5265640743617074696F6E141400000020D09DD0B5D18220D0BED182D0B2D0B5D182D0B00A48617343617074696F6E090D54657874536570617261746F7206017C0C54657874506F736974696F6E0707747052696768740954657874416C69676E070674614C6566740C466F6E742E43686172736574070F44454641554C545F434841525345540A466F6E742E436F6C6F72070C636C57696E646F77546578740B466F6E742E48656967687402F309466F6E742E4E616D65060D4D532053616E732053657269660A466F6E742E5374796C650B066673426F6C64000000065465744C65640665744C656435044C65667403F60003546F7003CB000557696474680386000648656967687402140850656E576964746802010850656E436F6C6F720707636C426C61636B0A5374617465436F6C6F720709636C42746E46616365094C6564526164697573020A0B416C61726D416374697665080D416C61726D496E74657276616C03F4010B416C61726D436F6C6F72310709636C42746E466163650B416C61726D436F6C6F72320705636C5265640743617074696F6E141900000020D098D181D0BFD0BED0BBD18CD0B7D183D0B5D182D181D18F0A48617343617074696F6E090D54657874536570617261746F7206017C0C54657874506F736974696F6E0707747052696768740954657874416C69676E070674614C6566740C466F6E742E43686172736574070F44454641554C545F434841525345540A466F6E742E436F6C6F72070C636C57696E646F77546578740B466F6E742E48656967687402F309466F6E742E4E616D65060D4D532053616E732053657269660A466F6E742E5374796C650B066673426F6C64000000075465744C696E650765744C696E6531044C65667403F60003546F7003E60005576964746803E1000648656967687402040F4C696E655374796C652E436F6C6F720706636C477261790F4C696E655374796C652E576964746802020B4F7269656E746174696F6E070C6F4C656674546F52696768740000065465744C65640665744C656436044C65667403F60003546F70023605576964746802530648656967687402140850656E576964746802010850656E436F6C6F720707636C426C61636B0A5374617465436F6C6F720709636C42746E46616365094C6564526164697573020A0B416C61726D416374697665080D416C61726D496E74657276616C03F4010B416C61726D436F6C6F72310709636C42746E466163650B416C61726D436F6C6F72320705636C5265640743617074696F6E140D00000020D0A0D0B0D0B1D0BED182D0B00A48617343617074696F6E090D54657874536570617261746F7206017C0C54657874506F736974696F6E0707747052696768740954657874416C69676E070674614C6566740C466F6E742E43686172736574070F44454641554C545F434841525345540A466F6E742E436F6C6F72070C636C57696E646F77546578740B466F6E742E48656967687402F309466F6E742E4E616D65060D4D532053616E732053657269660A466F6E742E5374796C650B066673426F6C640000000B54527A47726F7570426F780B527A47726F7570426F7833044C656674020603546F70020505576964746803E00006486569676874022B0743617074696F6E1425000000D092D18BD185D0BED0B4D0BDD0B0D18F20D187D0B0D181D182D0BED182D0B02C20D093D1860C466F6E742E43686172736574070F44454641554C545F434841525345540A466F6E742E436F6C6F72070C636C57696E646F77546578740B466F6E742E48656967687402F509466F6E742E4E616D65060D4D532053616E732053657269660A466F6E742E5374796C650B066673426F6C64000A506172656E74466F6E7408085461624F72646572020000065450616E656C0650616E656C32044C656674020503546F70020E05576964746803D60006486569676874021A0A426576656C4F75746572070962764C6F77657265640743617074696F6E06122D2D2D2D2D2D2D2D2D2D2D2D2D2D2D2D2D2D05436F6C6F720707636C426C61636B0C466F6E742E43686172736574070F44454641554C545F434841525345540A466F6E742E436F6C6F720706636C417175610B466F6E742E48656967687402ED09466F6E742E4E616D6506067461686F6D610A466F6E742E5374796C650B066673426F6C64000A506172656E74466F6E7408085461624F7264657202000000000954527A427574746F6E0542746E4F6E044C65667403F60003546F7003EE0005576964746803E10006486569676874021B0A4672616D65436F6C6F720706636C477261790743617074696F6E120800000012043A043B044E044704380442044C040C466F6E742E43686172736574070F44454641554C545F434841525345540A466F6E742E436F6C6F72070C636C57696E646F77546578740B466F6E742E48656967687402F009466F6E742E4E616D6506067461686F6D610A466F6E742E5374796C650B066673426F6C64000E486967686C69676874436F6C6F720708636C53696C76657208486F74547261636B090D486F74547261636B436F6C6F720706636C426C75650E4C69676874546578745374796C65090A506172656E74466F6E74081254657874486967686C69676874436F6C6F720707636C426C61636B0F54657874536861646F77436F6C6F720707636C426C61636B0F54657874536861646F774465707468020A085461624F72646572020100000954527A427574746F6E0642746E4F6666044C65667403F60003546F70030F0105576964746803E10006486569676874021B0A4672616D65436F6C6F720706636C477261790743617074696F6E120900000012044B043A043B044E044704380442044C040C466F6E742E43686172736574070F44454641554C545F434841525345540A466F6E742E436F6C6F72070C636C57696E646F77546578740B466F6E742E48656967687402F009466F6E742E4E616D6506067461686F6D610A466F6E742E5374796C650B066673426F6C64000E486967686C69676874436F6C6F720708636C53696C76657208486F74547261636B090D486F74547261636B436F6C6F720706636C426C75650E4C69676874546578745374796C65090A506172656E74466F6E74081254657874486967686C69676874436F6C6F720707636C426C61636B0F54657874536861646F77436F6C6F720707636C426C61636B0F54657874536861646F774465707468020A085461624F72646572020200000B54527A47726F7570426F780B527A47726F7570426F7831044C656674020603546F70023705576964746803E00006486569676874022B0743617074696F6E141D000000D0A2D0BED0BA20D0B4D0B2D0B8D0B3D0B0D182D0B5D0BBD18F2C20D0900C466F6E742E43686172736574070F44454641554C545F434841525345540A466F6E742E436F6C6F72070C636C57696E646F77546578740B466F6E742E48656967687402F509466F6E742E4E616D65060D4D532053616E732053657269660A466F6E742E5374796C650B066673426F6C64000A506172656E74466F6E7408085461624F72646572020300065450616E656C0650616E656C31044C656674020503546F70020E05576964746803D60006486569676874021A0A426576656C4F75746572070962764C6F77657265640743617074696F6E06122D2D2D2D2D2D2D2D2D2D2D2D2D2D2D2D2D2D05436F6C6F720707636C426C61636B0C466F6E742E43686172736574070F44454641554C545F434841525345540A466F6E742E436F6C6F720706636C417175610B466F6E742E48656967687402ED09466F6E742E4E616D6506067461686F6D610A466F6E742E5374796C650B066673426F6C64000A506172656E74466F6E7408085461624F7264657202000000000B54527A47726F7570426F780B527A47726F7570426F7832044C656674020603546F70039B0005576964746803E00006486569676874022B0743617074696F6E143B000000D09AD0BED0B420D0BFD0BED181D0BBD0B5D0B4D0BDD0B5D0B3D0BE20D0B0D0BAD182D0B8D0B2D0BDD0BED0B3D0BE20D0BED182D0BAD0B0D0B7D0B00C466F6E742E43686172736574070F44454641554C545F434841525345540A466F6E742E436F6C6F72070C636C57696E646F77546578740B466F6E742E48656967687402F509466F6E742E4E616D65060D4D532053616E732053657269660A466F6E742E5374796C650B066673426F6C64000A506172656E74466F6E7408085461624F72646572020400065450616E656C0650616E656C33044C656674020503546F70020E05576964746803D60006486569676874021A0A426576656C4F75746572070962764C6F77657265640743617074696F6E06122D2D2D2D2D2D2D2D2D2D2D2D2D2D2D2D2D2D05436F6C6F720707636C426C61636B0C466F6E742E43686172736574070F44454641554C545F434841525345540A466F6E742E436F6C6F720706636C417175610B466F6E742E48656967687402ED09466F6E742E4E616D6506067461686F6D610A466F6E742E5374796C650B066673426F6C64000A506172656E74466F6E7408085461624F7264657202000000000B54527A47726F7570426F780B527A47726F7570426F7834044C656674020603546F70026905576964746803E00006486569676874022B0743617074696F6E142B000000D09DD0B0D0BFD180D18FD0B6D0B5D0BDD0B8D0B520D0B4D0B2D0B8D0B3D0B0D182D0B5D0BBD18F2C20D0920C466F6E742E43686172736574070F44454641554C545F434841525345540A466F6E742E436F6C6F72070C636C57696E646F77546578740B466F6E742E48656967687402F509466F6E742E4E616D65060D4D532053616E732053657269660A466F6E742E5374796C650B066673426F6C64000A506172656E74466F6E7408085461624F72646572020500065450616E656C0650616E656C34044C656674020503546F70020E05576964746803D60006486569676874021A0A426576656C4F75746572070962764C6F77657265640743617074696F6E06122D2D2D2D2D2D2D2D2D2D2D2D2D2D2D2D2D2D05436F6C6F720707636C426C61636B0C466F6E742E43686172736574070F44454641554C545F434841525345540A466F6E742E436F6C6F720706636C417175610B466F6E742E48656967687402ED09466F6E742E4E616D6506067461686F6D610A466F6E742E5374796C650B066673426F6C64000A506172656E74466F6E7408085461624F7264657202000000000B54527A47726F7570426F780B527A47726F7570426F7835044C656674020603546F7003CD0005576964746803E00006486569676874022B0743617074696F6E1423000000D097D0B0D0B4D0B0D0BDD0B8D0B520D187D0B0D181D182D0BED182D18B2C20D093D1860C466F6E742E43686172736574070F44454641554C545F434841525345540A466F6E742E436F6C6F72070C636C57696E646F77546578740B466F6E742E48656967687402F509466F6E742E4E616D65060D4D532053616E732053657269660A466F6E742E5374796C650B066673426F6C64000A506172656E74466F6E7408085461624F72646572020600065450616E656C0650616E656C35044C656674020503546F70020E05576964746803D60006486569676874021A0A426576656C4F75746572070962764C6F77657265640743617074696F6E06122D2D2D2D2D2D2D2D2D2D2D2D2D2D2D2D2D2D05436F6C6F720707636C426C61636B0C466F6E742E43686172736574070F44454641554C545F434841525345540A466F6E742E436F6C6F720706636C417175610B466F6E742E48656967687402ED09466F6E742E4E616D6506067461686F6D610A466F6E742E5374796C650B066673426F6C64000A506172656E74466F6E7408085461624F7264657202000000000B54527A47726F7570426F780B527A47726F7570426F7836044C656674020603546F7003FF0005576964746803E00006486569676874022B0743617074696F6E1438000000D0A4D0B0D0BAD182D0B8D187D0B5D181D0BAD0BED0B520D0B7D0BDD0B0D187D0B5D0BDD0B8D0B520D0B2D0B5D0BBD0B8D187D0B8D0BDD18B0C466F6E742E43686172736574070F44454641554C545F434841525345540A466F6E742E436F6C6F72070C636C57696E646F77546578740B466F6E742E48656967687402F509466F6E742E4E616D65060D4D532053616E732053657269660A466F6E742E5374796C650B066673426F6C64000A506172656E74466F6E7408085461624F72646572020700065450616E656C0650616E656C36044C656674020503546F70020E05576964746803D60006486569676874021A0A426576656C4F75746572070962764C6F77657265640743617074696F6E06122D2D2D2D2D2D2D2D2D2D2D2D2D2D2D2D2D2D05436F6C6F720707636C426C61636B0C466F6E742E43686172736574070F44454641554C545F434841525345540A466F6E742E436F6C6F720706636C417175610B466F6E742E48656967687402ED09466F6E742E4E616D6506067461686F6D610A466F6E742E5374796C650B066673426F6C64000A506172656E74466F6E7408085461624F7264657202000000000B54527A47726F7570426F780B527A47726F7570426F7837044C65667403F60003546F70020505576964746803E00006486569676874022B0743617074696F6E1415000000D097D0B0D0B4D0B0D0BDD0B8D0B520D09FD098D0940C466F6E742E43686172736574070F44454641554C545F434841525345540A466F6E742E436F6C6F72070C636C57696E646F77546578740B466F6E742E48656967687402F509466F6E742E4E616D65060D4D532053616E732053657269660A466F6E742E5374796C650B066673426F6C64000A506172656E74466F6E7408085461624F72646572020800065450616E656C0650616E656C37044C656674020503546F70020E05576964746803D60006486569676874021A0A426576656C4F75746572070962764C6F77657265640743617074696F6E06122D2D2D2D2D2D2D2D2D2D2D2D2D2D2D2D2D2D05436F6C6F720707636C426C61636B0C466F6E742E43686172736574070F44454641554C545F434841525345540A466F6E742E436F6C6F720706636C417175610B466F6E742E48656967687402ED09466F6E742E4E616D6506067461686F6D610A466F6E742E5374796C650B066673426F6C64000A506172656E74466F6E7408085461624F72646572020000000000','dlg');
INSERT INTO policy (id,fk_project,descr,form,type) VALUES('zodino_pns.form_pns_fc_abb_p3','zodino_pns','ПЧ ABB Насос 3',x'FF0A0054464F524D003010B51C0000545046300554466F726D08466F726D5F325F32044C65667403780803546F7003B10105576964746803070206486569676874036E010743617074696F6E140C000000D09DD0B0D181D0BED181203305436F6C6F720709636C42746E466163650C466F6E742E43686172736574070F44454641554C545F434841525345540A466F6E742E436F6C6F72070C636C57696E646F77546578740B466F6E742E48656967687402F509466F6E742E4E616D65060D4D532053616E732053657269660A466F6E742E5374796C650B000E4F6C644372656174654F72646572080D506978656C73506572496E636802600A54657874486569676874020D00065465744C656406534D534C6564044C65667403F60003546F70024E05576964746802480648656967687402140850656E576964746802010850656E436F6C6F720707636C426C61636B0A5374617465436F6C6F720709636C42746E46616365094C6564526164697573020A0B416C61726D416374697665080D416C61726D496E74657276616C03F4010B416C61726D436F6C6F72310709636C42746E466163650B416C61726D436F6C6F72320705636C5265640743617074696F6E140B00000020D093D0BED182D0BED0B20A48617343617074696F6E090D54657874536570617261746F7206017C0C54657874506F736974696F6E0707747052696768740954657874416C69676E070674614C6566740C466F6E742E43686172736574070F44454641554C545F434841525345540A466F6E742E436F6C6F72070C636C57696E646F77546578740B466F6E742E48656967687402F309466F6E742E4E616D65060D4D532053616E732053657269660A466F6E742E5374796C650B066673426F6C64000000065465744C65640665744C656431044C65667403F60003546F70026705576964746803BD000648656967687402140850656E576964746802010850656E436F6C6F720707636C426C61636B0A5374617465436F6C6F720709636C42746E46616365094C6564526164697573020A0B416C61726D416374697665080D416C61726D496E74657276616C03F4010B416C61726D436F6C6F72310709636C42746E466163650B416C61726D436F6C6F72320705636C5265640743617074696F6E142400000020D092D180D0B0D189D0B5D0BDD0B8D0B520D180D0B0D0B7D180D0B5D188D0B5D0BDD0BE0A48617343617074696F6E090D54657874536570617261746F7206017C0C54657874506F736974696F6E0707747052696768740954657874416C69676E070674614C6566740C466F6E742E43686172736574070F44454641554C545F434841525345540A466F6E742E436F6C6F72070C636C57696E646F77546578740B466F6E742E48656967687402F309466F6E742E4E616D65060D4D532053616E732053657269660A466F6E742E5374796C650B066673426F6C64000000065465744C65640665744C656432044C65667403F60003546F7003990005576964746803DF000648656967687402140850656E576964746802010850656E436F6C6F720707636C426C61636B0A5374617465436F6C6F720709636C42746E46616365094C6564526164697573020A0B416C61726D416374697665080D416C61726D496E74657276616C03F4010B416C61726D436F6C6F72310709636C42746E466163650B416C61726D436F6C6F72320705636C5265640743617074696F6E142D00000020D09ED0B1D189D0B0D18F20D0B0D0B2D0B0D180D0B8D18F20D183D181D182D180D0BED0B9D181D182D0B2D0B00A48617343617074696F6E090D54657874536570617261746F7206017C0C54657874506F736974696F6E0707747052696768740954657874416C69676E070674614C6566740C466F6E742E43686172736574070F44454641554C545F434841525345540A466F6E742E436F6C6F72070C636C57696E646F77546578740B466F6E742E48656967687402F309466F6E742E4E616D65060D4D532053616E732053657269660A466F6E742E5374796C650B066673426F6C64000000065465744C65640665744C656433044C65667403F60003546F7003800005576964746803D2000648656967687402140850656E576964746802010850656E436F6C6F720707636C426C61636B0A5374617465436F6C6F720709636C42746E46616365094C6564526164697573020A0B416C61726D416374697665080D416C61726D496E74657276616C03F4010B416C61726D436F6C6F72310709636C42746E466163650B416C61726D436F6C6F72320705636C5265640743617074696F6E142B00000020D090D0BAD182D0B8D0B2D0B5D0BD20D181D0B8D0B3D0BDD0B0D0BB20D182D180D0B5D0B2D0BED0B3D0B80A48617343617074696F6E090D54657874536570617261746F7206017C0C54657874506F736974696F6E0707747052696768740954657874416C69676E070674614C6566740C466F6E742E43686172736574070F44454641554C545F434841525345540A466F6E742E436F6C6F72070C636C57696E646F77546578740B466F6E742E48656967687402F309466F6E742E4E616D65060D4D532053616E732053657269660A466F6E742E5374796C650B066673426F6C64000000065465744C65640665744C656434044C65667403F60003546F7003B20005576964746802710648656967687402140850656E576964746802010850656E436F6C6F720707636C426C61636B0A5374617465436F6C6F720709636C42746E46616365094C6564526164697573020A0B416C61726D416374697665080D416C61726D496E74657276616C03F4010B416C61726D436F6C6F72310709636C42746E466163650B416C61726D436F6C6F72320705636C5265640743617074696F6E141400000020D09DD0B5D18220D0BED182D0B2D0B5D182D0B00A48617343617074696F6E090D54657874536570617261746F7206017C0C54657874506F736974696F6E0707747052696768740954657874416C69676E070674614C6566740C466F6E742E43686172736574070F44454641554C545F434841525345540A466F6E742E436F6C6F72070C636C57696E646F77546578740B466F6E742E48656967687402F309466F6E742E4E616D65060D4D532053616E732053657269660A466F6E742E5374796C650B066673426F6C64000000065465744C65640665744C656435044C65667403F60003546F7003CB000557696474680386000648656967687402140850656E576964746802010850656E436F6C6F720707636C426C61636B0A5374617465436F6C6F720709636C42746E46616365094C6564526164697573020A0B416C61726D416374697665080D416C61726D496E74657276616C03F4010B416C61726D436F6C6F72310709636C42746E466163650B416C61726D436F6C6F72320705636C5265640743617074696F6E141900000020D098D181D0BFD0BED0BBD18CD0B7D183D0B5D182D181D18F0A48617343617074696F6E090D54657874536570617261746F7206017C0C54657874506F736974696F6E0707747052696768740954657874416C69676E070674614C6566740C466F6E742E43686172736574070F44454641554C545F434841525345540A466F6E742E436F6C6F72070C636C57696E646F77546578740B466F6E742E48656967687402F309466F6E742E4E616D65060D4D532053616E732053657269660A466F6E742E5374796C650B066673426F6C64000000075465744C696E650765744C696E6531044C65667403F60003546F7003E60005576964746803E1000648656967687402040F4C696E655374796C652E436F6C6F720706636C477261790F4C696E655374796C652E576964746802020B4F7269656E746174696F6E070C6F4C656674546F52696768740000065465744C65640665744C656436044C65667403F60003546F70023605576964746802530648656967687402140850656E576964746802010850656E436F6C6F720707636C426C61636B0A5374617465436F6C6F720709636C42746E46616365094C6564526164697573020A0B416C61726D416374697665080D416C61726D496E74657276616C03F4010B416C61726D436F6C6F72310709636C42746E466163650B416C61726D436F6C6F72320705636C5265640743617074696F6E140D00000020D0A0D0B0D0B1D0BED182D0B00A48617343617074696F6E090D54657874536570617261746F7206017C0C54657874506F736974696F6E0707747052696768740954657874416C69676E070674614C6566740C466F6E742E43686172736574070F44454641554C545F434841525345540A466F6E742E436F6C6F72070C636C57696E646F77546578740B466F6E742E48656967687402F309466F6E742E4E616D65060D4D532053616E732053657269660A466F6E742E5374796C650B066673426F6C640000000B54527A47726F7570426F780B527A47726F7570426F7833044C656674020603546F70020505576964746803E00006486569676874022B0743617074696F6E1425000000D092D18BD185D0BED0B4D0BDD0B0D18F20D187D0B0D181D182D0BED182D0B02C20D093D1860C466F6E742E43686172736574070F44454641554C545F434841525345540A466F6E742E436F6C6F72070C636C57696E646F77546578740B466F6E742E48656967687402F509466F6E742E4E616D65060D4D532053616E732053657269660A466F6E742E5374796C650B066673426F6C64000A506172656E74466F6E7408085461624F72646572020000065450616E656C0650616E656C32044C656674020503546F70020E05576964746803D60006486569676874021A0A426576656C4F75746572070962764C6F77657265640743617074696F6E06122D2D2D2D2D2D2D2D2D2D2D2D2D2D2D2D2D2D05436F6C6F720707636C426C61636B0C466F6E742E43686172736574070F44454641554C545F434841525345540A466F6E742E436F6C6F720706636C417175610B466F6E742E48656967687402ED09466F6E742E4E616D6506067461686F6D610A466F6E742E5374796C650B066673426F6C64000A506172656E74466F6E7408085461624F7264657202000000000954527A427574746F6E0542746E4F6E044C65667403F60003546F7003EE0005576964746803E10006486569676874021B0A4672616D65436F6C6F720706636C477261790743617074696F6E120800000012043A043B044E044704380442044C040C466F6E742E43686172736574070F44454641554C545F434841525345540A466F6E742E436F6C6F72070C636C57696E646F77546578740B466F6E742E48656967687402F009466F6E742E4E616D6506067461686F6D610A466F6E742E5374796C650B066673426F6C64000E486967686C69676874436F6C6F720708636C53696C76657208486F74547261636B090D486F74547261636B436F6C6F720706636C426C75650E4C69676874546578745374796C65090A506172656E74466F6E74081254657874486967686C69676874436F6C6F720707636C426C61636B0F54657874536861646F77436F6C6F720707636C426C61636B0F54657874536861646F774465707468020A085461624F72646572020100000954527A427574746F6E0642746E4F6666044C65667403F60003546F70030F0105576964746803E10006486569676874021B0A4672616D65436F6C6F720706636C477261790743617074696F6E120900000012044B043A043B044E044704380442044C040C466F6E742E43686172736574070F44454641554C545F434841525345540A466F6E742E436F6C6F72070C636C57696E646F77546578740B466F6E742E48656967687402F009466F6E742E4E616D6506067461686F6D610A466F6E742E5374796C650B066673426F6C64000E486967686C69676874436F6C6F720708636C53696C76657208486F74547261636B090D486F74547261636B436F6C6F720706636C426C75650E4C69676874546578745374796C65090A506172656E74466F6E74081254657874486967686C69676874436F6C6F720707636C426C61636B0F54657874536861646F77436F6C6F720707636C426C61636B0F54657874536861646F774465707468020A085461624F72646572020200000B54527A47726F7570426F780B527A47726F7570426F7831044C656674020603546F70023705576964746803E00006486569676874022B0743617074696F6E141D000000D0A2D0BED0BA20D0B4D0B2D0B8D0B3D0B0D182D0B5D0BBD18F2C20D0900C466F6E742E43686172736574070F44454641554C545F434841525345540A466F6E742E436F6C6F72070C636C57696E646F77546578740B466F6E742E48656967687402F509466F6E742E4E616D65060D4D532053616E732053657269660A466F6E742E5374796C650B066673426F6C64000A506172656E74466F6E7408085461624F72646572020300065450616E656C0650616E656C31044C656674020503546F70020E05576964746803D60006486569676874021A0A426576656C4F75746572070962764C6F77657265640743617074696F6E06122D2D2D2D2D2D2D2D2D2D2D2D2D2D2D2D2D2D05436F6C6F720707636C426C61636B0C466F6E742E43686172736574070F44454641554C545F434841525345540A466F6E742E436F6C6F720706636C417175610B466F6E742E48656967687402ED09466F6E742E4E616D6506067461686F6D610A466F6E742E5374796C650B066673426F6C64000A506172656E74466F6E7408085461624F7264657202000000000B54527A47726F7570426F780B527A47726F7570426F7832044C656674020603546F70039B0005576964746803E00006486569676874022B0743617074696F6E143B000000D09AD0BED0B420D0BFD0BED181D0BBD0B5D0B4D0BDD0B5D0B3D0BE20D0B0D0BAD182D0B8D0B2D0BDD0BED0B3D0BE20D0BED182D0BAD0B0D0B7D0B00C466F6E742E43686172736574070F44454641554C545F434841525345540A466F6E742E436F6C6F72070C636C57696E646F77546578740B466F6E742E48656967687402F509466F6E742E4E616D65060D4D532053616E732053657269660A466F6E742E5374796C650B066673426F6C64000A506172656E74466F6E7408085461624F72646572020400065450616E656C0650616E656C33044C656674020503546F70020E05576964746803D60006486569676874021A0A426576656C4F75746572070962764C6F77657265640743617074696F6E06122D2D2D2D2D2D2D2D2D2D2D2D2D2D2D2D2D2D05436F6C6F720707636C426C61636B0C466F6E742E43686172736574070F44454641554C545F434841525345540A466F6E742E436F6C6F720706636C417175610B466F6E742E48656967687402ED09466F6E742E4E616D6506067461686F6D610A466F6E742E5374796C650B066673426F6C64000A506172656E74466F6E7408085461624F7264657202000000000B54527A47726F7570426F780B527A47726F7570426F7834044C656674020603546F70026905576964746803E00006486569676874022B0743617074696F6E142B000000D09DD0B0D0BFD180D18FD0B6D0B5D0BDD0B8D0B520D0B4D0B2D0B8D0B3D0B0D182D0B5D0BBD18F2C20D0920C466F6E742E43686172736574070F44454641554C545F434841525345540A466F6E742E436F6C6F72070C636C57696E646F77546578740B466F6E742E48656967687402F509466F6E742E4E616D65060D4D532053616E732053657269660A466F6E742E5374796C650B066673426F6C64000A506172656E74466F6E7408085461624F72646572020500065450616E656C0650616E656C34044C656674020503546F70020E05576964746803D60006486569676874021A0A426576656C4F75746572070962764C6F77657265640743617074696F6E06122D2D2D2D2D2D2D2D2D2D2D2D2D2D2D2D2D2D05436F6C6F720707636C426C61636B0C466F6E742E43686172736574070F44454641554C545F434841525345540A466F6E742E436F6C6F720706636C417175610B466F6E742E48656967687402ED09466F6E742E4E616D6506067461686F6D610A466F6E742E5374796C650B066673426F6C64000A506172656E74466F6E7408085461624F7264657202000000000B54527A47726F7570426F780B527A47726F7570426F7835044C656674020603546F7003CD0005576964746803E00006486569676874022B0743617074696F6E1423000000D097D0B0D0B4D0B0D0BDD0B8D0B520D187D0B0D181D182D0BED182D18B2C20D093D1860C466F6E742E43686172736574070F44454641554C545F434841525345540A466F6E742E436F6C6F72070C636C57696E646F77546578740B466F6E742E48656967687402F509466F6E742E4E616D65060D4D532053616E732053657269660A466F6E742E5374796C650B066673426F6C64000A506172656E74466F6E7408085461624F72646572020600065450616E656C0650616E656C35044C656674020503546F70020E05576964746803D60006486569676874021A0A426576656C4F75746572070962764C6F77657265640743617074696F6E06122D2D2D2D2D2D2D2D2D2D2D2D2D2D2D2D2D2D05436F6C6F720707636C426C61636B0C466F6E742E43686172736574070F44454641554C545F434841525345540A466F6E742E436F6C6F720706636C417175610B466F6E742E48656967687402ED09466F6E742E4E616D6506067461686F6D610A466F6E742E5374796C650B066673426F6C64000A506172656E74466F6E7408085461624F7264657202000000000B54527A47726F7570426F780B527A47726F7570426F7836044C656674020603546F7003FF0005576964746803E00006486569676874022B0743617074696F6E1438000000D0A4D0B0D0BAD182D0B8D187D0B5D181D0BAD0BED0B520D0B7D0BDD0B0D187D0B5D0BDD0B8D0B520D0B2D0B5D0BBD0B8D187D0B8D0BDD18B0C466F6E742E43686172736574070F44454641554C545F434841525345540A466F6E742E436F6C6F72070C636C57696E646F77546578740B466F6E742E48656967687402F509466F6E742E4E616D65060D4D532053616E732053657269660A466F6E742E5374796C650B066673426F6C64000A506172656E74466F6E7408085461624F72646572020700065450616E656C0650616E656C36044C656674020503546F70020E05576964746803D60006486569676874021A0A426576656C4F75746572070962764C6F77657265640743617074696F6E06122D2D2D2D2D2D2D2D2D2D2D2D2D2D2D2D2D2D05436F6C6F720707636C426C61636B0C466F6E742E43686172736574070F44454641554C545F434841525345540A466F6E742E436F6C6F720706636C417175610B466F6E742E48656967687402ED09466F6E742E4E616D6506067461686F6D610A466F6E742E5374796C650B066673426F6C64000A506172656E74466F6E7408085461624F7264657202000000000B54527A47726F7570426F780B527A47726F7570426F7837044C65667403F60003546F70020505576964746803E00006486569676874022B0743617074696F6E1415000000D097D0B0D0B4D0B0D0BDD0B8D0B520D09FD098D0940C466F6E742E43686172736574070F44454641554C545F434841525345540A466F6E742E436F6C6F72070C636C57696E646F77546578740B466F6E742E48656967687402F509466F6E742E4E616D65060D4D532053616E732053657269660A466F6E742E5374796C650B066673426F6C64000A506172656E74466F6E7408085461624F72646572020800065450616E656C0650616E656C37044C656674020503546F70020E05576964746803D60006486569676874021A0A426576656C4F75746572070962764C6F77657265640743617074696F6E06122D2D2D2D2D2D2D2D2D2D2D2D2D2D2D2D2D2D05436F6C6F720707636C426C61636B0C466F6E742E43686172736574070F44454641554C545F434841525345540A466F6E742E436F6C6F720706636C417175610B466F6E742E48656967687402ED09466F6E742E4E616D6506067461686F6D610A466F6E742E5374796C650B066673426F6C64000A506172656E74466F6E7408085461624F72646572020000000000','dlg');
INSERT INTO policy (id,fk_project,descr,form,type) VALUES('zodino_pns.form_pns_fc_abb_p4','zodino_pns','ПЧ ABB Насос 4',x'FF0A0054464F524D003010B51C0000545046300554466F726D08466F726D5F325F33044C65667403780803546F7003B10105576964746803070206486569676874036E010743617074696F6E140C000000D09DD0B0D181D0BED181203405436F6C6F720709636C42746E466163650C466F6E742E43686172736574070F44454641554C545F434841525345540A466F6E742E436F6C6F72070C636C57696E646F77546578740B466F6E742E48656967687402F509466F6E742E4E616D65060D4D532053616E732053657269660A466F6E742E5374796C650B000E4F6C644372656174654F72646572080D506978656C73506572496E636802600A54657874486569676874020D00065465744C656406534D534C6564044C65667403F60003546F70024E05576964746802480648656967687402140850656E576964746802010850656E436F6C6F720707636C426C61636B0A5374617465436F6C6F720709636C42746E46616365094C6564526164697573020A0B416C61726D416374697665080D416C61726D496E74657276616C03F4010B416C61726D436F6C6F72310709636C42746E466163650B416C61726D436F6C6F72320705636C5265640743617074696F6E140B00000020D093D0BED182D0BED0B20A48617343617074696F6E090D54657874536570617261746F7206017C0C54657874506F736974696F6E0707747052696768740954657874416C69676E070674614C6566740C466F6E742E43686172736574070F44454641554C545F434841525345540A466F6E742E436F6C6F72070C636C57696E646F77546578740B466F6E742E48656967687402F309466F6E742E4E616D65060D4D532053616E732053657269660A466F6E742E5374796C650B066673426F6C64000000065465744C65640665744C656431044C65667403F60003546F70026705576964746803BD000648656967687402140850656E576964746802010850656E436F6C6F720707636C426C61636B0A5374617465436F6C6F720709636C42746E46616365094C6564526164697573020A0B416C61726D416374697665080D416C61726D496E74657276616C03F4010B416C61726D436F6C6F72310709636C42746E466163650B416C61726D436F6C6F72320705636C5265640743617074696F6E142400000020D092D180D0B0D189D0B5D0BDD0B8D0B520D180D0B0D0B7D180D0B5D188D0B5D0BDD0BE0A48617343617074696F6E090D54657874536570617261746F7206017C0C54657874506F736974696F6E0707747052696768740954657874416C69676E070674614C6566740C466F6E742E43686172736574070F44454641554C545F434841525345540A466F6E742E436F6C6F72070C636C57696E646F77546578740B466F6E742E48656967687402F309466F6E742E4E616D65060D4D532053616E732053657269660A466F6E742E5374796C650B066673426F6C64000000065465744C65640665744C656432044C65667403F60003546F7003990005576964746803DF000648656967687402140850656E576964746802010850656E436F6C6F720707636C426C61636B0A5374617465436F6C6F720709636C42746E46616365094C6564526164697573020A0B416C61726D416374697665080D416C61726D496E74657276616C03F4010B416C61726D436F6C6F72310709636C42746E466163650B416C61726D436F6C6F72320705636C5265640743617074696F6E142D00000020D09ED0B1D189D0B0D18F20D0B0D0B2D0B0D180D0B8D18F20D183D181D182D180D0BED0B9D181D182D0B2D0B00A48617343617074696F6E090D54657874536570617261746F7206017C0C54657874506F736974696F6E0707747052696768740954657874416C69676E070674614C6566740C466F6E742E43686172736574070F44454641554C545F434841525345540A466F6E742E436F6C6F72070C636C57696E646F77546578740B466F6E742E48656967687402F309466F6E742E4E616D65060D4D532053616E732053657269660A466F6E742E5374796C650B066673426F6C64000000065465744C65640665744C656433044C65667403F60003546F7003800005576964746803D2000648656967687402140850656E576964746802010850656E436F6C6F720707636C426C61636B0A5374617465436F6C6F720709636C42746E46616365094C6564526164697573020A0B416C61726D416374697665080D416C61726D496E74657276616C03F4010B416C61726D436F6C6F72310709636C42746E466163650B416C61726D436F6C6F72320705636C5265640743617074696F6E142B00000020D090D0BAD182D0B8D0B2D0B5D0BD20D181D0B8D0B3D0BDD0B0D0BB20D182D180D0B5D0B2D0BED0B3D0B80A48617343617074696F6E090D54657874536570617261746F7206017C0C54657874506F736974696F6E0707747052696768740954657874416C69676E070674614C6566740C466F6E742E43686172736574070F44454641554C545F434841525345540A466F6E742E436F6C6F72070C636C57696E646F77546578740B466F6E742E48656967687402F309466F6E742E4E616D65060D4D532053616E732053657269660A466F6E742E5374796C650B066673426F6C64000000065465744C65640665744C656434044C65667403F60003546F7003B20005576964746802710648656967687402140850656E576964746802010850656E436F6C6F720707636C426C61636B0A5374617465436F6C6F720709636C42746E46616365094C6564526164697573020A0B416C61726D416374697665080D416C61726D496E74657276616C03F4010B416C61726D436F6C6F72310709636C42746E466163650B416C61726D436F6C6F72320705636C5265640743617074696F6E141400000020D09DD0B5D18220D0BED182D0B2D0B5D182D0B00A48617343617074696F6E090D54657874536570617261746F7206017C0C54657874506F736974696F6E0707747052696768740954657874416C69676E070674614C6566740C466F6E742E43686172736574070F44454641554C545F434841525345540A466F6E742E436F6C6F72070C636C57696E646F77546578740B466F6E742E48656967687402F309466F6E742E4E616D65060D4D532053616E732053657269660A466F6E742E5374796C650B066673426F6C64000000065465744C65640665744C656435044C65667403F60003546F7003CB000557696474680386000648656967687402140850656E576964746802010850656E436F6C6F720707636C426C61636B0A5374617465436F6C6F720709636C42746E46616365094C6564526164697573020A0B416C61726D416374697665080D416C61726D496E74657276616C03F4010B416C61726D436F6C6F72310709636C42746E466163650B416C61726D436F6C6F72320705636C5265640743617074696F6E141900000020D098D181D0BFD0BED0BBD18CD0B7D183D0B5D182D181D18F0A48617343617074696F6E090D54657874536570617261746F7206017C0C54657874506F736974696F6E0707747052696768740954657874416C69676E070674614C6566740C466F6E742E43686172736574070F44454641554C545F434841525345540A466F6E742E436F6C6F72070C636C57696E646F77546578740B466F6E742E48656967687402F309466F6E742E4E616D65060D4D532053616E732053657269660A466F6E742E5374796C650B066673426F6C64000000075465744C696E650765744C696E6531044C65667403F60003546F7003E60005576964746803E1000648656967687402040F4C696E655374796C652E436F6C6F720706636C477261790F4C696E655374796C652E576964746802020B4F7269656E746174696F6E070C6F4C656674546F52696768740000065465744C65640665744C656436044C65667403F60003546F70023605576964746802530648656967687402140850656E576964746802010850656E436F6C6F720707636C426C61636B0A5374617465436F6C6F720709636C42746E46616365094C6564526164697573020A0B416C61726D416374697665080D416C61726D496E74657276616C03F4010B416C61726D436F6C6F72310709636C42746E466163650B416C61726D436F6C6F72320705636C5265640743617074696F6E140D00000020D0A0D0B0D0B1D0BED182D0B00A48617343617074696F6E090D54657874536570617261746F7206017C0C54657874506F736974696F6E0707747052696768740954657874416C69676E070674614C6566740C466F6E742E43686172736574070F44454641554C545F434841525345540A466F6E742E436F6C6F72070C636C57696E646F77546578740B466F6E742E48656967687402F309466F6E742E4E616D65060D4D532053616E732053657269660A466F6E742E5374796C650B066673426F6C640000000B54527A47726F7570426F780B527A47726F7570426F7833044C656674020603546F70020505576964746803E00006486569676874022B0743617074696F6E1425000000D092D18BD185D0BED0B4D0BDD0B0D18F20D187D0B0D181D182D0BED182D0B02C20D093D1860C466F6E742E43686172736574070F44454641554C545F434841525345540A466F6E742E436F6C6F72070C636C57696E646F77546578740B466F6E742E48656967687402F509466F6E742E4E616D65060D4D532053616E732053657269660A466F6E742E5374796C650B066673426F6C64000A506172656E74466F6E7408085461624F72646572020000065450616E656C0650616E656C32044C656674020503546F70020E05576964746803D60006486569676874021A0A426576656C4F75746572070962764C6F77657265640743617074696F6E06122D2D2D2D2D2D2D2D2D2D2D2D2D2D2D2D2D2D05436F6C6F720707636C426C61636B0C466F6E742E43686172736574070F44454641554C545F434841525345540A466F6E742E436F6C6F720706636C417175610B466F6E742E48656967687402ED09466F6E742E4E616D6506067461686F6D610A466F6E742E5374796C650B066673426F6C64000A506172656E74466F6E7408085461624F7264657202000000000954527A427574746F6E0542746E4F6E044C65667403F60003546F7003EE0005576964746803E10006486569676874021B0A4672616D65436F6C6F720706636C477261790743617074696F6E120800000012043A043B044E044704380442044C040C466F6E742E43686172736574070F44454641554C545F434841525345540A466F6E742E436F6C6F72070C636C57696E646F77546578740B466F6E742E48656967687402F009466F6E742E4E616D6506067461686F6D610A466F6E742E5374796C650B066673426F6C64000E486967686C69676874436F6C6F720708636C53696C76657208486F74547261636B090D486F74547261636B436F6C6F720706636C426C75650E4C69676874546578745374796C65090A506172656E74466F6E74081254657874486967686C69676874436F6C6F720707636C426C61636B0F54657874536861646F77436F6C6F720707636C426C61636B0F54657874536861646F774465707468020A085461624F72646572020100000954527A427574746F6E0642746E4F6666044C65667403F60003546F70030F0105576964746803E10006486569676874021B0A4672616D65436F6C6F720706636C477261790743617074696F6E120900000012044B043A043B044E044704380442044C040C466F6E742E43686172736574070F44454641554C545F434841525345540A466F6E742E436F6C6F72070C636C57696E646F77546578740B466F6E742E48656967687402F009466F6E742E4E616D6506067461686F6D610A466F6E742E5374796C650B066673426F6C64000E486967686C69676874436F6C6F720708636C53696C76657208486F74547261636B090D486F74547261636B436F6C6F720706636C426C75650E4C69676874546578745374796C65090A506172656E74466F6E74081254657874486967686C69676874436F6C6F720707636C426C61636B0F54657874536861646F77436F6C6F720707636C426C61636B0F54657874536861646F774465707468020A085461624F72646572020200000B54527A47726F7570426F780B527A47726F7570426F7831044C656674020603546F70023705576964746803E00006486569676874022B0743617074696F6E141D000000D0A2D0BED0BA20D0B4D0B2D0B8D0B3D0B0D182D0B5D0BBD18F2C20D0900C466F6E742E43686172736574070F44454641554C545F434841525345540A466F6E742E436F6C6F72070C636C57696E646F77546578740B466F6E742E48656967687402F509466F6E742E4E616D65060D4D532053616E732053657269660A466F6E742E5374796C650B066673426F6C64000A506172656E74466F6E7408085461624F72646572020300065450616E656C0650616E656C31044C656674020503546F70020E05576964746803D60006486569676874021A0A426576656C4F75746572070962764C6F77657265640743617074696F6E06122D2D2D2D2D2D2D2D2D2D2D2D2D2D2D2D2D2D05436F6C6F720707636C426C61636B0C466F6E742E43686172736574070F44454641554C545F434841525345540A466F6E742E436F6C6F720706636C417175610B466F6E742E48656967687402ED09466F6E742E4E616D6506067461686F6D610A466F6E742E5374796C650B066673426F6C64000A506172656E74466F6E7408085461624F7264657202000000000B54527A47726F7570426F780B527A47726F7570426F7832044C656674020603546F70039B0005576964746803E00006486569676874022B0743617074696F6E143B000000D09AD0BED0B420D0BFD0BED181D0BBD0B5D0B4D0BDD0B5D0B3D0BE20D0B0D0BAD182D0B8D0B2D0BDD0BED0B3D0BE20D0BED182D0BAD0B0D0B7D0B00C466F6E742E43686172736574070F44454641554C545F434841525345540A466F6E742E436F6C6F72070C636C57696E646F77546578740B466F6E742E48656967687402F509466F6E742E4E616D65060D4D532053616E732053657269660A466F6E742E5374796C650B066673426F6C64000A506172656E74466F6E7408085461624F72646572020400065450616E656C0650616E656C33044C656674020503546F70020E05576964746803D60006486569676874021A0A426576656C4F75746572070962764C6F77657265640743617074696F6E06122D2D2D2D2D2D2D2D2D2D2D2D2D2D2D2D2D2D05436F6C6F720707636C426C61636B0C466F6E742E43686172736574070F44454641554C545F434841525345540A466F6E742E436F6C6F720706636C417175610B466F6E742E48656967687402ED09466F6E742E4E616D6506067461686F6D610A466F6E742E5374796C650B066673426F6C64000A506172656E74466F6E7408085461624F7264657202000000000B54527A47726F7570426F780B527A47726F7570426F7834044C656674020603546F70026905576964746803E00006486569676874022B0743617074696F6E142B000000D09DD0B0D0BFD180D18FD0B6D0B5D0BDD0B8D0B520D0B4D0B2D0B8D0B3D0B0D182D0B5D0BBD18F2C20D0920C466F6E742E43686172736574070F44454641554C545F434841525345540A466F6E742E436F6C6F72070C636C57696E646F77546578740B466F6E742E48656967687402F509466F6E742E4E616D65060D4D532053616E732053657269660A466F6E742E5374796C650B066673426F6C64000A506172656E74466F6E7408085461624F72646572020500065450616E656C0650616E656C34044C656674020503546F70020E05576964746803D60006486569676874021A0A426576656C4F75746572070962764C6F77657265640743617074696F6E06122D2D2D2D2D2D2D2D2D2D2D2D2D2D2D2D2D2D05436F6C6F720707636C426C61636B0C466F6E742E43686172736574070F44454641554C545F434841525345540A466F6E742E436F6C6F720706636C417175610B466F6E742E48656967687402ED09466F6E742E4E616D6506067461686F6D610A466F6E742E5374796C650B066673426F6C64000A506172656E74466F6E7408085461624F7264657202000000000B54527A47726F7570426F780B527A47726F7570426F7835044C656674020603546F7003CD0005576964746803E00006486569676874022B0743617074696F6E1423000000D097D0B0D0B4D0B0D0BDD0B8D0B520D187D0B0D181D182D0BED182D18B2C20D093D1860C466F6E742E43686172736574070F44454641554C545F434841525345540A466F6E742E436F6C6F72070C636C57696E646F77546578740B466F6E742E48656967687402F509466F6E742E4E616D65060D4D532053616E732053657269660A466F6E742E5374796C650B066673426F6C64000A506172656E74466F6E7408085461624F72646572020600065450616E656C0650616E656C35044C656674020503546F70020E05576964746803D60006486569676874021A0A426576656C4F75746572070962764C6F77657265640743617074696F6E06122D2D2D2D2D2D2D2D2D2D2D2D2D2D2D2D2D2D05436F6C6F720707636C426C61636B0C466F6E742E43686172736574070F44454641554C545F434841525345540A466F6E742E436F6C6F720706636C417175610B466F6E742E48656967687402ED09466F6E742E4E616D6506067461686F6D610A466F6E742E5374796C650B066673426F6C64000A506172656E74466F6E7408085461624F7264657202000000000B54527A47726F7570426F780B527A47726F7570426F7836044C656674020603546F7003FF0005576964746803E00006486569676874022B0743617074696F6E1438000000D0A4D0B0D0BAD182D0B8D187D0B5D181D0BAD0BED0B520D0B7D0BDD0B0D187D0B5D0BDD0B8D0B520D0B2D0B5D0BBD0B8D187D0B8D0BDD18B0C466F6E742E43686172736574070F44454641554C545F434841525345540A466F6E742E436F6C6F72070C636C57696E646F77546578740B466F6E742E48656967687402F509466F6E742E4E616D65060D4D532053616E732053657269660A466F6E742E5374796C650B066673426F6C64000A506172656E74466F6E7408085461624F72646572020700065450616E656C0650616E656C36044C656674020503546F70020E05576964746803D60006486569676874021A0A426576656C4F75746572070962764C6F77657265640743617074696F6E06122D2D2D2D2D2D2D2D2D2D2D2D2D2D2D2D2D2D05436F6C6F720707636C426C61636B0C466F6E742E43686172736574070F44454641554C545F434841525345540A466F6E742E436F6C6F720706636C417175610B466F6E742E48656967687402ED09466F6E742E4E616D6506067461686F6D610A466F6E742E5374796C650B066673426F6C64000A506172656E74466F6E7408085461624F7264657202000000000B54527A47726F7570426F780B527A47726F7570426F7837044C65667403F60003546F70020505576964746803E00006486569676874022B0743617074696F6E1415000000D097D0B0D0B4D0B0D0BDD0B8D0B520D09FD098D0940C466F6E742E43686172736574070F44454641554C545F434841525345540A466F6E742E436F6C6F72070C636C57696E646F77546578740B466F6E742E48656967687402F509466F6E742E4E616D65060D4D532053616E732053657269660A466F6E742E5374796C650B066673426F6C64000A506172656E74466F6E7408085461624F72646572020800065450616E656C0650616E656C37044C656674020503546F70020E05576964746803D60006486569676874021A0A426576656C4F75746572070962764C6F77657265640743617074696F6E06122D2D2D2D2D2D2D2D2D2D2D2D2D2D2D2D2D2D05436F6C6F720707636C426C61636B0C466F6E742E43686172736574070F44454641554C545F434841525345540A466F6E742E436F6C6F720706636C417175610B466F6E742E48656967687402ED09466F6E742E4E616D6506067461686F6D610A466F6E742E5374796C650B066673426F6C64000A506172656E74466F6E7408085461624F72646572020000000000','dlg');
INSERT INTO policy (id,fk_project,descr,form,type) VALUES('zodino_pns.form_pns_fc_abb_p5','zodino_pns','ПЧ ABB Насос 5',x'FF0A0054464F524D003010B51C0000545046300554466F726D08466F726D5F325F34044C65667403780803546F7003B10105576964746803070206486569676874036E010743617074696F6E140C000000D09DD0B0D181D0BED181203505436F6C6F720709636C42746E466163650C466F6E742E43686172736574070F44454641554C545F434841525345540A466F6E742E436F6C6F72070C636C57696E646F77546578740B466F6E742E48656967687402F509466F6E742E4E616D65060D4D532053616E732053657269660A466F6E742E5374796C650B000E4F6C644372656174654F72646572080D506978656C73506572496E636802600A54657874486569676874020D00065465744C656406534D534C6564044C65667403F60003546F70024E05576964746802480648656967687402140850656E576964746802010850656E436F6C6F720707636C426C61636B0A5374617465436F6C6F720709636C42746E46616365094C6564526164697573020A0B416C61726D416374697665080D416C61726D496E74657276616C03F4010B416C61726D436F6C6F72310709636C42746E466163650B416C61726D436F6C6F72320705636C5265640743617074696F6E140B00000020D093D0BED182D0BED0B20A48617343617074696F6E090D54657874536570617261746F7206017C0C54657874506F736974696F6E0707747052696768740954657874416C69676E070674614C6566740C466F6E742E43686172736574070F44454641554C545F434841525345540A466F6E742E436F6C6F72070C636C57696E646F77546578740B466F6E742E48656967687402F309466F6E742E4E616D65060D4D532053616E732053657269660A466F6E742E5374796C650B066673426F6C64000000065465744C65640665744C656431044C65667403F60003546F70026705576964746803BD000648656967687402140850656E576964746802010850656E436F6C6F720707636C426C61636B0A5374617465436F6C6F720709636C42746E46616365094C6564526164697573020A0B416C61726D416374697665080D416C61726D496E74657276616C03F4010B416C61726D436F6C6F72310709636C42746E466163650B416C61726D436F6C6F72320705636C5265640743617074696F6E142400000020D092D180D0B0D189D0B5D0BDD0B8D0B520D180D0B0D0B7D180D0B5D188D0B5D0BDD0BE0A48617343617074696F6E090D54657874536570617261746F7206017C0C54657874506F736974696F6E0707747052696768740954657874416C69676E070674614C6566740C466F6E742E43686172736574070F44454641554C545F434841525345540A466F6E742E436F6C6F72070C636C57696E646F77546578740B466F6E742E48656967687402F309466F6E742E4E616D65060D4D532053616E732053657269660A466F6E742E5374796C650B066673426F6C64000000065465744C65640665744C656432044C65667403F60003546F7003990005576964746803DF000648656967687402140850656E576964746802010850656E436F6C6F720707636C426C61636B0A5374617465436F6C6F720709636C42746E46616365094C6564526164697573020A0B416C61726D416374697665080D416C61726D496E74657276616C03F4010B416C61726D436F6C6F72310709636C42746E466163650B416C61726D436F6C6F72320705636C5265640743617074696F6E142D00000020D09ED0B1D189D0B0D18F20D0B0D0B2D0B0D180D0B8D18F20D183D181D182D180D0BED0B9D181D182D0B2D0B00A48617343617074696F6E090D54657874536570617261746F7206017C0C54657874506F736974696F6E0707747052696768740954657874416C69676E070674614C6566740C466F6E742E43686172736574070F44454641554C545F434841525345540A466F6E742E436F6C6F72070C636C57696E646F77546578740B466F6E742E48656967687402F309466F6E742E4E616D65060D4D532053616E732053657269660A466F6E742E5374796C650B066673426F6C64000000065465744C65640665744C656433044C65667403F60003546F7003800005576964746803D2000648656967687402140850656E576964746802010850656E436F6C6F720707636C426C61636B0A5374617465436F6C6F720709636C42746E46616365094C6564526164697573020A0B416C61726D416374697665080D416C61726D496E74657276616C03F4010B416C61726D436F6C6F72310709636C42746E466163650B416C61726D436F6C6F72320705636C5265640743617074696F6E142B00000020D090D0BAD182D0B8D0B2D0B5D0BD20D181D0B8D0B3D0BDD0B0D0BB20D182D180D0B5D0B2D0BED0B3D0B80A48617343617074696F6E090D54657874536570617261746F7206017C0C54657874506F736974696F6E0707747052696768740954657874416C69676E070674614C6566740C466F6E742E43686172736574070F44454641554C545F434841525345540A466F6E742E436F6C6F72070C636C57696E646F77546578740B466F6E742E48656967687402F309466F6E742E4E616D65060D4D532053616E732053657269660A466F6E742E5374796C650B066673426F6C64000000065465744C65640665744C656434044C65667403F60003546F7003B20005576964746802710648656967687402140850656E576964746802010850656E436F6C6F720707636C426C61636B0A5374617465436F6C6F720709636C42746E46616365094C6564526164697573020A0B416C61726D416374697665080D416C61726D496E74657276616C03F4010B416C61726D436F6C6F72310709636C42746E466163650B416C61726D436F6C6F72320705636C5265640743617074696F6E141400000020D09DD0B5D18220D0BED182D0B2D0B5D182D0B00A48617343617074696F6E090D54657874536570617261746F7206017C0C54657874506F736974696F6E0707747052696768740954657874416C69676E070674614C6566740C466F6E742E43686172736574070F44454641554C545F434841525345540A466F6E742E436F6C6F72070C636C57696E646F77546578740B466F6E742E48656967687402F309466F6E742E4E616D65060D4D532053616E732053657269660A466F6E742E5374796C650B066673426F6C64000000065465744C65640665744C656435044C65667403F60003546F7003CB000557696474680386000648656967687402140850656E576964746802010850656E436F6C6F720707636C426C61636B0A5374617465436F6C6F720709636C42746E46616365094C6564526164697573020A0B416C61726D416374697665080D416C61726D496E74657276616C03F4010B416C61726D436F6C6F72310709636C42746E466163650B416C61726D436F6C6F72320705636C5265640743617074696F6E141900000020D098D181D0BFD0BED0BBD18CD0B7D183D0B5D182D181D18F0A48617343617074696F6E090D54657874536570617261746F7206017C0C54657874506F736974696F6E0707747052696768740954657874416C69676E070674614C6566740C466F6E742E43686172736574070F44454641554C545F434841525345540A466F6E742E436F6C6F72070C636C57696E646F77546578740B466F6E742E48656967687402F309466F6E742E4E616D65060D4D532053616E732053657269660A466F6E742E5374796C650B066673426F6C64000000075465744C696E650765744C696E6531044C65667403F60003546F7003E60005576964746803E1000648656967687402040F4C696E655374796C652E436F6C6F720706636C477261790F4C696E655374796C652E576964746802020B4F7269656E746174696F6E070C6F4C656674546F52696768740000065465744C65640665744C656436044C65667403F60003546F70023605576964746802530648656967687402140850656E576964746802010850656E436F6C6F720707636C426C61636B0A5374617465436F6C6F720709636C42746E46616365094C6564526164697573020A0B416C61726D416374697665080D416C61726D496E74657276616C03F4010B416C61726D436F6C6F72310709636C42746E466163650B416C61726D436F6C6F72320705636C5265640743617074696F6E140D00000020D0A0D0B0D0B1D0BED182D0B00A48617343617074696F6E090D54657874536570617261746F7206017C0C54657874506F736974696F6E0707747052696768740954657874416C69676E070674614C6566740C466F6E742E43686172736574070F44454641554C545F434841525345540A466F6E742E436F6C6F72070C636C57696E646F77546578740B466F6E742E48656967687402F309466F6E742E4E616D65060D4D532053616E732053657269660A466F6E742E5374796C650B066673426F6C640000000B54527A47726F7570426F780B527A47726F7570426F7833044C656674020603546F70020505576964746803E00006486569676874022B0743617074696F6E1425000000D092D18BD185D0BED0B4D0BDD0B0D18F20D187D0B0D181D182D0BED182D0B02C20D093D1860C466F6E742E43686172736574070F44454641554C545F434841525345540A466F6E742E436F6C6F72070C636C57696E646F77546578740B466F6E742E48656967687402F509466F6E742E4E616D65060D4D532053616E732053657269660A466F6E742E5374796C650B066673426F6C64000A506172656E74466F6E7408085461624F72646572020000065450616E656C0650616E656C32044C656674020503546F70020E05576964746803D60006486569676874021A0A426576656C4F75746572070962764C6F77657265640743617074696F6E06122D2D2D2D2D2D2D2D2D2D2D2D2D2D2D2D2D2D05436F6C6F720707636C426C61636B0C466F6E742E43686172736574070F44454641554C545F434841525345540A466F6E742E436F6C6F720706636C417175610B466F6E742E48656967687402ED09466F6E742E4E616D6506067461686F6D610A466F6E742E5374796C650B066673426F6C64000A506172656E74466F6E7408085461624F7264657202000000000954527A427574746F6E0542746E4F6E044C65667403F60003546F7003EE0005576964746803E10006486569676874021B0A4672616D65436F6C6F720706636C477261790743617074696F6E120800000012043A043B044E044704380442044C040C466F6E742E43686172736574070F44454641554C545F434841525345540A466F6E742E436F6C6F72070C636C57696E646F77546578740B466F6E742E48656967687402F009466F6E742E4E616D6506067461686F6D610A466F6E742E5374796C650B066673426F6C64000E486967686C69676874436F6C6F720708636C53696C76657208486F74547261636B090D486F74547261636B436F6C6F720706636C426C75650E4C69676874546578745374796C65090A506172656E74466F6E74081254657874486967686C69676874436F6C6F720707636C426C61636B0F54657874536861646F77436F6C6F720707636C426C61636B0F54657874536861646F774465707468020A085461624F72646572020100000954527A427574746F6E0642746E4F6666044C65667403F60003546F70030F0105576964746803E10006486569676874021B0A4672616D65436F6C6F720706636C477261790743617074696F6E120900000012044B043A043B044E044704380442044C040C466F6E742E43686172736574070F44454641554C545F434841525345540A466F6E742E436F6C6F72070C636C57696E646F77546578740B466F6E742E48656967687402F009466F6E742E4E616D6506067461686F6D610A466F6E742E5374796C650B066673426F6C64000E486967686C69676874436F6C6F720708636C53696C76657208486F74547261636B090D486F74547261636B436F6C6F720706636C426C75650E4C69676874546578745374796C65090A506172656E74466F6E74081254657874486967686C69676874436F6C6F720707636C426C61636B0F54657874536861646F77436F6C6F720707636C426C61636B0F54657874536861646F774465707468020A085461624F72646572020200000B54527A47726F7570426F780B527A47726F7570426F7831044C656674020603546F70023705576964746803E00006486569676874022B0743617074696F6E141D000000D0A2D0BED0BA20D0B4D0B2D0B8D0B3D0B0D182D0B5D0BBD18F2C20D0900C466F6E742E43686172736574070F44454641554C545F434841525345540A466F6E742E436F6C6F72070C636C57696E646F77546578740B466F6E742E48656967687402F509466F6E742E4E616D65060D4D532053616E732053657269660A466F6E742E5374796C650B066673426F6C64000A506172656E74466F6E7408085461624F72646572020300065450616E656C0650616E656C31044C656674020503546F70020E05576964746803D60006486569676874021A0A426576656C4F75746572070962764C6F77657265640743617074696F6E06122D2D2D2D2D2D2D2D2D2D2D2D2D2D2D2D2D2D05436F6C6F720707636C426C61636B0C466F6E742E43686172736574070F44454641554C545F434841525345540A466F6E742E436F6C6F720706636C417175610B466F6E742E48656967687402ED09466F6E742E4E616D6506067461686F6D610A466F6E742E5374796C650B066673426F6C64000A506172656E74466F6E7408085461624F7264657202000000000B54527A47726F7570426F780B527A47726F7570426F7832044C656674020603546F70039B0005576964746803E00006486569676874022B0743617074696F6E143B000000D09AD0BED0B420D0BFD0BED181D0BBD0B5D0B4D0BDD0B5D0B3D0BE20D0B0D0BAD182D0B8D0B2D0BDD0BED0B3D0BE20D0BED182D0BAD0B0D0B7D0B00C466F6E742E43686172736574070F44454641554C545F434841525345540A466F6E742E436F6C6F72070C636C57696E646F77546578740B466F6E742E48656967687402F509466F6E742E4E616D65060D4D532053616E732053657269660A466F6E742E5374796C650B066673426F6C64000A506172656E74466F6E7408085461624F72646572020400065450616E656C0650616E656C33044C656674020503546F70020E05576964746803D60006486569676874021A0A426576656C4F75746572070962764C6F77657265640743617074696F6E06122D2D2D2D2D2D2D2D2D2D2D2D2D2D2D2D2D2D05436F6C6F720707636C426C61636B0C466F6E742E43686172736574070F44454641554C545F434841525345540A466F6E742E436F6C6F720706636C417175610B466F6E742E48656967687402ED09466F6E742E4E616D6506067461686F6D610A466F6E742E5374796C650B066673426F6C64000A506172656E74466F6E7408085461624F7264657202000000000B54527A47726F7570426F780B527A47726F7570426F7834044C656674020603546F70026905576964746803E00006486569676874022B0743617074696F6E142B000000D09DD0B0D0BFD180D18FD0B6D0B5D0BDD0B8D0B520D0B4D0B2D0B8D0B3D0B0D182D0B5D0BBD18F2C20D0920C466F6E742E43686172736574070F44454641554C545F434841525345540A466F6E742E436F6C6F72070C636C57696E646F77546578740B466F6E742E48656967687402F509466F6E742E4E616D65060D4D532053616E732053657269660A466F6E742E5374796C650B066673426F6C64000A506172656E74466F6E7408085461624F72646572020500065450616E656C0650616E656C34044C656674020503546F70020E05576964746803D60006486569676874021A0A426576656C4F75746572070962764C6F77657265640743617074696F6E06122D2D2D2D2D2D2D2D2D2D2D2D2D2D2D2D2D2D05436F6C6F720707636C426C61636B0C466F6E742E43686172736574070F44454641554C545F434841525345540A466F6E742E436F6C6F720706636C417175610B466F6E742E48656967687402ED09466F6E742E4E616D6506067461686F6D610A466F6E742E5374796C650B066673426F6C64000A506172656E74466F6E7408085461624F7264657202000000000B54527A47726F7570426F780B527A47726F7570426F7835044C656674020603546F7003CD0005576964746803E00006486569676874022B0743617074696F6E1423000000D097D0B0D0B4D0B0D0BDD0B8D0B520D187D0B0D181D182D0BED182D18B2C20D093D1860C466F6E742E43686172736574070F44454641554C545F434841525345540A466F6E742E436F6C6F72070C636C57696E646F77546578740B466F6E742E48656967687402F509466F6E742E4E616D65060D4D532053616E732053657269660A466F6E742E5374796C650B066673426F6C64000A506172656E74466F6E7408085461624F72646572020600065450616E656C0650616E656C35044C656674020503546F70020E05576964746803D60006486569676874021A0A426576656C4F75746572070962764C6F77657265640743617074696F6E06122D2D2D2D2D2D2D2D2D2D2D2D2D2D2D2D2D2D05436F6C6F720707636C426C61636B0C466F6E742E43686172736574070F44454641554C545F434841525345540A466F6E742E436F6C6F720706636C417175610B466F6E742E48656967687402ED09466F6E742E4E616D6506067461686F6D610A466F6E742E5374796C650B066673426F6C64000A506172656E74466F6E7408085461624F7264657202000000000B54527A47726F7570426F780B527A47726F7570426F7836044C656674020603546F7003FF0005576964746803E00006486569676874022B0743617074696F6E1438000000D0A4D0B0D0BAD182D0B8D187D0B5D181D0BAD0BED0B520D0B7D0BDD0B0D187D0B5D0BDD0B8D0B520D0B2D0B5D0BBD0B8D187D0B8D0BDD18B0C466F6E742E43686172736574070F44454641554C545F434841525345540A466F6E742E436F6C6F72070C636C57696E646F77546578740B466F6E742E48656967687402F509466F6E742E4E616D65060D4D532053616E732053657269660A466F6E742E5374796C650B066673426F6C64000A506172656E74466F6E7408085461624F72646572020700065450616E656C0650616E656C36044C656674020503546F70020E05576964746803D60006486569676874021A0A426576656C4F75746572070962764C6F77657265640743617074696F6E06122D2D2D2D2D2D2D2D2D2D2D2D2D2D2D2D2D2D05436F6C6F720707636C426C61636B0C466F6E742E43686172736574070F44454641554C545F434841525345540A466F6E742E436F6C6F720706636C417175610B466F6E742E48656967687402ED09466F6E742E4E616D6506067461686F6D610A466F6E742E5374796C650B066673426F6C64000A506172656E74466F6E7408085461624F7264657202000000000B54527A47726F7570426F780B527A47726F7570426F7837044C65667403F60003546F70020505576964746803E00006486569676874022B0743617074696F6E1415000000D097D0B0D0B4D0B0D0BDD0B8D0B520D09FD098D0940C466F6E742E43686172736574070F44454641554C545F434841525345540A466F6E742E436F6C6F72070C636C57696E646F77546578740B466F6E742E48656967687402F509466F6E742E4E616D65060D4D532053616E732053657269660A466F6E742E5374796C650B066673426F6C64000A506172656E74466F6E7408085461624F72646572020800065450616E656C0650616E656C37044C656674020503546F70020E05576964746803D60006486569676874021A0A426576656C4F75746572070962764C6F77657265640743617074696F6E06122D2D2D2D2D2D2D2D2D2D2D2D2D2D2D2D2D2D05436F6C6F720707636C426C61636B0C466F6E742E43686172736574070F44454641554C545F434841525345540A466F6E742E436F6C6F720706636C417175610B466F6E742E48656967687402ED09466F6E742E4E616D6506067461686F6D610A466F6E742E5374796C650B066673426F6C64000A506172656E74466F6E7408085461624F72646572020000000000','dlg');
INSERT INTO policy (id,fk_project,descr,form,type) VALUES('zodino_pns.form_pns_cs','zodino_pns','Расходомер',x'FF0A0054464F524D0030101F070000545046300554466F726D0A466F726D5F325F315F31044C65667403F80003546F700279055769647468033701064865696768740343010743617074696F6E1418000000D0A0D0B0D181D185D0BED0B4D0BED0BCD0B5D18020312E3105436F6C6F720709636C42746E466163650C466F6E742E43686172736574070F44454641554C545F434841525345540A466F6E742E436F6C6F72070C636C57696E646F77546578740B466F6E742E48656967687402F509466F6E742E4E616D65060D4D532053616E732053657269660A466F6E742E5374796C650B000E4F6C644372656174654F72646572080D506978656C73506572496E636802600A54657874486569676874020D0006544C6162656C064C6162656C31044C65667403DF0003546F7003EC00055769647468021606486569676874021D0743617074696F6E12010000001C040C466F6E742E43686172736574070F44454641554C545F434841525345540A466F6E742E436F6C6F72070C636C57696E646F77546578740B466F6E742E48656967687402E809466F6E742E4E616D65060D4D532053616E732053657269660A466F6E742E5374796C650B066673426F6C64000A506172656E74466F6E7408000006544C6162656C064C6162656C32044C65667403F80003546F7003E000055769647468020C0648656967687402180743617074696F6E0601330C466F6E742E43686172736574070F44454641554C545F434841525345540A466F6E742E436F6C6F72070C636C57696E646F77546578740B466F6E742E48656967687402ED09466F6E742E4E616D65060D4D532053616E732053657269660A466F6E742E5374796C650B066673426F6C64000A506172656E74466F6E740800000E54657456616C756553656E736F7210657456616C756553656E736F72435331044C656674020003546F7002000557696474680318010648656967687403E1000A426576656C4F75746572070662764E6F6E650A426576656C576964746802020B416C61726D416374697665080D416C61726D496E74657276616C03F4010A416C61726D436F6C6F720705636C526564094D617267696E696E67020009496E6E657245646765020A0A446563696D616C6974790201084D617856616C75650500000000000000C80540064D6178506F730500000000000000C80540095369676E61747572651406000000D0BC332FD1870C4D696E4C6162656C5465787412030000001C0438043D040C4D61784C6162656C5465787412040000001C0430043A0441040C4375724C6162656C54657874120600000020043004410445043E043404134D4D4C6162656C466F6E742E43686172736574070F44454641554C545F43484152534554114D4D4C6162656C466F6E742E436F6C6F720706636C426C7565124D4D4C6162656C466F6E742E48656967687402F5104D4D4C6162656C466F6E742E4E616D6506065461686F6D61114D4D4C6162656C466F6E742E5374796C650B066673426F6C6400144375724C6162656C466F6E742E43686172736574070F44454641554C545F43484152534554124375724C6162656C466F6E742E436F6C6F720706636C426C7565134375724C6162656C466F6E742E48656967687402F5114375724C6162656C466F6E742E4E616D6506065461686F6D61124375724C6162656C466F6E742E5374796C650B066673426F6C6400094175746F416C61726D0800000A5465744F646F6D6574720A65744F646F6D65747231044C656674021A03546F7003EB0005576964746803BE0006486569676874021E16466163652E496E744772616469656E742E5573696E67091C466163652E496E744772616469656E742E4F7269656E746174696F6E070A676F566572746963616C1A466163652E496E744772616469656E742E436F6C6F7246726F6D0707636C426C61636B18466163652E496E744772616469656E742E436F6C6F72546F0707636C576869746518466163652E466C6F61744772616469656E742E5573696E67091E466163652E466C6F61744772616469656E742E4F7269656E746174696F6E070A676F566572746963616C1C466163652E466C6F61744772616469656E742E436F6C6F7246726F6D0706636C5465616C1A466163652E466C6F61744772616469656E742E436F6C6F72546F0707636C57686974650E466163652E486173426F7264657209184469676974732E4469676974466F6E742E43686172736574070F44454641554C545F43484152534554164469676974732E4469676974466F6E742E436F6C6F720706636C426C7565174469676974732E4469676974466F6E742E48656967687402F5154469676974732E4469676974466F6E742E4E616D65060D4D532053616E73205365726966164469676974732E4469676974466F6E742E5374796C650B066673426F6C6400114469676974732E4469676974436F756E74020B114469676974732E446563696D616C69747902021156616C7565732E446563696D616C6974790202000000','dlg');
INSERT INTO policy (id,fk_project,descr,form,type) VALUES('zodino_pns.form_pns_ps1','zodino_pns','Манометр 1',x'FF0A0054464F524D0030104E030000545046300554466F726D06466F726D5F32044C65667403C80803546F70030C02055769647468033301064865696768740312010743617074696F6E1412000000D09CD0B0D0BDD0BED0BCD0B5D182D180203105436F6C6F720709636C42746E466163650C466F6E742E43686172736574070F44454641554C545F434841525345540A466F6E742E436F6C6F72070C636C57696E646F77546578740B466F6E742E48656967687402F509466F6E742E4E616D65060D4D532053616E732053657269660A466F6E742E5374796C650B000E4F6C644372656174654F72646572080D506978656C73506572496E636802600A54657874486569676874020D000E54657456616C756553656E736F720F657456616C756553656E736F725053044C656674020003546F7002000557696474680318010648656967687403E1000A426576656C4F75746572070662764E6F6E650A426576656C576964746802020B416C61726D416374697665080D416C61726D496E74657276616C03F4010A416C61726D436F6C6F720705636C526564094D617267696E696E67020009496E6E657245646765020A0A446563696D616C6974790201064D6178506F730500000000000000C80640095369676E61747572651203000000100442043C040C4D696E4C6162656C5465787412030000001C0438043D040C4D61784C6162656C5465787412040000001C0430043A0441040C4375724C6162656C5465787412080000001404300432043B0435043D0438043504134D4D4C6162656C466F6E742E43686172736574070F44454641554C545F43484152534554114D4D4C6162656C466F6E742E436F6C6F720706636C426C7565124D4D4C6162656C466F6E742E48656967687402F5104D4D4C6162656C466F6E742E4E616D6506065461686F6D61114D4D4C6162656C466F6E742E5374796C650B066673426F6C6400144375724C6162656C466F6E742E43686172736574070F44454641554C545F43484152534554124375724C6162656C466F6E742E436F6C6F720706636C426C7565134375724C6162656C466F6E742E48656967687402F5114375724C6162656C466F6E742E4E616D6506065461686F6D61124375724C6162656C466F6E742E5374796C650B066673426F6C6400094175746F416C61726D08000000','dlg');
INSERT INTO policy (id,fk_project,descr,form,type) VALUES('zodino_pns.form_pns_ps2','zodino_pns','Манометр 2',x'FF0A0054464F524D0030104E030000545046300554466F726D06466F726D5F32044C65667403C50803546F7003FE01055769647468033301064865696768740312010743617074696F6E1412000000D09CD0B0D0BDD0BED0BCD0B5D182D180203205436F6C6F720709636C42746E466163650C466F6E742E43686172736574070F44454641554C545F434841525345540A466F6E742E436F6C6F72070C636C57696E646F77546578740B466F6E742E48656967687402F509466F6E742E4E616D65060D4D532053616E732053657269660A466F6E742E5374796C650B000E4F6C644372656174654F72646572080D506978656C73506572496E636802600A54657874486569676874020D000E54657456616C756553656E736F720F657456616C756553656E736F725053044C656674020003546F7002000557696474680318010648656967687403E1000A426576656C4F75746572070662764E6F6E650A426576656C576964746802020B416C61726D416374697665080D416C61726D496E74657276616C03F4010A416C61726D436F6C6F720705636C526564094D617267696E696E67020009496E6E657245646765020A0A446563696D616C6974790201064D6178506F730500000000000000C80640095369676E61747572651203000000100442043C040C4D696E4C6162656C5465787412030000001C0438043D040C4D61784C6162656C5465787412040000001C0430043A0441040C4375724C6162656C5465787412080000001404300432043B0435043D0438043504134D4D4C6162656C466F6E742E43686172736574070F44454641554C545F43484152534554114D4D4C6162656C466F6E742E436F6C6F720706636C426C7565124D4D4C6162656C466F6E742E48656967687402F5104D4D4C6162656C466F6E742E4E616D6506065461686F6D61114D4D4C6162656C466F6E742E5374796C650B066673426F6C6400144375724C6162656C466F6E742E43686172736574070F44454641554C545F43484152534554124375724C6162656C466F6E742E436F6C6F720706636C426C7565134375724C6162656C466F6E742E48656967687402F5114375724C6162656C466F6E742E4E616D6506065461686F6D61124375724C6162656C466F6E742E5374796C650B066673426F6C6400094175746F416C61726D08000000','dlg');
INSERT INTO policy (id,fk_project,descr,form,type) VALUES('zodino_pns.form_pns_equipment','zodino_pns','Оборудование',x'FF0A0054464F524D0030102D0C0000545046300554466F726D06466F726D5F32044C65667403780803546F7003B10105576964746803EE000648656967687403EF000743617074696F6E120C0000001E0431043E044004430434043E04320430043D043804350405436F6C6F720709636C42746E466163650C466F6E742E43686172736574070F44454641554C545F434841525345540A466F6E742E436F6C6F72070C636C57696E646F77546578740B466F6E742E48656967687402F509466F6E742E4E616D65060D4D532053616E732053657269660A466F6E742E5374796C650B000E4F6C644372656174654F72646572080D506978656C73506572496E636802600A54657874486569676874020D00065465744C656408446F6F72324C6564044C656674020703546F70020505576964746802530648656967687402140850656E576964746802010850656E436F6C6F720707636C426C61636B0A5374617465436F6C6F720709636C42746E46616365094C6564526164697573020A0B416C61726D416374697665080D416C61726D496E74657276616C03F4010B416C61726D436F6C6F72310709636C42746E466163650B416C61726D436F6C6F72320705636C5265640743617074696F6E140D00000020D09FD0B0D0BCD18FD182D18C0A48617343617074696F6E090D54657874536570617261746F7206017C0C54657874506F736974696F6E0707747052696768740954657874416C69676E070674614C6566740C466F6E742E43686172736574070F44454641554C545F434841525345540A466F6E742E436F6C6F72070C636C57696E646F77546578740B466F6E742E48656967687402F309466F6E742E4E616D65060D4D532053616E732053657269660A466F6E742E5374796C650B066673426F6C64000000065465744C65640665744C656431044C656674020703546F70021E05576964746803AF000648656967687402140850656E576964746802010850656E436F6C6F720707636C426C61636B0A5374617465436F6C6F720709636C42746E46616365094C6564526164697573020A0B416C61726D416374697665080D416C61726D496E74657276616C03F4010B416C61726D436F6C6F72310709636C42746E466163650B416C61726D436F6C6F72320705636C5265640743617074696F6E142200000020D092D180D0B5D0BCD18F20D0BDD0B5D0BAD0BED180D180D0B5D0BAD182D0BDD0BE0A48617343617074696F6E090D54657874536570617261746F7206017C0C54657874506F736974696F6E0707747052696768740954657874416C69676E070674614C6566740C466F6E742E43686172736574070F44454641554C545F434841525345540A466F6E742E436F6C6F72070C636C57696E646F77546578740B466F6E742E48656967687402F309466F6E742E4E616D65060D4D532053616E732053657269660A466F6E742E5374796C650B066673426F6C64000000065465744C65640665744C656432044C656674020703546F70023705576964746803B1000648656967687402140850656E576964746802010850656E436F6C6F720707636C426C61636B0A5374617465436F6C6F720709636C42746E46616365094C6564526164697573020A0B416C61726D416374697665080D416C61726D496E74657276616C03F4010B416C61726D436F6C6F72310709636C42746E466163650B416C61726D436F6C6F72320705636C5265640743617074696F6E142000000020D090D0B2D0B0D180D0B8D18F20D0B1D0BBD0BED0BAD0B020444920E28496310A48617343617074696F6E090D54657874536570617261746F7206017C0C54657874506F736974696F6E0707747052696768740954657874416C69676E070674614C6566740C466F6E742E43686172736574070F44454641554C545F434841525345540A466F6E742E436F6C6F72070C636C57696E646F77546578740B466F6E742E48656967687402F309466F6E742E4E616D65060D4D532053616E732053657269660A466F6E742E5374796C650B066673426F6C64000000065465744C65640765744C65643136044C656674020803546F70038E0005576964746803CF000648656967687402140850656E576964746802010850656E436F6C6F720707636C426C61636B0A5374617465436F6C6F720709636C42746E46616365094C6564526164697573020A0B416C61726D416374697665080D416C61726D496E74657276616C03F4010B416C61726D436F6C6F72310709636C42746E466163650B416C61726D436F6C6F72320705636C5265640743617074696F6E142300000020D090D0B2D0B0D180D0B8D18F20D0B1D0BBD0BED0BAD0B020525334383520E28496310A48617343617074696F6E090D54657874536570617261746F7206017C0C54657874506F736974696F6E0707747052696768740954657874416C69676E070674614C6566740C466F6E742E43686172736574070F44454641554C545F434841525345540A466F6E742E436F6C6F72070C636C57696E646F77546578740B466F6E742E48656967687402F309466F6E742E4E616D65060D4D532053616E732053657269660A466F6E742E5374796C650B066673426F6C64000000065465744C65640665744C656434044C656674020803546F70025405576964746803B1000648656967687402140850656E576964746802010850656E436F6C6F720707636C426C61636B0A5374617465436F6C6F720709636C42746E46616365094C6564526164697573020A0B416C61726D416374697665080D416C61726D496E74657276616C03F4010B416C61726D436F6C6F72310709636C42746E466163650B416C61726D436F6C6F72320705636C5265640743617074696F6E142000000020D090D0B2D0B0D180D0B8D18F20D0B1D0BBD0BED0BAD0B020444920E28496320A48617343617074696F6E090D54657874536570617261746F7206017C0C54657874506F736974696F6E0707747052696768740954657874416C69676E070674614C6566740C466F6E742E43686172736574070F44454641554C545F434841525345540A466F6E742E436F6C6F72070C636C57696E646F77546578740B466F6E742E48656967687402F309466F6E742E4E616D65060D4D532053616E732053657269660A466F6E742E5374796C650B066673426F6C64000000065465744C65640665744C656435044C656674020803546F700272055769647468039D000648656967687402140850656E576964746802010850656E436F6C6F720707636C426C61636B0A5374617465436F6C6F720709636C42746E46616365094C6564526164697573020A0B416C61726D416374697665080D416C61726D496E74657276616C03F4010B416C61726D436F6C6F72310709636C42746E466163650B416C61726D436F6C6F72320705636C5265640743617074696F6E141B00000020D090D0B2D0B0D180D0B8D18F20D0B1D0BBD0BED0BAD0B020444F0A48617343617074696F6E090D54657874536570617261746F7206017C0C54657874506F736974696F6E0707747052696768740954657874416C69676E070674614C6566740C466F6E742E43686172736574070F44454641554C545F434841525345540A466F6E742E436F6C6F72070C636C57696E646F77546578740B466F6E742E48656967687402F309466F6E742E4E616D65060D4D532053616E732053657269660A466F6E742E5374796C650B066673426F6C64000000065465744C65640665744C656436044C656674020803546F7003AB0005576964746803CF000648656967687402140850656E576964746802010850656E436F6C6F720707636C426C61636B0A5374617465436F6C6F720709636C42746E46616365094C6564526164697573020A0B416C61726D416374697665080D416C61726D496E74657276616C03F4010B416C61726D436F6C6F72310709636C42746E466163650B416C61726D436F6C6F72320705636C5265640743617074696F6E142300000020D090D0B2D0B0D180D0B8D18F20D0B1D0BBD0BED0BAD0B020525334383520E28496320A48617343617074696F6E090D54657874536570617261746F7206017C0C54657874506F736974696F6E0707747052696768740954657874416C69676E070674614C6566740C466F6E742E43686172736574070F44454641554C545F434841525345540A466F6E742E436F6C6F72070C636C57696E646F77546578740B466F6E742E48656967687402F309466F6E742E4E616D65060D4D532053616E732053657269660A466F6E742E5374796C650B066673426F6C6400000000','dlg');

/* component */

INSERT INTO component VALUES('zodino_pns.form_pns_zodino_20.AILed','zodino_pns.form_pns_zodino_20','AILed');
INSERT INTO component VALUES('zodino_pns.form_pns_zodino_20.BtnAlm','zodino_pns.form_pns_zodino_20','BtnAlm');
INSERT INTO component VALUES('zodino_pns.form_pns_zodino_20.BtnGetStat','zodino_pns.form_pns_zodino_20','BtnGetStat');
INSERT INTO component VALUES('zodino_pns.form_pns_zodino_20.BtnGetState','zodino_pns.form_pns_zodino_20','BtnGetState');
INSERT INTO component VALUES('zodino_pns.form_pns_zodino_20.BtnSinhroTime','zodino_pns.form_pns_zodino_20','BtnSinhroTime');
INSERT INTO component VALUES('zodino_pns.form_pns_zodino_20.CapP4tPanel','zodino_pns.form_pns_zodino_20','CapP4tPanel');
INSERT INTO component VALUES('zodino_pns.form_pns_zodino_20.DoorLed','zodino_pns.form_pns_zodino_20','DoorLed');
INSERT INTO component VALUES('zodino_pns.form_pns_zodino_20.etCompressor1','zodino_pns.form_pns_zodino_20','etCompressor1');
INSERT INTO component VALUES('zodino_pns.form_pns_zodino_20.etCompressor2','zodino_pns.form_pns_zodino_20','etCompressor2');
INSERT INTO component VALUES('zodino_pns.form_pns_zodino_20.etCompressor3','zodino_pns.form_pns_zodino_20','etCompressor3');
INSERT INTO component VALUES('zodino_pns.form_pns_zodino_20.etCompressor4','zodino_pns.form_pns_zodino_20','etCompressor4');
INSERT INTO component VALUES('zodino_pns.form_pns_zodino_20.etCompressor5','zodino_pns.form_pns_zodino_20','etCompressor5');
INSERT INTO component VALUES('zodino_pns.form_pns_zodino_20.etDeltaTimer1','zodino_pns.form_pns_zodino_20','etDeltaTimer1');
INSERT INTO component VALUES('zodino_pns.form_pns_zodino_20.etLed1','zodino_pns.form_pns_zodino_20','etLed1');
INSERT INTO component VALUES('zodino_pns.form_pns_zodino_20.etLed2','zodino_pns.form_pns_zodino_20','etLed2');
INSERT INTO component VALUES('zodino_pns.form_pns_zodino_20.etLed3','zodino_pns.form_pns_zodino_20','etLed3');
INSERT INTO component VALUES('zodino_pns.form_pns_zodino_20.etLed4','zodino_pns.form_pns_zodino_20','etLed4');
INSERT INTO component VALUES('zodino_pns.form_pns_zodino_20.etSign1','zodino_pns.form_pns_zodino_20','etSign1');
INSERT INTO component VALUES('zodino_pns.form_pns_zodino_20.etSign3','zodino_pns.form_pns_zodino_20','etSign3');
INSERT INTO component VALUES('zodino_pns.form_pns_zodino_20.etSignal2','zodino_pns.form_pns_zodino_20','etSignal2');
INSERT INTO component VALUES('zodino_pns.form_pns_zodino_20.etStaticHint1','zodino_pns.form_pns_zodino_20','etStaticHint1');
INSERT INTO component VALUES('zodino_pns.form_pns_zodino_20.etStaticHint2','zodino_pns.form_pns_zodino_20','etStaticHint2');
INSERT INTO component VALUES('zodino_pns.form_pns_zodino_20.etStaticHint3','zodino_pns.form_pns_zodino_20','etStaticHint3');
INSERT INTO component VALUES('zodino_pns.form_pns_zodino_20.etStaticHint4','zodino_pns.form_pns_zodino_20','etStaticHint4');
INSERT INTO component VALUES('zodino_pns.form_pns_zodino_20.etStaticHint5','zodino_pns.form_pns_zodino_20','etStaticHint5');
INSERT INTO component VALUES('zodino_pns.form_pns_zodino_20.etStaticHint6','zodino_pns.form_pns_zodino_20','etStaticHint6');
INSERT INTO component VALUES('zodino_pns.form_pns_zodino_20.etStaticHint7','zodino_pns.form_pns_zodino_20','etStaticHint7');
INSERT INTO component VALUES('zodino_pns.form_pns_zodino_20.iEdit1','zodino_pns.form_pns_zodino_20','iEdit1');
INSERT INTO component VALUES('zodino_pns.form_pns_zodino_20.iEdit2','zodino_pns.form_pns_zodino_20','iEdit2');
INSERT INTO component VALUES('zodino_pns.form_pns_zodino_20.Panel1','zodino_pns.form_pns_zodino_20','Panel1');
INSERT INTO component VALUES('zodino_pns.form_pns_zodino_20.Panel10','zodino_pns.form_pns_zodino_20','Panel10');
INSERT INTO component VALUES('zodino_pns.form_pns_zodino_20.Panel14','zodino_pns.form_pns_zodino_20','Panel14');
INSERT INTO component VALUES('zodino_pns.form_pns_zodino_20.Panel19','zodino_pns.form_pns_zodino_20','Panel19');
INSERT INTO component VALUES('zodino_pns.form_pns_zodino_20.Panel2','zodino_pns.form_pns_zodino_20','Panel2');
INSERT INTO component VALUES('zodino_pns.form_pns_zodino_20.Panel4','zodino_pns.form_pns_zodino_20','Panel4');
INSERT INTO component VALUES('zodino_pns.form_pns_zodino_20.Panel5','zodino_pns.form_pns_zodino_20','Panel5');
INSERT INTO component VALUES('zodino_pns.form_pns_zodino_20.Panel6','zodino_pns.form_pns_zodino_20','Panel6');
INSERT INTO component VALUES('zodino_pns.form_pns_zodino_20.Panel7','zodino_pns.form_pns_zodino_20','Panel7');
INSERT INTO component VALUES('zodino_pns.form_pns_zodino_20.Panel8','zodino_pns.form_pns_zodino_20','Panel8');
INSERT INTO component VALUES('zodino_pns.form_pns_zodino_20.Panel9','zodino_pns.form_pns_zodino_20','Panel9');
INSERT INTO component VALUES('zodino_pns.form_pns_zodino_20.pump1_Hint','zodino_pns.form_pns_zodino_20','pump1_Hint');
INSERT INTO component VALUES('zodino_pns.form_pns_zodino_20.pump2_Hint','zodino_pns.form_pns_zodino_20','pump2_Hint');
INSERT INTO component VALUES('zodino_pns.form_pns_zodino_20.pump3_Hint','zodino_pns.form_pns_zodino_20','pump3_Hint');
INSERT INTO component VALUES('zodino_pns.form_pns_zodino_20.RzButton1','zodino_pns.form_pns_zodino_20','RzButton1');
INSERT INTO component VALUES('zodino_pns.form_pns_zodino_20.SignPsi','zodino_pns.form_pns_zodino_20','SignPsi');
INSERT INTO component VALUES('zodino_pns.form_pns_zodino_20.SMSLed','zodino_pns.form_pns_zodino_20','SMSLed');
INSERT INTO component VALUES('zodino_pns.form_pns_zodino_20.WaterLed','zodino_pns.form_pns_zodino_20','WaterLed');
INSERT INTO component VALUES('zodino_pns.form_pns_fc_abb_p1.BtnOff','zodino_pns.form_pns_fc_abb_p1','BtnOff');
INSERT INTO component VALUES('zodino_pns.form_pns_fc_abb_p1.BtnOn','zodino_pns.form_pns_fc_abb_p1','BtnOn');
INSERT INTO component VALUES('zodino_pns.form_pns_fc_abb_p1.etLed1','zodino_pns.form_pns_fc_abb_p1','etLed1');
INSERT INTO component VALUES('zodino_pns.form_pns_fc_abb_p1.etLed2','zodino_pns.form_pns_fc_abb_p1','etLed2');
INSERT INTO component VALUES('zodino_pns.form_pns_fc_abb_p1.etLed3','zodino_pns.form_pns_fc_abb_p1','etLed3');
INSERT INTO component VALUES('zodino_pns.form_pns_fc_abb_p1.etLed4','zodino_pns.form_pns_fc_abb_p1','etLed4');
INSERT INTO component VALUES('zodino_pns.form_pns_fc_abb_p1.etLed5','zodino_pns.form_pns_fc_abb_p1','etLed5');
INSERT INTO component VALUES('zodino_pns.form_pns_fc_abb_p1.etLed6','zodino_pns.form_pns_fc_abb_p1','etLed6');
INSERT INTO component VALUES('zodino_pns.form_pns_fc_abb_p1.Panel1','zodino_pns.form_pns_fc_abb_p1','Panel1');
INSERT INTO component VALUES('zodino_pns.form_pns_fc_abb_p1.Panel2','zodino_pns.form_pns_fc_abb_p1','Panel2');
INSERT INTO component VALUES('zodino_pns.form_pns_fc_abb_p1.Panel3','zodino_pns.form_pns_fc_abb_p1','Panel3');
INSERT INTO component VALUES('zodino_pns.form_pns_fc_abb_p1.Panel4','zodino_pns.form_pns_fc_abb_p1','Panel4');
INSERT INTO component VALUES('zodino_pns.form_pns_fc_abb_p1.Panel5','zodino_pns.form_pns_fc_abb_p1','Panel5');
INSERT INTO component VALUES('zodino_pns.form_pns_fc_abb_p1.Panel6','zodino_pns.form_pns_fc_abb_p1','Panel6');
INSERT INTO component VALUES('zodino_pns.form_pns_fc_abb_p1.Panel7','zodino_pns.form_pns_fc_abb_p1','Panel7');
INSERT INTO component VALUES('zodino_pns.form_pns_fc_abb_p1.SMSLed','zodino_pns.form_pns_fc_abb_p1','SMSLed');
INSERT INTO component VALUES('zodino_pns.form_pns_fc_abb_p2.BtnOff','zodino_pns.form_pns_fc_abb_p2','BtnOff');
INSERT INTO component VALUES('zodino_pns.form_pns_fc_abb_p2.BtnOn','zodino_pns.form_pns_fc_abb_p2','BtnOn');
INSERT INTO component VALUES('zodino_pns.form_pns_fc_abb_p2.etLed1','zodino_pns.form_pns_fc_abb_p2','etLed1');
INSERT INTO component VALUES('zodino_pns.form_pns_fc_abb_p2.etLed2','zodino_pns.form_pns_fc_abb_p2','etLed2');
INSERT INTO component VALUES('zodino_pns.form_pns_fc_abb_p2.etLed3','zodino_pns.form_pns_fc_abb_p2','etLed3');
INSERT INTO component VALUES('zodino_pns.form_pns_fc_abb_p2.etLed4','zodino_pns.form_pns_fc_abb_p2','etLed4');
INSERT INTO component VALUES('zodino_pns.form_pns_fc_abb_p2.etLed5','zodino_pns.form_pns_fc_abb_p2','etLed5');
INSERT INTO component VALUES('zodino_pns.form_pns_fc_abb_p2.etLed6','zodino_pns.form_pns_fc_abb_p2','etLed6');
INSERT INTO component VALUES('zodino_pns.form_pns_fc_abb_p2.Panel1','zodino_pns.form_pns_fc_abb_p2','Panel1');
INSERT INTO component VALUES('zodino_pns.form_pns_fc_abb_p2.Panel2','zodino_pns.form_pns_fc_abb_p2','Panel2');
INSERT INTO component VALUES('zodino_pns.form_pns_fc_abb_p2.Panel3','zodino_pns.form_pns_fc_abb_p2','Panel3');
INSERT INTO component VALUES('zodino_pns.form_pns_fc_abb_p2.Panel4','zodino_pns.form_pns_fc_abb_p2','Panel4');
INSERT INTO component VALUES('zodino_pns.form_pns_fc_abb_p2.Panel5','zodino_pns.form_pns_fc_abb_p2','Panel5');
INSERT INTO component VALUES('zodino_pns.form_pns_fc_abb_p2.Panel6','zodino_pns.form_pns_fc_abb_p2','Panel6');
INSERT INTO component VALUES('zodino_pns.form_pns_fc_abb_p2.Panel7','zodino_pns.form_pns_fc_abb_p2','Panel7');
INSERT INTO component VALUES('zodino_pns.form_pns_fc_abb_p2.SMSLed','zodino_pns.form_pns_fc_abb_p2','SMSLed');
INSERT INTO component VALUES('zodino_pns.form_pns_fc_abb_p3.BtnOff','zodino_pns.form_pns_fc_abb_p3','BtnOff');
INSERT INTO component VALUES('zodino_pns.form_pns_fc_abb_p3.BtnOn','zodino_pns.form_pns_fc_abb_p3','BtnOn');
INSERT INTO component VALUES('zodino_pns.form_pns_fc_abb_p3.etLed1','zodino_pns.form_pns_fc_abb_p3','etLed1');
INSERT INTO component VALUES('zodino_pns.form_pns_fc_abb_p3.etLed2','zodino_pns.form_pns_fc_abb_p3','etLed2');
INSERT INTO component VALUES('zodino_pns.form_pns_fc_abb_p3.etLed3','zodino_pns.form_pns_fc_abb_p3','etLed3');
INSERT INTO component VALUES('zodino_pns.form_pns_fc_abb_p3.etLed4','zodino_pns.form_pns_fc_abb_p3','etLed4');
INSERT INTO component VALUES('zodino_pns.form_pns_fc_abb_p3.etLed5','zodino_pns.form_pns_fc_abb_p3','etLed5');
INSERT INTO component VALUES('zodino_pns.form_pns_fc_abb_p3.etLed6','zodino_pns.form_pns_fc_abb_p3','etLed6');
INSERT INTO component VALUES('zodino_pns.form_pns_fc_abb_p3.Panel1','zodino_pns.form_pns_fc_abb_p3','Panel1');
INSERT INTO component VALUES('zodino_pns.form_pns_fc_abb_p3.Panel2','zodino_pns.form_pns_fc_abb_p3','Panel2');
INSERT INTO component VALUES('zodino_pns.form_pns_fc_abb_p3.Panel3','zodino_pns.form_pns_fc_abb_p3','Panel3');
INSERT INTO component VALUES('zodino_pns.form_pns_fc_abb_p3.Panel4','zodino_pns.form_pns_fc_abb_p3','Panel4');
INSERT INTO component VALUES('zodino_pns.form_pns_fc_abb_p3.Panel5','zodino_pns.form_pns_fc_abb_p3','Panel5');
INSERT INTO component VALUES('zodino_pns.form_pns_fc_abb_p3.Panel6','zodino_pns.form_pns_fc_abb_p3','Panel6');
INSERT INTO component VALUES('zodino_pns.form_pns_fc_abb_p3.Panel7','zodino_pns.form_pns_fc_abb_p3','Panel7');
INSERT INTO component VALUES('zodino_pns.form_pns_fc_abb_p3.SMSLed','zodino_pns.form_pns_fc_abb_p3','SMSLed');
INSERT INTO component VALUES('zodino_pns.form_pns_fc_abb_p4.BtnOff','zodino_pns.form_pns_fc_abb_p4','BtnOff');
INSERT INTO component VALUES('zodino_pns.form_pns_fc_abb_p4.BtnOn','zodino_pns.form_pns_fc_abb_p4','BtnOn');
INSERT INTO component VALUES('zodino_pns.form_pns_fc_abb_p4.etLed1','zodino_pns.form_pns_fc_abb_p4','etLed1');
INSERT INTO component VALUES('zodino_pns.form_pns_fc_abb_p4.etLed2','zodino_pns.form_pns_fc_abb_p4','etLed2');
INSERT INTO component VALUES('zodino_pns.form_pns_fc_abb_p4.etLed3','zodino_pns.form_pns_fc_abb_p4','etLed3');
INSERT INTO component VALUES('zodino_pns.form_pns_fc_abb_p4.etLed4','zodino_pns.form_pns_fc_abb_p4','etLed4');
INSERT INTO component VALUES('zodino_pns.form_pns_fc_abb_p4.etLed5','zodino_pns.form_pns_fc_abb_p4','etLed5');
INSERT INTO component VALUES('zodino_pns.form_pns_fc_abb_p4.etLed6','zodino_pns.form_pns_fc_abb_p4','etLed6');
INSERT INTO component VALUES('zodino_pns.form_pns_fc_abb_p4.Panel1','zodino_pns.form_pns_fc_abb_p4','Panel1');
INSERT INTO component VALUES('zodino_pns.form_pns_fc_abb_p4.Panel2','zodino_pns.form_pns_fc_abb_p4','Panel2');
INSERT INTO component VALUES('zodino_pns.form_pns_fc_abb_p4.Panel3','zodino_pns.form_pns_fc_abb_p4','Panel3');
INSERT INTO component VALUES('zodino_pns.form_pns_fc_abb_p4.Panel4','zodino_pns.form_pns_fc_abb_p4','Panel4');
INSERT INTO component VALUES('zodino_pns.form_pns_fc_abb_p4.Panel5','zodino_pns.form_pns_fc_abb_p4','Panel5');
INSERT INTO component VALUES('zodino_pns.form_pns_fc_abb_p4.Panel6','zodino_pns.form_pns_fc_abb_p4','Panel6');
INSERT INTO component VALUES('zodino_pns.form_pns_fc_abb_p4.Panel7','zodino_pns.form_pns_fc_abb_p4','Panel7');
INSERT INTO component VALUES('zodino_pns.form_pns_fc_abb_p4.SMSLed','zodino_pns.form_pns_fc_abb_p4','SMSLed');
INSERT INTO component VALUES('zodino_pns.form_pns_fc_abb_p5.BtnOff','zodino_pns.form_pns_fc_abb_p5','BtnOff');
INSERT INTO component VALUES('zodino_pns.form_pns_fc_abb_p5.BtnOn','zodino_pns.form_pns_fc_abb_p5','BtnOn');
INSERT INTO component VALUES('zodino_pns.form_pns_fc_abb_p5.etLed1','zodino_pns.form_pns_fc_abb_p5','etLed1');
INSERT INTO component VALUES('zodino_pns.form_pns_fc_abb_p5.etLed2','zodino_pns.form_pns_fc_abb_p5','etLed2');
INSERT INTO component VALUES('zodino_pns.form_pns_fc_abb_p5.etLed3','zodino_pns.form_pns_fc_abb_p5','etLed3');
INSERT INTO component VALUES('zodino_pns.form_pns_fc_abb_p5.etLed4','zodino_pns.form_pns_fc_abb_p5','etLed4');
INSERT INTO component VALUES('zodino_pns.form_pns_fc_abb_p5.etLed5','zodino_pns.form_pns_fc_abb_p5','etLed5');
INSERT INTO component VALUES('zodino_pns.form_pns_fc_abb_p5.etLed6','zodino_pns.form_pns_fc_abb_p5','etLed6');
INSERT INTO component VALUES('zodino_pns.form_pns_fc_abb_p5.Panel1','zodino_pns.form_pns_fc_abb_p5','Panel1');
INSERT INTO component VALUES('zodino_pns.form_pns_fc_abb_p5.Panel2','zodino_pns.form_pns_fc_abb_p5','Panel2');
INSERT INTO component VALUES('zodino_pns.form_pns_fc_abb_p5.Panel3','zodino_pns.form_pns_fc_abb_p5','Panel3');
INSERT INTO component VALUES('zodino_pns.form_pns_fc_abb_p5.Panel4','zodino_pns.form_pns_fc_abb_p5','Panel4');
INSERT INTO component VALUES('zodino_pns.form_pns_fc_abb_p5.Panel5','zodino_pns.form_pns_fc_abb_p5','Panel5');
INSERT INTO component VALUES('zodino_pns.form_pns_fc_abb_p5.Panel6','zodino_pns.form_pns_fc_abb_p5','Panel6');
INSERT INTO component VALUES('zodino_pns.form_pns_fc_abb_p5.Panel7','zodino_pns.form_pns_fc_abb_p5','Panel7');
INSERT INTO component VALUES('zodino_pns.form_pns_fc_abb_p5.SMSLed','zodino_pns.form_pns_fc_abb_p5','SMSLed');
INSERT INTO component VALUES('zodino_pns.form_pns_cs.etOdometr1','zodino_pns.form_pns_cs','etOdometr1');
INSERT INTO component VALUES('zodino_pns.form_pns_cs.etValueSensorCS1','zodino_pns.form_pns_cs','etValueSensorCS1');
INSERT INTO component VALUES('zodino_pns.form_pns_ps1.etValueSensorPS','zodino_pns.form_pns_ps1','etValueSensorPS');
INSERT INTO component VALUES('zodino_pns.form_pns_ps2.etValueSensorPS','zodino_pns.form_pns_ps2','etValueSensorPS');
INSERT INTO component VALUES('zodino_pns.form_pns_equipment.Door2Led','zodino_pns.form_pns_equipment','Door2Led');
INSERT INTO component VALUES('zodino_pns.form_pns_equipment.etLed1','zodino_pns.form_pns_equipment','etLed1');
INSERT INTO component VALUES('zodino_pns.form_pns_equipment.etLed16','zodino_pns.form_pns_equipment','etLed16');
INSERT INTO component VALUES('zodino_pns.form_pns_equipment.etLed2','zodino_pns.form_pns_equipment','etLed2');
INSERT INTO component VALUES('zodino_pns.form_pns_equipment.etLed3','zodino_pns.form_pns_equipment','etLed3');
INSERT INTO component VALUES('zodino_pns.form_pns_equipment.etLed4','zodino_pns.form_pns_equipment','etLed4');
INSERT INTO component VALUES('zodino_pns.form_pns_equipment.etLed5','zodino_pns.form_pns_equipment','etLed5');
INSERT INTO component VALUES('zodino_pns.form_pns_equipment.etLed6','zodino_pns.form_pns_equipment','etLed6');
INSERT INTO component VALUES('zodino_pns.form_pns_equipment.Form_2','zodino_pns.form_pns_equipment','Form_2');

/* property, property_cell */

INSERT INTO property VALUES('zodino_pns.form_pns_zodino_20.AILed.AlarmActive','zodino_pns.form_pns_zodino_20','zodino_pns.form_pns_zodino_20.AILed','AlarmActive','begin
		  if $zodino_pns.zodino_pns_20.alm_time_incorrect$ or
			 $zodino_pns.zodino_pns_20.alm_memory$ or
			 $zodino_pns.zodino_pns_20.alm_block_di1_not_answer$ or
			 $zodino_pns.zodino_pns_20.alm_block_di2_not_answer$ or
			 $zodino_pns.zodino_pns_20.alm_block_do1_not_answer$ or
			 $zodino_pns.zodino_pns_20.alm_block_rs485_1_not_answer$ or
			 $zodino_pns.zodino_pns_20.alm_block_rs485_2_not_answer$ 
			 then return := true
		  else return := false; 
		end.');
INSERT INTO property_cell VALUES('zodino_pns.form_pns_zodino_20.AILed.AlarmActive','zodino_pns.zodino_pns_20.alm_time_incorrect');
INSERT INTO property_cell VALUES('zodino_pns.form_pns_zodino_20.AILed.AlarmActive','zodino_pns.zodino_pns_20.alm_memory');
INSERT INTO property_cell VALUES('zodino_pns.form_pns_zodino_20.AILed.AlarmActive','zodino_pns.zodino_pns_20.alm_block_di1_not_answer');
INSERT INTO property_cell VALUES('zodino_pns.form_pns_zodino_20.AILed.AlarmActive','zodino_pns.zodino_pns_20.alm_block_di2_not_answer');
INSERT INTO property_cell VALUES('zodino_pns.form_pns_zodino_20.AILed.AlarmActive','zodino_pns.zodino_pns_20.alm_block_do1_not_answer');
INSERT INTO property_cell VALUES('zodino_pns.form_pns_zodino_20.AILed.AlarmActive','zodino_pns.zodino_pns_20.alm_block_rs485_1_not_answer');
INSERT INTO property_cell VALUES('zodino_pns.form_pns_zodino_20.AILed.AlarmActive','zodino_pns.zodino_pns_20.alm_block_rs485_2_not_answer');
INSERT INTO property VALUES('zodino_pns.form_pns_zodino_20.CapP4tPanel.Caption','zodino_pns.form_pns_zodino_20','zodino_pns.form_pns_zodino_20.CapP4tPanel','Caption','begin
  return := Format(''%.2f'',[$zodino_pns.zodino_pns_20.fc_current_task$*1.0]) + '' Атм''; 
end.');
INSERT INTO property_cell VALUES('zodino_pns.form_pns_zodino_20.CapP4tPanel.Caption','zodino_pns.zodino_pns_20.fc_current_task');
INSERT INTO property VALUES('zodino_pns.form_pns_zodino_20.DoorLed.AlarmActive','zodino_pns.form_pns_zodino_20','zodino_pns.form_pns_zodino_20.DoorLed','AlarmActive','begin
		  return := $zodino_pns.zodino_pns_20.alm_nsd$; 
		end.
		');
INSERT INTO property_cell VALUES('zodino_pns.form_pns_zodino_20.DoorLed.AlarmActive','zodino_pns.zodino_pns_20.alm_nsd');
INSERT INTO property VALUES('zodino_pns.form_pns_zodino_20.etCompressor1.Active','zodino_pns.form_pns_zodino_20','zodino_pns.form_pns_zodino_20.etCompressor1','Active','begin
  return := $zodino_pns.zodino_pns_20.p1_state$; 
end.');
INSERT INTO property_cell VALUES('zodino_pns.form_pns_zodino_20.etCompressor1.Active','zodino_pns.zodino_pns_20.p1_state');
INSERT INTO property VALUES('zodino_pns.form_pns_zodino_20.etCompressor1.Alarm.Active','zodino_pns.form_pns_zodino_20','zodino_pns.form_pns_zodino_20.etCompressor1','Alarm.Active','begin
  if $zodino_pns.zodino_pns_20.abb_acs580_1_common_alm$ or 
     $zodino_pns.zodino_pns_20.abb_acs580_1_not_answer$
     then return := true
  else return := false; 
end.');
INSERT INTO property_cell VALUES('zodino_pns.form_pns_zodino_20.etCompressor1.Alarm.Active','zodino_pns.zodino_pns_20.abb_acs580_1_common_alm');
INSERT INTO property_cell VALUES('zodino_pns.form_pns_zodino_20.etCompressor1.Alarm.Active','zodino_pns.zodino_pns_20.abb_acs580_1_not_answer');
INSERT INTO property VALUES('zodino_pns.form_pns_zodino_20.etCompressor2.Active','zodino_pns.form_pns_zodino_20','zodino_pns.form_pns_zodino_20.etCompressor2','Active','begin
  return := $zodino_pns.zodino_pns_20.p2_state$; 
end.');
INSERT INTO property_cell VALUES('zodino_pns.form_pns_zodino_20.etCompressor2.Active','zodino_pns.zodino_pns_20.p2_state');
INSERT INTO property VALUES('zodino_pns.form_pns_zodino_20.etCompressor2.Alarm.Active','zodino_pns.form_pns_zodino_20','zodino_pns.form_pns_zodino_20.etCompressor2','Alarm.Active','begin
  if $zodino_pns.zodino_pns_20.abb_acs580_2_common_alm$ or 
     $zodino_pns.zodino_pns_20.abb_acs580_2_not_answer$
     then return := true
  else return := false; 
end.');
INSERT INTO property_cell VALUES('zodino_pns.form_pns_zodino_20.etCompressor2.Alarm.Active','zodino_pns.zodino_pns_20.abb_acs580_2_common_alm');
INSERT INTO property_cell VALUES('zodino_pns.form_pns_zodino_20.etCompressor2.Alarm.Active','zodino_pns.zodino_pns_20.abb_acs580_2_not_answer');
INSERT INTO property VALUES('zodino_pns.form_pns_zodino_20.etCompressor3.Active','zodino_pns.form_pns_zodino_20','zodino_pns.form_pns_zodino_20.etCompressor3','Active','begin
  return := $zodino_pns.zodino_pns_20.p3_state$; 
end.');
INSERT INTO property_cell VALUES('zodino_pns.form_pns_zodino_20.etCompressor3.Active','zodino_pns.zodino_pns_20.p3_state');
INSERT INTO property VALUES('zodino_pns.form_pns_zodino_20.etCompressor3.Alarm.Active','zodino_pns.form_pns_zodino_20','zodino_pns.form_pns_zodino_20.etCompressor3','Alarm.Active','begin
  if $zodino_pns.zodino_pns_20.abb_acs580_3_common_alm$ or 
     $zodino_pns.zodino_pns_20.abb_acs580_3_not_answer$
     then return := true
  else return := false; 
end.');
INSERT INTO property_cell VALUES('zodino_pns.form_pns_zodino_20.etCompressor3.Alarm.Active','zodino_pns.zodino_pns_20.abb_acs580_3_common_alm');
INSERT INTO property_cell VALUES('zodino_pns.form_pns_zodino_20.etCompressor3.Alarm.Active','zodino_pns.zodino_pns_20.abb_acs580_3_not_answer');
INSERT INTO property VALUES('zodino_pns.form_pns_zodino_20.etCompressor4.Active','zodino_pns.form_pns_zodino_20','zodino_pns.form_pns_zodino_20.etCompressor4','Active','begin
  return := $zodino_pns.zodino_pns_20.p4_state$; 
end.');
INSERT INTO property_cell VALUES('zodino_pns.form_pns_zodino_20.etCompressor4.Active','zodino_pns.zodino_pns_20.p4_state');
INSERT INTO property VALUES('zodino_pns.form_pns_zodino_20.etCompressor4.Alarm.Active','zodino_pns.form_pns_zodino_20','zodino_pns.form_pns_zodino_20.etCompressor4','Alarm.Active','begin
  if $zodino_pns.zodino_pns_20.abb_acs580_4_common_alm$ or 
     $zodino_pns.zodino_pns_20.abb_acs580_4_not_answer$
     then return := true
  else return := false; 
end.');
INSERT INTO property_cell VALUES('zodino_pns.form_pns_zodino_20.etCompressor4.Alarm.Active','zodino_pns.zodino_pns_20.abb_acs580_4_common_alm');
INSERT INTO property_cell VALUES('zodino_pns.form_pns_zodino_20.etCompressor4.Alarm.Active','zodino_pns.zodino_pns_20.abb_acs580_4_not_answer');
INSERT INTO property VALUES('zodino_pns.form_pns_zodino_20.etCompressor5.Active','zodino_pns.form_pns_zodino_20','zodino_pns.form_pns_zodino_20.etCompressor5','Active','begin
  return := $zodino_pns.zodino_pns_20.p5_state$; 
end.');
INSERT INTO property_cell VALUES('zodino_pns.form_pns_zodino_20.etCompressor5.Active','zodino_pns.zodino_pns_20.p5_state');
INSERT INTO property VALUES('zodino_pns.form_pns_zodino_20.etCompressor5.Alarm.Active','zodino_pns.form_pns_zodino_20','zodino_pns.form_pns_zodino_20.etCompressor5','Alarm.Active','begin
  if $zodino_pns.zodino_pns_20.abb_acs580_5_common_alm$ or 
     $zodino_pns.zodino_pns_20.abb_acs580_5_not_answer$
     then return := true
  else return := false; 
end.');
INSERT INTO property_cell VALUES('zodino_pns.form_pns_zodino_20.etCompressor5.Alarm.Active','zodino_pns.zodino_pns_20.abb_acs580_5_common_alm');
INSERT INTO property_cell VALUES('zodino_pns.form_pns_zodino_20.etCompressor5.Alarm.Active','zodino_pns.zodino_pns_20.abb_acs580_5_not_answer');
INSERT INTO property VALUES('zodino_pns.form_pns_zodino_20.etDeltaTimer1.DateTime_Str','zodino_pns.form_pns_zodino_20','zodino_pns.form_pns_zodino_20.etDeltaTimer1','DateTime_Str','begin
  return := ''$zodino_pns.zodino_pns_20.date_time$''; 
end.');
INSERT INTO property_cell VALUES('zodino_pns.form_pns_zodino_20.etDeltaTimer1.DateTime_Str','zodino_pns.zodino_pns_20.date_time');
INSERT INTO property VALUES('zodino_pns.form_pns_zodino_20.etLed1.StateColor','zodino_pns.form_pns_zodino_20','zodino_pns.form_pns_zodino_20.etLed1','StateColor','begin
		  if $zodino_pns.zodino_pns_20.rs_use_rotation_via_period$ then return := clLime
		  else return := clBtnFace; 
		end.
		');
INSERT INTO property_cell VALUES('zodino_pns.form_pns_zodino_20.etLed1.StateColor','zodino_pns.zodino_pns_20.rs_use_rotation_via_period');
INSERT INTO property VALUES('zodino_pns.form_pns_zodino_20.etLed2.StateColor','zodino_pns.form_pns_zodino_20','zodino_pns.form_pns_zodino_20.etLed2','StateColor','begin
			  if $zodino_pns.zodino_pns_20.rs_use_time_rotation$ then return := clLime
			  else return := clBtnFace; 
			end.
		');
INSERT INTO property_cell VALUES('zodino_pns.form_pns_zodino_20.etLed2.StateColor','zodino_pns.zodino_pns_20.rs_use_time_rotation');
INSERT INTO property VALUES('zodino_pns.form_pns_zodino_20.etLed3.StateColor','zodino_pns.form_pns_zodino_20','zodino_pns.form_pns_zodino_20.etLed3','StateColor','begin
		  if $zodino_pns.zodino_pns_20.rs_need_rotation$ then return := clLime
		  else return := clBtnFace; 
		end.
		');
INSERT INTO property_cell VALUES('zodino_pns.form_pns_zodino_20.etLed3.StateColor','zodino_pns.zodino_pns_20.rs_need_rotation');
INSERT INTO property VALUES('zodino_pns.form_pns_zodino_20.etLed4.AlarmActive','zodino_pns.form_pns_zodino_20','zodino_pns.form_pns_zodino_20.etLed4','AlarmActive','begin
  return := $zodino_pns.zodino_pns_20.alm_power$; 
end.');
INSERT INTO property_cell VALUES('zodino_pns.form_pns_zodino_20.etLed4.AlarmActive','zodino_pns.zodino_pns_20.alm_power');
INSERT INTO property VALUES('zodino_pns.form_pns_zodino_20.etSign1.AlarmActive','zodino_pns.form_pns_zodino_20','zodino_pns.form_pns_zodino_20.etSign1','AlarmActive','begin
  if $zodino_pns.zodino_pns_20.ps2_min_alm$ or 
     $zodino_pns.zodino_pns_20.ps2_max_alm$ then return := true
  else return := false; 
end.');
INSERT INTO property_cell VALUES('zodino_pns.form_pns_zodino_20.etSign1.AlarmActive','zodino_pns.zodino_pns_20.ps2_min_alm');
INSERT INTO property_cell VALUES('zodino_pns.form_pns_zodino_20.etSign1.AlarmActive','zodino_pns.zodino_pns_20.ps2_max_alm');
INSERT INTO property VALUES('zodino_pns.form_pns_zodino_20.etSign1.Text','zodino_pns.form_pns_zodino_20','zodino_pns.form_pns_zodino_20.etSign1','Text','begin
  return := Format(''%.2f'',[$zodino_pns.zodino_pns_20.ps2_value$*1.0]); 
end.');
INSERT INTO property_cell VALUES('zodino_pns.form_pns_zodino_20.etSign1.Text','zodino_pns.zodino_pns_20.ps2_value');
INSERT INTO property VALUES('zodino_pns.form_pns_zodino_20.etSign3.AlarmActive','zodino_pns.form_pns_zodino_20','zodino_pns.form_pns_zodino_20.etSign3','AlarmActive','begin
  if $zodino_pns.zodino_pns_20.rsm0503_cs_not_answer$ or 
     $zodino_pns.zodino_pns_20.rsm0503_cs_common_alm$ then return := true
  else return := false; 
end.');
INSERT INTO property_cell VALUES('zodino_pns.form_pns_zodino_20.etSign3.AlarmActive','zodino_pns.zodino_pns_20.rsm0503_cs_not_answer');
INSERT INTO property_cell VALUES('zodino_pns.form_pns_zodino_20.etSign3.AlarmActive','zodino_pns.zodino_pns_20.rsm0503_cs_common_alm');
INSERT INTO property VALUES('zodino_pns.form_pns_zodino_20.etSign3.Text','zodino_pns.form_pns_zodino_20','zodino_pns.form_pns_zodino_20.etSign3','Text','begin
  return := Format(''%.2f'',[$zodino_pns.zodino_pns_20.rsm0503_cs_value$*1.0]); 
end.');
INSERT INTO property_cell VALUES('zodino_pns.form_pns_zodino_20.etSign3.Text','zodino_pns.zodino_pns_20.rsm0503_cs_value');
INSERT INTO property VALUES('zodino_pns.form_pns_zodino_20.etSignal2.SignalLevel','zodino_pns.form_pns_zodino_20','zodino_pns.form_pns_zodino_20.etSignal2','SignalLevel','begin
			return := $zodino_pns.zodino_pns_20.gsm_lvl_signal_gsm$; 
			end.
		');
INSERT INTO property_cell VALUES('zodino_pns.form_pns_zodino_20.etSignal2.SignalLevel','zodino_pns.zodino_pns_20.gsm_lvl_signal_gsm');
INSERT INTO property VALUES('zodino_pns.form_pns_zodino_20.etStaticHint1.HintText.Text','zodino_pns.form_pns_zodino_20','zodino_pns.form_pns_zodino_20.etStaticHint1','HintText.Text','begin
  return :=  Format(''%.2f'', [$zodino_pns.zodino_pns_20.abb_acs580_4_amperage_engine$ * 1.0]) + '' A''; 
end.');
INSERT INTO property_cell VALUES('zodino_pns.form_pns_zodino_20.etStaticHint1.HintText.Text','zodino_pns.zodino_pns_20.abb_acs580_4_amperage_engine');
INSERT INTO property VALUES('zodino_pns.form_pns_zodino_20.etStaticHint2.HintText.Text','zodino_pns.form_pns_zodino_20','zodino_pns.form_pns_zodino_20.etStaticHint2','HintText.Text','begin
  return :=  Format(''%.2f'', [$zodino_pns.zodino_pns_20.abb_acs580_5_amperage_engine$ * 1.0]) + '' A''; 
end.');
INSERT INTO property_cell VALUES('zodino_pns.form_pns_zodino_20.etStaticHint2.HintText.Text','zodino_pns.zodino_pns_20.abb_acs580_5_amperage_engine');
INSERT INTO property VALUES('zodino_pns.form_pns_zodino_20.etStaticHint3.HintText.Text','zodino_pns.form_pns_zodino_20','zodino_pns.form_pns_zodino_20.etStaticHint3','HintText.Text','begin
  return :=  Format(''%.2f'', [$zodino_pns.zodino_pns_20.abb_acs580_5_output_freq$ * 1.0]) + '' A''; 
end.');
INSERT INTO property_cell VALUES('zodino_pns.form_pns_zodino_20.etStaticHint3.HintText.Text','zodino_pns.zodino_pns_20.abb_acs580_5_output_freq');
INSERT INTO property VALUES('zodino_pns.form_pns_zodino_20.etStaticHint4.HintText.Text','zodino_pns.form_pns_zodino_20','zodino_pns.form_pns_zodino_20.etStaticHint4','HintText.Text','begin
  return :=  Format(''%.2f'', [$zodino_pns.zodino_pns_20.abb_acs580_1_output_freq$ * 1.0]) + '' Гц''; 
end.');
INSERT INTO property_cell VALUES('zodino_pns.form_pns_zodino_20.etStaticHint4.HintText.Text','zodino_pns.zodino_pns_20.abb_acs580_1_output_freq');
INSERT INTO property VALUES('zodino_pns.form_pns_zodino_20.etStaticHint5.HintText.Text','zodino_pns.form_pns_zodino_20','zodino_pns.form_pns_zodino_20.etStaticHint5','HintText.Text','begin
  return :=  Format(''%.2f'', [$zodino_pns.zodino_pns_20.abb_acs580_2_output_freq$ * 1.0]) + '' Гц''; 
end.');
INSERT INTO property_cell VALUES('zodino_pns.form_pns_zodino_20.etStaticHint5.HintText.Text','zodino_pns.zodino_pns_20.abb_acs580_2_output_freq');
INSERT INTO property VALUES('zodino_pns.form_pns_zodino_20.etStaticHint6.HintText.Text','zodino_pns.form_pns_zodino_20','zodino_pns.form_pns_zodino_20.etStaticHint6','HintText.Text','begin
  return :=  Format(''%.2f'', [$zodino_pns.zodino_pns_20.abb_acs580_3_output_freq$ * 1.0]) + '' Гц''; 
end.');
INSERT INTO property_cell VALUES('zodino_pns.form_pns_zodino_20.etStaticHint6.HintText.Text','zodino_pns.zodino_pns_20.abb_acs580_3_output_freq');
INSERT INTO property VALUES('zodino_pns.form_pns_zodino_20.etStaticHint7.HintText.Text','zodino_pns.form_pns_zodino_20','zodino_pns.form_pns_zodino_20.etStaticHint7','HintText.Text','begin
  return :=  Format(''%.2f'', [$zodino_pns.zodino_pns_20.abb_acs580_4_output_freq$ * 1.0]) + '' Гц''; 
end.');
INSERT INTO property_cell VALUES('zodino_pns.form_pns_zodino_20.etStaticHint7.HintText.Text','zodino_pns.zodino_pns_20.abb_acs580_4_output_freq');
INSERT INTO property VALUES('zodino_pns.form_pns_zodino_20.iEdit1.Value','zodino_pns.form_pns_zodino_20','zodino_pns.form_pns_zodino_20.iEdit1','Value','begin
  if $zodino_pns.zodino_pns_20.fc_work_mode$ then return := ''Автоматический''
  else return := ''Ручной''; 
end.');
INSERT INTO property_cell VALUES('zodino_pns.form_pns_zodino_20.iEdit1.Value','zodino_pns.zodino_pns_20.fc_work_mode');
INSERT INTO property VALUES('zodino_pns.form_pns_zodino_20.iEdit2.Value','zodino_pns.form_pns_zodino_20','zodino_pns.form_pns_zodino_20.iEdit2','Value','begin
  return := $fc_work_mode; 
end.');
INSERT INTO property VALUES('zodino_pns.form_pns_zodino_20.Panel1.Caption','zodino_pns.form_pns_zodino_20','zodino_pns.form_pns_zodino_20.Panel1','Caption','begin
		  if $zodino_pns.zodino_pns_20.rs_use_rotation_via_period$ then return := ''$zodino_pns.zodino_pns_20.rs_period_rotation$''
		  else return := ''-,-''; 
		end.
		');
INSERT INTO property_cell VALUES('zodino_pns.form_pns_zodino_20.Panel1.Caption','zodino_pns.zodino_pns_20.rs_use_rotation_via_period');
INSERT INTO property_cell VALUES('zodino_pns.form_pns_zodino_20.Panel1.Caption','zodino_pns.zodino_pns_20.rs_period_rotation');
INSERT INTO property VALUES('zodino_pns.form_pns_zodino_20.Panel10.Caption','zodino_pns.form_pns_zodino_20','zodino_pns.form_pns_zodino_20.Panel10','Caption','begin
  if $zodino_pns.zodino_pns_20.p5_mode$ then return := ''А''
  else return := ''Р''; 
end.');
INSERT INTO property_cell VALUES('zodino_pns.form_pns_zodino_20.Panel10.Caption','zodino_pns.zodino_pns_20.p5_mode');
INSERT INTO property VALUES('zodino_pns.form_pns_zodino_20.Panel14.Caption','zodino_pns.form_pns_zodino_20','zodino_pns.form_pns_zodino_20.Panel14','Caption','begin
  if $zodino_pns.zodino_pns_20.fc_work_mode$ = 0 then return := ''По ручному заданию''
  else if $zodino_pns.zodino_pns_20.fc_work_mode$ = 1 then return := ''По суточному графику''
  else return := ''По недельному графику''; 
end.');
INSERT INTO property_cell VALUES('zodino_pns.form_pns_zodino_20.Panel14.Caption','zodino_pns.zodino_pns_20.fc_work_mode');
INSERT INTO property VALUES('zodino_pns.form_pns_zodino_20.Panel19.Caption','zodino_pns.form_pns_zodino_20','zodino_pns.form_pns_zodino_20.Panel19','Caption','begin
  return := $zodino_pns.zodino_pns_20.ts_value$; 
end.');
INSERT INTO property_cell VALUES('zodino_pns.form_pns_zodino_20.Panel19.Caption','zodino_pns.zodino_pns_20.ts_value');
INSERT INTO property VALUES('zodino_pns.form_pns_zodino_20.Panel2.Caption','zodino_pns.form_pns_zodino_20','zodino_pns.form_pns_zodino_20.Panel2','Caption','begin
  return := $zodino_pns.zodino_pns_20.num_main_pump$; 
end.');
INSERT INTO property_cell VALUES('zodino_pns.form_pns_zodino_20.Panel2.Caption','zodino_pns.zodino_pns_20.num_main_pump');
INSERT INTO property VALUES('zodino_pns.form_pns_zodino_20.Panel4.Caption','zodino_pns.form_pns_zodino_20','zodino_pns.form_pns_zodino_20.Panel4','Caption','begin
		  if $zodino_pns.zodino_pns_20.rs_use_time_rotation$ then return := ''$zodino_pns.zodino_pns_20.rs_time_rotation_hour$''
		  else return := ''--''; 
		end.');
INSERT INTO property_cell VALUES('zodino_pns.form_pns_zodino_20.Panel4.Caption','zodino_pns.zodino_pns_20.rs_use_time_rotation');
INSERT INTO property_cell VALUES('zodino_pns.form_pns_zodino_20.Panel4.Caption','zodino_pns.zodino_pns_20.rs_time_rotation_hour');
INSERT INTO property VALUES('zodino_pns.form_pns_zodino_20.Panel5.Caption','zodino_pns.form_pns_zodino_20','zodino_pns.form_pns_zodino_20.Panel5','Caption','begin
		  if $zodino_pns.zodino_pns_20.rs_use_time_rotation$ then return := ''$zodino_pns.zodino_pns_20.rs_time_rotation_minute$''
		  else return := ''--''; 
		end.
		');
INSERT INTO property_cell VALUES('zodino_pns.form_pns_zodino_20.Panel5.Caption','zodino_pns.zodino_pns_20.rs_use_time_rotation');
INSERT INTO property_cell VALUES('zodino_pns.form_pns_zodino_20.Panel5.Caption','zodino_pns.zodino_pns_20.rs_time_rotation_minute');
INSERT INTO property VALUES('zodino_pns.form_pns_zodino_20.Panel6.Caption','zodino_pns.form_pns_zodino_20','zodino_pns.form_pns_zodino_20.Panel6','Caption','begin
  if $zodino_pns.zodino_pns_20.p1_mode$ then return := ''А''
  else return := ''Р''; 
end.');
INSERT INTO property_cell VALUES('zodino_pns.form_pns_zodino_20.Panel6.Caption','zodino_pns.zodino_pns_20.p1_mode');
INSERT INTO property VALUES('zodino_pns.form_pns_zodino_20.Panel7.Caption','zodino_pns.form_pns_zodino_20','zodino_pns.form_pns_zodino_20.Panel7','Caption','begin
  if $zodino_pns.zodino_pns_20.p2_mode$ then return := ''А''
  else return := ''Р''; 
end.');
INSERT INTO property_cell VALUES('zodino_pns.form_pns_zodino_20.Panel7.Caption','zodino_pns.zodino_pns_20.p2_mode');
INSERT INTO property VALUES('zodino_pns.form_pns_zodino_20.Panel8.Caption','zodino_pns.form_pns_zodino_20','zodino_pns.form_pns_zodino_20.Panel8','Caption','begin
  if $zodino_pns.zodino_pns_20.p3_mode$ then return := ''А''
  else return := ''Р''; 
end.');
INSERT INTO property_cell VALUES('zodino_pns.form_pns_zodino_20.Panel8.Caption','zodino_pns.zodino_pns_20.p3_mode');
INSERT INTO property VALUES('zodino_pns.form_pns_zodino_20.Panel9.Caption','zodino_pns.form_pns_zodino_20','zodino_pns.form_pns_zodino_20.Panel9','Caption','begin
  if $zodino_pns.zodino_pns_20.p4_mode$ then return := ''А''
  else return := ''Р''; 
end.');
INSERT INTO property_cell VALUES('zodino_pns.form_pns_zodino_20.Panel9.Caption','zodino_pns.zodino_pns_20.p4_mode');
INSERT INTO property VALUES('zodino_pns.form_pns_zodino_20.pump1_Hint.HintText.Text','zodino_pns.form_pns_zodino_20','zodino_pns.form_pns_zodino_20.pump1_Hint','HintText.Text','begin
  return :=  Format(''%.2f'', [$zodino_pns.zodino_pns_20.abb_acs580_1_amperage_engine$ * 1.0]) + '' A''; 
end.');
INSERT INTO property_cell VALUES('zodino_pns.form_pns_zodino_20.pump1_Hint.HintText.Text','zodino_pns.zodino_pns_20.abb_acs580_1_amperage_engine');
INSERT INTO property VALUES('zodino_pns.form_pns_zodino_20.pump2_Hint.HintText.Text','zodino_pns.form_pns_zodino_20','zodino_pns.form_pns_zodino_20.pump2_Hint','HintText.Text','begin
  return :=  Format(''%.2f'', [$zodino_pns.zodino_pns_20.abb_acs580_2_amperage_engine$ * 1.0]) + '' A''; 
end.');
INSERT INTO property_cell VALUES('zodino_pns.form_pns_zodino_20.pump2_Hint.HintText.Text','zodino_pns.zodino_pns_20.abb_acs580_2_amperage_engine');
INSERT INTO property VALUES('zodino_pns.form_pns_zodino_20.pump3_Hint.HintText.Text','zodino_pns.form_pns_zodino_20','zodino_pns.form_pns_zodino_20.pump3_Hint','HintText.Text','begin
  return :=  Format(''%.2f'', [$zodino_pns.zodino_pns_20.abb_acs580_3_amperage_engine$ * 1.0]) + '' A''; 
end.');
INSERT INTO property_cell VALUES('zodino_pns.form_pns_zodino_20.pump3_Hint.HintText.Text','zodino_pns.zodino_pns_20.abb_acs580_3_amperage_engine');
INSERT INTO property VALUES('zodino_pns.form_pns_zodino_20.SignPsi.AlarmActive','zodino_pns.form_pns_zodino_20','zodino_pns.form_pns_zodino_20.SignPsi','AlarmActive','begin
		  if $zodino_pns.zodino_pns_20.ps1_min_alm$ or 
			 $zodino_pns.zodino_pns_20.ps1_max_alm$ then return := true
		  else return := false; 
		end.
		');
INSERT INTO property_cell VALUES('zodino_pns.form_pns_zodino_20.SignPsi.AlarmActive','zodino_pns.zodino_pns_20.ps1_min_alm');
INSERT INTO property_cell VALUES('zodino_pns.form_pns_zodino_20.SignPsi.AlarmActive','zodino_pns.zodino_pns_20.ps1_max_alm');
INSERT INTO property VALUES('zodino_pns.form_pns_zodino_20.SignPsi.Text','zodino_pns.form_pns_zodino_20','zodino_pns.form_pns_zodino_20.SignPsi','Text','begin
		  return := Format(''%.2f'',[$zodino_pns.zodino_pns_20.ps1_value$*1.0]); 
		end.
		');
INSERT INTO property_cell VALUES('zodino_pns.form_pns_zodino_20.SignPsi.Text','zodino_pns.zodino_pns_20.ps1_value');
INSERT INTO property VALUES('zodino_pns.form_pns_zodino_20.SMSLed.StateColor','zodino_pns.form_pns_zodino_20','zodino_pns.form_pns_zodino_20.SMSLed','StateColor','begin
		  if $zodino_pns.zodino_pns_20.gsm_flag_disable_sms$ or
			 $zodino_pns.zodino_pns_20.gsm_flag_disable_sms_limiter$ or
			 $zodino_pns.zodino_pns_20.as_flag_disable_alm$ then return := clRed
		  else return := clLime; 
		end.');
INSERT INTO property_cell VALUES('zodino_pns.form_pns_zodino_20.SMSLed.StateColor','zodino_pns.zodino_pns_20.gsm_flag_disable_sms');
INSERT INTO property_cell VALUES('zodino_pns.form_pns_zodino_20.SMSLed.StateColor','zodino_pns.zodino_pns_20.gsm_flag_disable_sms_limiter');
INSERT INTO property_cell VALUES('zodino_pns.form_pns_zodino_20.SMSLed.StateColor','zodino_pns.zodino_pns_20.as_flag_disable_alm');
INSERT INTO property VALUES('zodino_pns.form_pns_zodino_20.WaterLed.AlarmActive','zodino_pns.form_pns_zodino_20','zodino_pns.form_pns_zodino_20.WaterLed','AlarmActive','begin
		  return := $zodino_pns.zodino_pns_20.alm_water$; 
		end.
		');
INSERT INTO property_cell VALUES('zodino_pns.form_pns_zodino_20.WaterLed.AlarmActive','zodino_pns.zodino_pns_20.alm_water');
INSERT INTO property VALUES('zodino_pns.form_pns_fc_abb_p1.etLed1.StateColor','zodino_pns.form_pns_fc_abb_p1','zodino_pns.form_pns_fc_abb_p1.etLed1','StateColor','begin
  if $zodino_pns.zodino_pns_20.abb_acs580_1_ready_to_run$ then return := clLime
  else return := clBtnFace; 
end.');
INSERT INTO property_cell VALUES('zodino_pns.form_pns_fc_abb_p1.etLed1.StateColor','zodino_pns.zodino_pns_20.abb_acs580_1_ready_to_run');
INSERT INTO property VALUES('zodino_pns.form_pns_fc_abb_p1.etLed2.AlarmActive','zodino_pns.form_pns_fc_abb_p1','zodino_pns.form_pns_fc_abb_p1.etLed2','AlarmActive','begin
  return := $zodino_pns.zodino_pns_20.abb_acs580_1_common_alm$; 
end.');
INSERT INTO property_cell VALUES('zodino_pns.form_pns_fc_abb_p1.etLed2.AlarmActive','zodino_pns.zodino_pns_20.abb_acs580_1_common_alm');
INSERT INTO property VALUES('zodino_pns.form_pns_fc_abb_p1.etLed3.StateColor','zodino_pns.form_pns_fc_abb_p1','zodino_pns.form_pns_fc_abb_p1.etLed3','StateColor','begin
  if $zodino_pns.zodino_pns_20.abb_acs580_1_rejection$ then return := clLime
  else return := clBtnFace; 
end.');
INSERT INTO property_cell VALUES('zodino_pns.form_pns_fc_abb_p1.etLed3.StateColor','zodino_pns.zodino_pns_20.abb_acs580_1_rejection');
INSERT INTO property VALUES('zodino_pns.form_pns_fc_abb_p1.etLed4.AlarmActive','zodino_pns.form_pns_fc_abb_p1','zodino_pns.form_pns_fc_abb_p1.etLed4','AlarmActive','begin
  return := $zodino_pns.zodino_pns_20.abb_acs580_1_not_answer$; 
end.');
INSERT INTO property_cell VALUES('zodino_pns.form_pns_fc_abb_p1.etLed4.AlarmActive','zodino_pns.zodino_pns_20.abb_acs580_1_not_answer');
INSERT INTO property VALUES('zodino_pns.form_pns_fc_abb_p1.etLed5.StateColor','zodino_pns.form_pns_fc_abb_p1','zodino_pns.form_pns_fc_abb_p1.etLed5','StateColor','begin
  if $zodino_pns.zodino_pns_20.abb_acs580_1_use$ then return := clLime
  else return := clBtnFace; 
end.');
INSERT INTO property_cell VALUES('zodino_pns.form_pns_fc_abb_p1.etLed5.StateColor','zodino_pns.zodino_pns_20.abb_acs580_1_use');
INSERT INTO property VALUES('zodino_pns.form_pns_fc_abb_p1.etLed6.StateColor','zodino_pns.form_pns_fc_abb_p1','zodino_pns.form_pns_fc_abb_p1.etLed6','StateColor','begin
  if $zodino_pns.zodino_pns_20.p1_state$ then return := clLime
  else return := clBtnFace; 
end.');
INSERT INTO property_cell VALUES('zodino_pns.form_pns_fc_abb_p1.etLed6.StateColor','zodino_pns.zodino_pns_20.p1_state');
INSERT INTO property VALUES('zodino_pns.form_pns_fc_abb_p1.Panel1.Caption','zodino_pns.form_pns_fc_abb_p1','zodino_pns.form_pns_fc_abb_p1.Panel1','Caption','begin
  return := ''$zodino_pns.zodino_pns_20.abb_acs580_1_amperage_engine$''; 
end.');
INSERT INTO property_cell VALUES('zodino_pns.form_pns_fc_abb_p1.Panel1.Caption','zodino_pns.zodino_pns_20.abb_acs580_1_amperage_engine');
INSERT INTO property VALUES('zodino_pns.form_pns_fc_abb_p1.Panel2.Caption','zodino_pns.form_pns_fc_abb_p1','zodino_pns.form_pns_fc_abb_p1.Panel2','Caption','begin
  return := ''$zodino_pns.zodino_pns_20.abb_acs580_1_output_freq$''; 
end.');
INSERT INTO property_cell VALUES('zodino_pns.form_pns_fc_abb_p1.Panel2.Caption','zodino_pns.zodino_pns_20.abb_acs580_1_output_freq');
INSERT INTO property VALUES('zodino_pns.form_pns_fc_abb_p1.Panel3.Caption','zodino_pns.form_pns_fc_abb_p1','zodino_pns.form_pns_fc_abb_p1.Panel3','Caption','begin
  return := ''$zodino_pns.zodino_pns_20.abb_acs580_1_disconnecion_reason$''; 
end.');
INSERT INTO property_cell VALUES('zodino_pns.form_pns_fc_abb_p1.Panel3.Caption','zodino_pns.zodino_pns_20.abb_acs580_1_disconnecion_reason');
INSERT INTO property VALUES('zodino_pns.form_pns_fc_abb_p1.Panel4.Caption','zodino_pns.form_pns_fc_abb_p1','zodino_pns.form_pns_fc_abb_p1.Panel4','Caption','begin
  return := ''$zodino_pns.zodino_pns_20.abb_acs580_1_voltage_engine$''; 
end.');
INSERT INTO property_cell VALUES('zodino_pns.form_pns_fc_abb_p1.Panel4.Caption','zodino_pns.zodino_pns_20.abb_acs580_1_voltage_engine');
INSERT INTO property VALUES('zodino_pns.form_pns_fc_abb_p1.Panel5.Caption','zodino_pns.form_pns_fc_abb_p1','zodino_pns.form_pns_fc_abb_p1.Panel5','Caption','begin
  return := ''$zodino_pns.zodino_pns_20.abb_acs580_1_set_freq$''; 
end.');
INSERT INTO property_cell VALUES('zodino_pns.form_pns_fc_abb_p1.Panel5.Caption','zodino_pns.zodino_pns_20.abb_acs580_1_set_freq');
INSERT INTO property VALUES('zodino_pns.form_pns_fc_abb_p1.Panel6.Caption','zodino_pns.form_pns_fc_abb_p1','zodino_pns.form_pns_fc_abb_p1.Panel6','Caption','begin
  return := ''$zodino_pns.zodino_pns_20.abb_acs580_1_fact_value$''; 
end.');
INSERT INTO property_cell VALUES('zodino_pns.form_pns_fc_abb_p1.Panel6.Caption','zodino_pns.zodino_pns_20.abb_acs580_1_fact_value');
INSERT INTO property VALUES('zodino_pns.form_pns_fc_abb_p1.Panel7.Caption','zodino_pns.form_pns_fc_abb_p1','zodino_pns.form_pns_fc_abb_p1.Panel7','Caption','begin
  return := ''$zodino_pns.zodino_pns_20.abb_acs580_1_set_pid$''; 
end.');
INSERT INTO property_cell VALUES('zodino_pns.form_pns_fc_abb_p1.Panel7.Caption','zodino_pns.zodino_pns_20.abb_acs580_1_set_pid');
INSERT INTO property VALUES('zodino_pns.form_pns_fc_abb_p1.SMSLed.StateColor','zodino_pns.form_pns_fc_abb_p1','zodino_pns.form_pns_fc_abb_p1.SMSLed','StateColor','begin
  if $zodino_pns.zodino_pns_20.abb_acs580_1_ready$ then return := clLime
  else return := clBtnFace; 
end.');
INSERT INTO property_cell VALUES('zodino_pns.form_pns_fc_abb_p1.SMSLed.StateColor','zodino_pns.zodino_pns_20.abb_acs580_1_ready');
INSERT INTO property VALUES('zodino_pns.form_pns_fc_abb_p2.etLed1.StateColor','zodino_pns.form_pns_fc_abb_p2','zodino_pns.form_pns_fc_abb_p2.etLed1','StateColor','begin
  if $zodino_pns.zodino_pns_20.abb_acs580_2_ready_to_run$ then return := clLime
  else return := clBtnFace; 
end.');
INSERT INTO property_cell VALUES('zodino_pns.form_pns_fc_abb_p2.etLed1.StateColor','zodino_pns.zodino_pns_20.abb_acs580_2_ready_to_run');
INSERT INTO property VALUES('zodino_pns.form_pns_fc_abb_p2.etLed2.AlarmActive','zodino_pns.form_pns_fc_abb_p2','zodino_pns.form_pns_fc_abb_p2.etLed2','AlarmActive','begin
  return := $zodino_pns.zodino_pns_20.abb_acs580_2_common_alm$; 
end.');
INSERT INTO property_cell VALUES('zodino_pns.form_pns_fc_abb_p2.etLed2.AlarmActive','zodino_pns.zodino_pns_20.abb_acs580_2_common_alm');
INSERT INTO property VALUES('zodino_pns.form_pns_fc_abb_p2.etLed3.StateColor','zodino_pns.form_pns_fc_abb_p2','zodino_pns.form_pns_fc_abb_p2.etLed3','StateColor','begin
  if $zodino_pns.zodino_pns_20.abb_acs580_2_rejection$ then return := clLime
  else return := clBtnFace; 
end.');
INSERT INTO property_cell VALUES('zodino_pns.form_pns_fc_abb_p2.etLed3.StateColor','zodino_pns.zodino_pns_20.abb_acs580_2_rejection');
INSERT INTO property VALUES('zodino_pns.form_pns_fc_abb_p2.etLed4.AlarmActive','zodino_pns.form_pns_fc_abb_p2','zodino_pns.form_pns_fc_abb_p2.etLed4','AlarmActive','begin
  return := $zodino_pns.zodino_pns_20.abb_acs580_2_not_answer$; 
end.');
INSERT INTO property_cell VALUES('zodino_pns.form_pns_fc_abb_p2.etLed4.AlarmActive','zodino_pns.zodino_pns_20.abb_acs580_2_not_answer');
INSERT INTO property VALUES('zodino_pns.form_pns_fc_abb_p2.etLed5.StateColor','zodino_pns.form_pns_fc_abb_p2','zodino_pns.form_pns_fc_abb_p2.etLed5','StateColor','begin
  if $zodino_pns.zodino_pns_20.abb_acs580_2_use$ then return := clLime
  else return := clBtnFace; 
end.');
INSERT INTO property_cell VALUES('zodino_pns.form_pns_fc_abb_p2.etLed5.StateColor','zodino_pns.zodino_pns_20.abb_acs580_2_use');
INSERT INTO property VALUES('zodino_pns.form_pns_fc_abb_p2.etLed6.StateColor','zodino_pns.form_pns_fc_abb_p2','zodino_pns.form_pns_fc_abb_p2.etLed6','StateColor','begin
  if $zodino_pns.zodino_pns_20.p2_state$ then return := clLime
  else return := clBtnFace; 
end.');
INSERT INTO property_cell VALUES('zodino_pns.form_pns_fc_abb_p2.etLed6.StateColor','zodino_pns.zodino_pns_20.p2_state');
INSERT INTO property VALUES('zodino_pns.form_pns_fc_abb_p2.Panel1.Caption','zodino_pns.form_pns_fc_abb_p2','zodino_pns.form_pns_fc_abb_p2.Panel1','Caption','begin
  return := ''$zodino_pns.zodino_pns_20.abb_acs580_2_amperage_engine$''; 
end.');
INSERT INTO property_cell VALUES('zodino_pns.form_pns_fc_abb_p2.Panel1.Caption','zodino_pns.zodino_pns_20.abb_acs580_2_amperage_engine');
INSERT INTO property VALUES('zodino_pns.form_pns_fc_abb_p2.Panel2.Caption','zodino_pns.form_pns_fc_abb_p2','zodino_pns.form_pns_fc_abb_p2.Panel2','Caption','begin
  return := ''$zodino_pns.zodino_pns_20.abb_acs580_2_output_freq$''; 
end.');
INSERT INTO property_cell VALUES('zodino_pns.form_pns_fc_abb_p2.Panel2.Caption','zodino_pns.zodino_pns_20.abb_acs580_2_output_freq');
INSERT INTO property VALUES('zodino_pns.form_pns_fc_abb_p2.Panel3.Caption','zodino_pns.form_pns_fc_abb_p2','zodino_pns.form_pns_fc_abb_p2.Panel3','Caption','begin
  return := ''$zodino_pns.zodino_pns_20.abb_acs580_2_disconnecion_reason$''; 
end.');
INSERT INTO property_cell VALUES('zodino_pns.form_pns_fc_abb_p2.Panel3.Caption','zodino_pns.zodino_pns_20.abb_acs580_2_disconnecion_reason');
INSERT INTO property VALUES('zodino_pns.form_pns_fc_abb_p2.Panel4.Caption','zodino_pns.form_pns_fc_abb_p2','zodino_pns.form_pns_fc_abb_p2.Panel4','Caption','begin
  return := ''$zodino_pns.zodino_pns_20.abb_acs580_2_voltage_engine$''; 
end.');
INSERT INTO property_cell VALUES('zodino_pns.form_pns_fc_abb_p2.Panel4.Caption','zodino_pns.zodino_pns_20.abb_acs580_2_voltage_engine');
INSERT INTO property VALUES('zodino_pns.form_pns_fc_abb_p2.Panel5.Caption','zodino_pns.form_pns_fc_abb_p2','zodino_pns.form_pns_fc_abb_p2.Panel5','Caption','begin
  return := ''$zodino_pns.zodino_pns_20.abb_acs580_2_set_freq$''; 
end.');
INSERT INTO property_cell VALUES('zodino_pns.form_pns_fc_abb_p2.Panel5.Caption','zodino_pns.zodino_pns_20.abb_acs580_2_set_freq');
INSERT INTO property VALUES('zodino_pns.form_pns_fc_abb_p2.Panel6.Caption','zodino_pns.form_pns_fc_abb_p2','zodino_pns.form_pns_fc_abb_p2.Panel6','Caption','begin
  return := ''$zodino_pns.zodino_pns_20.abb_acs580_2_fact_value$''; 
end.');
INSERT INTO property_cell VALUES('zodino_pns.form_pns_fc_abb_p2.Panel6.Caption','zodino_pns.zodino_pns_20.abb_acs580_2_fact_value');
INSERT INTO property VALUES('zodino_pns.form_pns_fc_abb_p2.Panel7.Caption','zodino_pns.form_pns_fc_abb_p2','zodino_pns.form_pns_fc_abb_p2.Panel7','Caption','begin
  return := ''$zodino_pns.zodino_pns_20.abb_acs580_2_set_pid$''; 
end.');
INSERT INTO property_cell VALUES('zodino_pns.form_pns_fc_abb_p2.Panel7.Caption','zodino_pns.zodino_pns_20.abb_acs580_2_set_pid');
INSERT INTO property VALUES('zodino_pns.form_pns_fc_abb_p2.SMSLed.StateColor','zodino_pns.form_pns_fc_abb_p2','zodino_pns.form_pns_fc_abb_p2.SMSLed','StateColor','begin
  if $zodino_pns.zodino_pns_20.abb_acs580_2_ready$ then return := clLime
  else return := clBtnFace; 
end.');
INSERT INTO property_cell VALUES('zodino_pns.form_pns_fc_abb_p2.SMSLed.StateColor','zodino_pns.zodino_pns_20.abb_acs580_2_ready');
INSERT INTO property VALUES('zodino_pns.form_pns_fc_abb_p3.etLed1.StateColor','zodino_pns.form_pns_fc_abb_p3','zodino_pns.form_pns_fc_abb_p3.etLed1','StateColor','begin
  if $zodino_pns.zodino_pns_20.abb_acs580_3_ready_to_run$ then return := clLime
  else return := clBtnFace; 
end.');
INSERT INTO property_cell VALUES('zodino_pns.form_pns_fc_abb_p3.etLed1.StateColor','zodino_pns.zodino_pns_20.abb_acs580_3_ready_to_run');
INSERT INTO property VALUES('zodino_pns.form_pns_fc_abb_p3.etLed2.AlarmActive','zodino_pns.form_pns_fc_abb_p3','zodino_pns.form_pns_fc_abb_p3.etLed2','AlarmActive','begin
  return := $zodino_pns.zodino_pns_20.abb_acs580_3_common_alm$; 
end.');
INSERT INTO property_cell VALUES('zodino_pns.form_pns_fc_abb_p3.etLed2.AlarmActive','zodino_pns.zodino_pns_20.abb_acs580_3_common_alm');
INSERT INTO property VALUES('zodino_pns.form_pns_fc_abb_p3.etLed3.StateColor','zodino_pns.form_pns_fc_abb_p3','zodino_pns.form_pns_fc_abb_p3.etLed3','StateColor','begin
  if $zodino_pns.zodino_pns_20.abb_acs580_3_rejection$ then return := clLime
  else return := clBtnFace; 
end.');
INSERT INTO property_cell VALUES('zodino_pns.form_pns_fc_abb_p3.etLed3.StateColor','zodino_pns.zodino_pns_20.abb_acs580_3_rejection');
INSERT INTO property VALUES('zodino_pns.form_pns_fc_abb_p3.etLed4.AlarmActive','zodino_pns.form_pns_fc_abb_p3','zodino_pns.form_pns_fc_abb_p3.etLed4','AlarmActive','begin
  return := $zodino_pns.zodino_pns_20.abb_acs580_3_not_answer$; 
end.');
INSERT INTO property_cell VALUES('zodino_pns.form_pns_fc_abb_p3.etLed4.AlarmActive','zodino_pns.zodino_pns_20.abb_acs580_3_not_answer');
INSERT INTO property VALUES('zodino_pns.form_pns_fc_abb_p3.etLed5.StateColor','zodino_pns.form_pns_fc_abb_p3','zodino_pns.form_pns_fc_abb_p3.etLed5','StateColor','begin
  if $zodino_pns.zodino_pns_20.abb_acs580_3_use$ then return := clLime
  else return := clBtnFace; 
end.');
INSERT INTO property_cell VALUES('zodino_pns.form_pns_fc_abb_p3.etLed5.StateColor','zodino_pns.zodino_pns_20.abb_acs580_3_use');
INSERT INTO property VALUES('zodino_pns.form_pns_fc_abb_p3.etLed6.StateColor','zodino_pns.form_pns_fc_abb_p3','zodino_pns.form_pns_fc_abb_p3.etLed6','StateColor','begin
  if $zodino_pns.zodino_pns_20.p3_state$ then return := clLime
  else return := clBtnFace; 
end.');
INSERT INTO property_cell VALUES('zodino_pns.form_pns_fc_abb_p3.etLed6.StateColor','zodino_pns.zodino_pns_20.p3_state');
INSERT INTO property VALUES('zodino_pns.form_pns_fc_abb_p3.Panel1.Caption','zodino_pns.form_pns_fc_abb_p3','zodino_pns.form_pns_fc_abb_p3.Panel1','Caption','begin
  return := ''$zodino_pns.zodino_pns_20.abb_acs580_3_amperage_engine$''; 
end.');
INSERT INTO property_cell VALUES('zodino_pns.form_pns_fc_abb_p3.Panel1.Caption','zodino_pns.zodino_pns_20.abb_acs580_3_amperage_engine');
INSERT INTO property VALUES('zodino_pns.form_pns_fc_abb_p3.Panel2.Caption','zodino_pns.form_pns_fc_abb_p3','zodino_pns.form_pns_fc_abb_p3.Panel2','Caption','begin
  return := ''$zodino_pns.zodino_pns_20.abb_acs580_3_output_freq$''; 
end.');
INSERT INTO property_cell VALUES('zodino_pns.form_pns_fc_abb_p3.Panel2.Caption','zodino_pns.zodino_pns_20.abb_acs580_3_output_freq');
INSERT INTO property VALUES('zodino_pns.form_pns_fc_abb_p3.Panel3.Caption','zodino_pns.form_pns_fc_abb_p3','zodino_pns.form_pns_fc_abb_p3.Panel3','Caption','begin
  return := ''$zodino_pns.zodino_pns_20.abb_acs580_3_disconnecion_reason$''; 
end.');
INSERT INTO property_cell VALUES('zodino_pns.form_pns_fc_abb_p3.Panel3.Caption','zodino_pns.zodino_pns_20.abb_acs580_3_disconnecion_reason');
INSERT INTO property VALUES('zodino_pns.form_pns_fc_abb_p3.Panel4.Caption','zodino_pns.form_pns_fc_abb_p3','zodino_pns.form_pns_fc_abb_p3.Panel4','Caption','begin
  return := ''$zodino_pns.zodino_pns_20.abb_acs580_3_voltage_engine$''; 
end.');
INSERT INTO property_cell VALUES('zodino_pns.form_pns_fc_abb_p3.Panel4.Caption','zodino_pns.zodino_pns_20.abb_acs580_3_voltage_engine');
INSERT INTO property VALUES('zodino_pns.form_pns_fc_abb_p3.Panel5.Caption','zodino_pns.form_pns_fc_abb_p3','zodino_pns.form_pns_fc_abb_p3.Panel5','Caption','begin
  return := ''$zodino_pns.zodino_pns_20.abb_acs580_3_set_freq$''; 
end.');
INSERT INTO property_cell VALUES('zodino_pns.form_pns_fc_abb_p3.Panel5.Caption','zodino_pns.zodino_pns_20.abb_acs580_3_set_freq');
INSERT INTO property VALUES('zodino_pns.form_pns_fc_abb_p3.Panel6.Caption','zodino_pns.form_pns_fc_abb_p3','zodino_pns.form_pns_fc_abb_p3.Panel6','Caption','begin
  return := ''$zodino_pns.zodino_pns_20.abb_acs580_3_fact_value$''; 
end.');
INSERT INTO property_cell VALUES('zodino_pns.form_pns_fc_abb_p3.Panel6.Caption','zodino_pns.zodino_pns_20.abb_acs580_3_fact_value');
INSERT INTO property VALUES('zodino_pns.form_pns_fc_abb_p3.Panel7.Caption','zodino_pns.form_pns_fc_abb_p3','zodino_pns.form_pns_fc_abb_p3.Panel7','Caption','begin
  return := ''$zodino_pns.zodino_pns_20.abb_acs580_3_set_pid$''; 
end.');
INSERT INTO property_cell VALUES('zodino_pns.form_pns_fc_abb_p3.Panel7.Caption','zodino_pns.zodino_pns_20.abb_acs580_3_set_pid');
INSERT INTO property VALUES('zodino_pns.form_pns_fc_abb_p3.SMSLed.StateColor','zodino_pns.form_pns_fc_abb_p3','zodino_pns.form_pns_fc_abb_p3.SMSLed','StateColor','begin
  if $zodino_pns.zodino_pns_20.abb_acs580_3_ready$ then return := clLime
  else return := clBtnFace; 
end.');
INSERT INTO property_cell VALUES('zodino_pns.form_pns_fc_abb_p3.SMSLed.StateColor','zodino_pns.zodino_pns_20.abb_acs580_3_ready');
INSERT INTO property VALUES('zodino_pns.form_pns_fc_abb_p4.etLed1.StateColor','zodino_pns.form_pns_fc_abb_p4','zodino_pns.form_pns_fc_abb_p4.etLed1','StateColor','begin
  if $zodino_pns.zodino_pns_20.abb_acs580_4_ready_to_run$ then return := clLime
  else return := clBtnFace; 
end.');
INSERT INTO property_cell VALUES('zodino_pns.form_pns_fc_abb_p4.etLed1.StateColor','zodino_pns.zodino_pns_20.abb_acs580_4_ready_to_run');
INSERT INTO property VALUES('zodino_pns.form_pns_fc_abb_p4.etLed2.AlarmActive','zodino_pns.form_pns_fc_abb_p4','zodino_pns.form_pns_fc_abb_p4.etLed2','AlarmActive','begin
  return := $zodino_pns.zodino_pns_20.abb_acs580_4_common_alm$; 
end.');
INSERT INTO property_cell VALUES('zodino_pns.form_pns_fc_abb_p4.etLed2.AlarmActive','zodino_pns.zodino_pns_20.abb_acs580_4_common_alm');
INSERT INTO property VALUES('zodino_pns.form_pns_fc_abb_p4.etLed3.StateColor','zodino_pns.form_pns_fc_abb_p4','zodino_pns.form_pns_fc_abb_p4.etLed3','StateColor','begin
  if $zodino_pns.zodino_pns_20.abb_acs580_4_rejection$ then return := clLime
  else return := clBtnFace; 
end.');
INSERT INTO property_cell VALUES('zodino_pns.form_pns_fc_abb_p4.etLed3.StateColor','zodino_pns.zodino_pns_20.abb_acs580_4_rejection');
INSERT INTO property VALUES('zodino_pns.form_pns_fc_abb_p4.etLed4.AlarmActive','zodino_pns.form_pns_fc_abb_p4','zodino_pns.form_pns_fc_abb_p4.etLed4','AlarmActive','begin
  return := $zodino_pns.zodino_pns_20.abb_acs580_4_not_answer$; 
end.');
INSERT INTO property_cell VALUES('zodino_pns.form_pns_fc_abb_p4.etLed4.AlarmActive','zodino_pns.zodino_pns_20.abb_acs580_4_not_answer');
INSERT INTO property VALUES('zodino_pns.form_pns_fc_abb_p4.etLed5.StateColor','zodino_pns.form_pns_fc_abb_p4','zodino_pns.form_pns_fc_abb_p4.etLed5','StateColor','begin
  if $zodino_pns.zodino_pns_20.abb_acs580_4_use$ then return := clLime
  else return := clBtnFace; 
end.');
INSERT INTO property_cell VALUES('zodino_pns.form_pns_fc_abb_p4.etLed5.StateColor','zodino_pns.zodino_pns_20.abb_acs580_4_use');
INSERT INTO property VALUES('zodino_pns.form_pns_fc_abb_p4.etLed6.StateColor','zodino_pns.form_pns_fc_abb_p4','zodino_pns.form_pns_fc_abb_p4.etLed6','StateColor','begin
  if $zodino_pns.zodino_pns_20.p4_state$ then return := clLime
  else return := clBtnFace; 
end.');
INSERT INTO property_cell VALUES('zodino_pns.form_pns_fc_abb_p4.etLed6.StateColor','zodino_pns.zodino_pns_20.p4_state');
INSERT INTO property VALUES('zodino_pns.form_pns_fc_abb_p4.Panel1.Caption','zodino_pns.form_pns_fc_abb_p4','zodino_pns.form_pns_fc_abb_p4.Panel1','Caption','begin
  return := ''$zodino_pns.zodino_pns_20.abb_acs580_4_amperage_engine$''; 
end.');
INSERT INTO property_cell VALUES('zodino_pns.form_pns_fc_abb_p4.Panel1.Caption','zodino_pns.zodino_pns_20.abb_acs580_4_amperage_engine');
INSERT INTO property VALUES('zodino_pns.form_pns_fc_abb_p4.Panel2.Caption','zodino_pns.form_pns_fc_abb_p4','zodino_pns.form_pns_fc_abb_p4.Panel2','Caption','begin
  return := ''$zodino_pns.zodino_pns_20.abb_acs580_4_output_freq$''; 
end.');
INSERT INTO property_cell VALUES('zodino_pns.form_pns_fc_abb_p4.Panel2.Caption','zodino_pns.zodino_pns_20.abb_acs580_4_output_freq');
INSERT INTO property VALUES('zodino_pns.form_pns_fc_abb_p4.Panel3.Caption','zodino_pns.form_pns_fc_abb_p4','zodino_pns.form_pns_fc_abb_p4.Panel3','Caption','begin
  return := ''$zodino_pns.zodino_pns_20.abb_acs580_4_disconnecion_reason$''; 
end.');
INSERT INTO property_cell VALUES('zodino_pns.form_pns_fc_abb_p4.Panel3.Caption','zodino_pns.zodino_pns_20.abb_acs580_4_disconnecion_reason');
INSERT INTO property VALUES('zodino_pns.form_pns_fc_abb_p4.Panel4.Caption','zodino_pns.form_pns_fc_abb_p4','zodino_pns.form_pns_fc_abb_p4.Panel4','Caption','begin
  return := ''$zodino_pns.zodino_pns_20.abb_acs580_4_voltage_engine$''; 
end.');
INSERT INTO property_cell VALUES('zodino_pns.form_pns_fc_abb_p4.Panel4.Caption','zodino_pns.zodino_pns_20.abb_acs580_4_voltage_engine');
INSERT INTO property VALUES('zodino_pns.form_pns_fc_abb_p4.Panel5.Caption','zodino_pns.form_pns_fc_abb_p4','zodino_pns.form_pns_fc_abb_p4.Panel5','Caption','begin
  return := ''$zodino_pns.zodino_pns_20.abb_acs580_4_set_freq$''; 
end.');
INSERT INTO property_cell VALUES('zodino_pns.form_pns_fc_abb_p4.Panel5.Caption','zodino_pns.zodino_pns_20.abb_acs580_4_set_freq');
INSERT INTO property VALUES('zodino_pns.form_pns_fc_abb_p4.Panel6.Caption','zodino_pns.form_pns_fc_abb_p4','zodino_pns.form_pns_fc_abb_p4.Panel6','Caption','begin
  return := ''$zodino_pns.zodino_pns_20.abb_acs580_4_fact_value$''; 
end.');
INSERT INTO property_cell VALUES('zodino_pns.form_pns_fc_abb_p4.Panel6.Caption','zodino_pns.zodino_pns_20.abb_acs580_4_fact_value');
INSERT INTO property VALUES('zodino_pns.form_pns_fc_abb_p4.Panel7.Caption','zodino_pns.form_pns_fc_abb_p4','zodino_pns.form_pns_fc_abb_p4.Panel7','Caption','begin
  return := ''$zodino_pns.zodino_pns_20.abb_acs580_4_set_pid$''; 
end.');
INSERT INTO property_cell VALUES('zodino_pns.form_pns_fc_abb_p4.Panel7.Caption','zodino_pns.zodino_pns_20.abb_acs580_4_set_pid');
INSERT INTO property VALUES('zodino_pns.form_pns_fc_abb_p4.SMSLed.StateColor','zodino_pns.form_pns_fc_abb_p4','zodino_pns.form_pns_fc_abb_p4.SMSLed','StateColor','begin
  if $zodino_pns.zodino_pns_20.abb_acs580_4_ready$ then return := clLime
  else return := clBtnFace; 
end.');
INSERT INTO property_cell VALUES('zodino_pns.form_pns_fc_abb_p4.SMSLed.StateColor','zodino_pns.zodino_pns_20.abb_acs580_4_ready');
INSERT INTO property VALUES('zodino_pns.form_pns_fc_abb_p5.etLed1.StateColor','zodino_pns.form_pns_fc_abb_p5','zodino_pns.form_pns_fc_abb_p5.etLed1','StateColor','begin
  if $zodino_pns.zodino_pns_20.abb_acs580_5_ready_to_run$ then return := clLime
  else return := clBtnFace; 
end.');
INSERT INTO property_cell VALUES('zodino_pns.form_pns_fc_abb_p5.etLed1.StateColor','zodino_pns.zodino_pns_20.abb_acs580_5_ready_to_run');
INSERT INTO property VALUES('zodino_pns.form_pns_fc_abb_p5.etLed2.AlarmActive','zodino_pns.form_pns_fc_abb_p5','zodino_pns.form_pns_fc_abb_p5.etLed2','AlarmActive','begin
  return := $zodino_pns.zodino_pns_20.abb_acs580_5_common_alm$; 
end.');
INSERT INTO property_cell VALUES('zodino_pns.form_pns_fc_abb_p5.etLed2.AlarmActive','zodino_pns.zodino_pns_20.abb_acs580_5_common_alm');
INSERT INTO property VALUES('zodino_pns.form_pns_fc_abb_p5.etLed3.StateColor','zodino_pns.form_pns_fc_abb_p5','zodino_pns.form_pns_fc_abb_p5.etLed3','StateColor','begin
  if $zodino_pns.zodino_pns_20.abb_acs580_5_rejection$ then return := clLime
  else return := clBtnFace; 
end.');
INSERT INTO property_cell VALUES('zodino_pns.form_pns_fc_abb_p5.etLed3.StateColor','zodino_pns.zodino_pns_20.abb_acs580_5_rejection');
INSERT INTO property VALUES('zodino_pns.form_pns_fc_abb_p5.etLed4.AlarmActive','zodino_pns.form_pns_fc_abb_p5','zodino_pns.form_pns_fc_abb_p5.etLed4','AlarmActive','begin
  return := $zodino_pns.zodino_pns_20.abb_acs580_5_not_answer$; 
end.');
INSERT INTO property_cell VALUES('zodino_pns.form_pns_fc_abb_p5.etLed4.AlarmActive','zodino_pns.zodino_pns_20.abb_acs580_5_not_answer');
INSERT INTO property VALUES('zodino_pns.form_pns_fc_abb_p5.etLed5.StateColor','zodino_pns.form_pns_fc_abb_p5','zodino_pns.form_pns_fc_abb_p5.etLed5','StateColor','begin
  if $zodino_pns.zodino_pns_20.abb_acs580_5_use$ then return := clLime
  else return := clBtnFace; 
end.');
INSERT INTO property_cell VALUES('zodino_pns.form_pns_fc_abb_p5.etLed5.StateColor','zodino_pns.zodino_pns_20.abb_acs580_5_use');
INSERT INTO property VALUES('zodino_pns.form_pns_fc_abb_p5.etLed6.StateColor','zodino_pns.form_pns_fc_abb_p5','zodino_pns.form_pns_fc_abb_p5.etLed6','StateColor','begin
  if $zodino_pns.zodino_pns_20.p5_state$ then return := clLime
  else return := clBtnFace; 
end.');
INSERT INTO property_cell VALUES('zodino_pns.form_pns_fc_abb_p5.etLed6.StateColor','zodino_pns.zodino_pns_20.p5_state');
INSERT INTO property VALUES('zodino_pns.form_pns_fc_abb_p5.Panel1.Caption','zodino_pns.form_pns_fc_abb_p5','zodino_pns.form_pns_fc_abb_p5.Panel1','Caption','begin
  return := ''$zodino_pns.zodino_pns_20.abb_acs580_5_amperage_engine$''; 
end.');
INSERT INTO property_cell VALUES('zodino_pns.form_pns_fc_abb_p5.Panel1.Caption','zodino_pns.zodino_pns_20.abb_acs580_5_amperage_engine');
INSERT INTO property VALUES('zodino_pns.form_pns_fc_abb_p5.Panel2.Caption','zodino_pns.form_pns_fc_abb_p5','zodino_pns.form_pns_fc_abb_p5.Panel2','Caption','begin
  return := ''$zodino_pns.zodino_pns_20.abb_acs580_5_output_freq$''; 
end.');
INSERT INTO property_cell VALUES('zodino_pns.form_pns_fc_abb_p5.Panel2.Caption','zodino_pns.zodino_pns_20.abb_acs580_5_output_freq');
INSERT INTO property VALUES('zodino_pns.form_pns_fc_abb_p5.Panel3.Caption','zodino_pns.form_pns_fc_abb_p5','zodino_pns.form_pns_fc_abb_p5.Panel3','Caption','begin
  return := ''$zodino_pns.zodino_pns_20.abb_acs580_5_disconnecion_reason$''; 
end.');
INSERT INTO property_cell VALUES('zodino_pns.form_pns_fc_abb_p5.Panel3.Caption','zodino_pns.zodino_pns_20.abb_acs580_5_disconnecion_reason');
INSERT INTO property VALUES('zodino_pns.form_pns_fc_abb_p5.Panel4.Caption','zodino_pns.form_pns_fc_abb_p5','zodino_pns.form_pns_fc_abb_p5.Panel4','Caption','begin
  return := ''$zodino_pns.zodino_pns_20.abb_acs580_5_voltage_engine$''; 
end.');
INSERT INTO property_cell VALUES('zodino_pns.form_pns_fc_abb_p5.Panel4.Caption','zodino_pns.zodino_pns_20.abb_acs580_5_voltage_engine');
INSERT INTO property VALUES('zodino_pns.form_pns_fc_abb_p5.Panel5.Caption','zodino_pns.form_pns_fc_abb_p5','zodino_pns.form_pns_fc_abb_p5.Panel5','Caption','begin
  return := ''$zodino_pns.zodino_pns_20.abb_acs580_5_set_freq$''; 
end.');
INSERT INTO property_cell VALUES('zodino_pns.form_pns_fc_abb_p5.Panel5.Caption','zodino_pns.zodino_pns_20.abb_acs580_5_set_freq');
INSERT INTO property VALUES('zodino_pns.form_pns_fc_abb_p5.Panel6.Caption','zodino_pns.form_pns_fc_abb_p5','zodino_pns.form_pns_fc_abb_p5.Panel6','Caption','begin
  return := ''$zodino_pns.zodino_pns_20.abb_acs580_5_fact_value$''; 
end.');
INSERT INTO property_cell VALUES('zodino_pns.form_pns_fc_abb_p5.Panel6.Caption','zodino_pns.zodino_pns_20.abb_acs580_5_fact_value');
INSERT INTO property VALUES('zodino_pns.form_pns_fc_abb_p5.Panel7.Caption','zodino_pns.form_pns_fc_abb_p5','zodino_pns.form_pns_fc_abb_p5.Panel7','Caption','begin
  return := ''$zodino_pns.zodino_pns_20.abb_acs580_5_set_pid$''; 
end.');
INSERT INTO property_cell VALUES('zodino_pns.form_pns_fc_abb_p5.Panel7.Caption','zodino_pns.zodino_pns_20.abb_acs580_5_set_pid');
INSERT INTO property VALUES('zodino_pns.form_pns_fc_abb_p5.SMSLed.StateColor','zodino_pns.form_pns_fc_abb_p5','zodino_pns.form_pns_fc_abb_p5.SMSLed','StateColor','begin
  if $zodino_pns.zodino_pns_20.abb_acs580_5_ready$ then return := clLime
  else return := clBtnFace; 
end.');
INSERT INTO property_cell VALUES('zodino_pns.form_pns_fc_abb_p5.SMSLed.StateColor','zodino_pns.zodino_pns_20.abb_acs580_5_ready');
INSERT INTO property VALUES('zodino_pns.form_pns_cs.etOdometr1.Values.Value','zodino_pns.form_pns_cs','zodino_pns.form_pns_cs.etOdometr1','Values.Value','begin
  return := $zodino_pns.zodino_pns_20.rsm0503_cs_acc_value$; 
end.');
INSERT INTO property_cell VALUES('zodino_pns.form_pns_cs.etOdometr1.Values.Value','zodino_pns.zodino_pns_20.rsm0503_cs_acc_value');
INSERT INTO property VALUES('zodino_pns.form_pns_cs.etValueSensorCS1.AlarmActive','zodino_pns.form_pns_cs','zodino_pns.form_pns_cs.etValueSensorCS1','AlarmActive','begin
  if $zodino_pns.zodino_pns_20.rsm0503_cs_common_alm$ or
     $zodino_pns.zodino_pns_20.rsm0503_cs_not_answer$ then return := true
  else return := false; 
end.');
INSERT INTO property_cell VALUES('zodino_pns.form_pns_cs.etValueSensorCS1.AlarmActive','zodino_pns.zodino_pns_20.rsm0503_cs_common_alm');
INSERT INTO property_cell VALUES('zodino_pns.form_pns_cs.etValueSensorCS1.AlarmActive','zodino_pns.zodino_pns_20.rsm0503_cs_not_answer');
INSERT INTO property VALUES('zodino_pns.form_pns_cs.etValueSensorCS1.CurValue','zodino_pns.form_pns_cs','zodino_pns.form_pns_cs.etValueSensorCS1','CurValue','begin
  return := $zodino_pns.zodino_pns_20.rsm0503_cs_value$; 
end.');
INSERT INTO property_cell VALUES('zodino_pns.form_pns_cs.etValueSensorCS1.CurValue','zodino_pns.zodino_pns_20.rsm0503_cs_value');
INSERT INTO property VALUES('zodino_pns.form_pns_ps1.etValueSensorPS.AlarmActive','zodino_pns.form_pns_ps1','zodino_pns.form_pns_ps1.etValueSensorPS','AlarmActive','begin
  if $zodino_pns.zodino_pns_20.ps1_min_alm$ or 
     $zodino_pns.zodino_pns_20.ps1_max_alm$ then return := true
  else return := false; 
end.');
INSERT INTO property_cell VALUES('zodino_pns.form_pns_ps1.etValueSensorPS.AlarmActive','zodino_pns.zodino_pns_20.ps1_min_alm');
INSERT INTO property_cell VALUES('zodino_pns.form_pns_ps1.etValueSensorPS.AlarmActive','zodino_pns.zodino_pns_20.ps1_max_alm');
INSERT INTO property VALUES('zodino_pns.form_pns_ps1.etValueSensorPS.CurValue','zodino_pns.form_pns_ps1','zodino_pns.form_pns_ps1.etValueSensorPS','CurValue','begin
  return := $zodino_pns.zodino_pns_20.ps1_value$; 
end.');
INSERT INTO property_cell VALUES('zodino_pns.form_pns_ps1.etValueSensorPS.CurValue','zodino_pns.zodino_pns_20.ps1_value');
INSERT INTO property VALUES('zodino_pns.form_pns_ps1.etValueSensorPS.MaxPos','zodino_pns.form_pns_ps1','zodino_pns.form_pns_ps1.etValueSensorPS','MaxPos','begin
  return := $zodino_pns.zodino_pns_20.ps1_max_value$ * 1.1; 
end.');
INSERT INTO property_cell VALUES('zodino_pns.form_pns_ps1.etValueSensorPS.MaxPos','zodino_pns.zodino_pns_20.ps1_max_value');
INSERT INTO property VALUES('zodino_pns.form_pns_ps1.etValueSensorPS.MaxValue','zodino_pns.form_pns_ps1','zodino_pns.form_pns_ps1.etValueSensorPS','MaxValue','begin
  return := $zodino_pns.zodino_pns_20.ps1_max_value$; 
end.');
INSERT INTO property_cell VALUES('zodino_pns.form_pns_ps1.etValueSensorPS.MaxValue','zodino_pns.zodino_pns_20.ps1_max_value');
INSERT INTO property VALUES('zodino_pns.form_pns_ps1.etValueSensorPS.MinValue','zodino_pns.form_pns_ps1','zodino_pns.form_pns_ps1.etValueSensorPS','MinValue','begin
  return := $zodino_pns.zodino_pns_20.ps1_min_value$; 
end.');
INSERT INTO property_cell VALUES('zodino_pns.form_pns_ps1.etValueSensorPS.MinValue','zodino_pns.zodino_pns_20.ps1_min_value');
INSERT INTO property VALUES('zodino_pns.form_pns_ps2.etValueSensorPS.AlarmActive','zodino_pns.form_pns_ps2','zodino_pns.form_pns_ps2.etValueSensorPS','AlarmActive','begin
  if $zodino_pns.zodino_pns_20.ps2_min_alm$ or 
     $zodino_pns.zodino_pns_20.ps2_max_alm$ then return := true
  else return := false; 
end.');
INSERT INTO property_cell VALUES('zodino_pns.form_pns_ps2.etValueSensorPS.AlarmActive','zodino_pns.zodino_pns_20.ps2_min_alm');
INSERT INTO property_cell VALUES('zodino_pns.form_pns_ps2.etValueSensorPS.AlarmActive','zodino_pns.zodino_pns_20.ps2_max_alm');
INSERT INTO property VALUES('zodino_pns.form_pns_ps2.etValueSensorPS.CurValue','zodino_pns.form_pns_ps2','zodino_pns.form_pns_ps2.etValueSensorPS','CurValue','begin
  return := $zodino_pns.zodino_pns_20.ps2_value$; 
end.');
INSERT INTO property_cell VALUES('zodino_pns.form_pns_ps2.etValueSensorPS.CurValue','zodino_pns.zodino_pns_20.ps2_value');
INSERT INTO property VALUES('zodino_pns.form_pns_ps2.etValueSensorPS.MaxPos','zodino_pns.form_pns_ps2','zodino_pns.form_pns_ps2.etValueSensorPS','MaxPos','begin
  return := $zodino_pns.zodino_pns_20.ps2_max_value$ * 1.1; 
end.');
INSERT INTO property_cell VALUES('zodino_pns.form_pns_ps2.etValueSensorPS.MaxPos','zodino_pns.zodino_pns_20.ps2_max_value');
INSERT INTO property VALUES('zodino_pns.form_pns_ps2.etValueSensorPS.MaxValue','zodino_pns.form_pns_ps2','zodino_pns.form_pns_ps2.etValueSensorPS','MaxValue','begin
  return := $zodino_pns.zodino_pns_20.ps2_max_value$; 
end.');
INSERT INTO property_cell VALUES('zodino_pns.form_pns_ps2.etValueSensorPS.MaxValue','zodino_pns.zodino_pns_20.ps2_max_value');
INSERT INTO property VALUES('zodino_pns.form_pns_ps2.etValueSensorPS.MinValue','zodino_pns.form_pns_ps2','zodino_pns.form_pns_ps2.etValueSensorPS','MinValue','begin
  return := $zodino_pns.zodino_pns_20.ps2_min_value$; 
end.');
INSERT INTO property_cell VALUES('zodino_pns.form_pns_ps2.etValueSensorPS.MinValue','zodino_pns.zodino_pns_20.ps2_min_value');
INSERT INTO property VALUES('zodino_pns.form_pns_equipment.Door2Led.AlarmActive','zodino_pns.form_pns_equipment','zodino_pns.form_pns_equipment.Door2Led','AlarmActive','begin
  return := $zodino_pns.zodino_pns_20.alm_memory$; 
end.');
INSERT INTO property_cell VALUES('zodino_pns.form_pns_equipment.Door2Led.AlarmActive','zodino_pns.zodino_pns_20.alm_memory');
INSERT INTO property VALUES('zodino_pns.form_pns_equipment.etLed1.AlarmActive','zodino_pns.form_pns_equipment','zodino_pns.form_pns_equipment.etLed1','AlarmActive','begin
  return := $zodino_pns.zodino_pns_20.alm_time_incorrect$; 
end.');
INSERT INTO property_cell VALUES('zodino_pns.form_pns_equipment.etLed1.AlarmActive','zodino_pns.zodino_pns_20.alm_time_incorrect');
INSERT INTO property VALUES('zodino_pns.form_pns_equipment.etLed16.AlarmActive','zodino_pns.form_pns_equipment','zodino_pns.form_pns_equipment.etLed16','AlarmActive','begin
  return := $zodino_pns.zodino_pns_20.alm_block_rs485_1_not_answer$; 
end.');
INSERT INTO property_cell VALUES('zodino_pns.form_pns_equipment.etLed16.AlarmActive','zodino_pns.zodino_pns_20.alm_block_rs485_1_not_answer');
INSERT INTO property VALUES('zodino_pns.form_pns_equipment.etLed2.AlarmActive','zodino_pns.form_pns_equipment','zodino_pns.form_pns_equipment.etLed2','AlarmActive','begin
  return := $zodino_pns.zodino_pns_20.alm_block_di1_not_answer$; 
end.');
INSERT INTO property_cell VALUES('zodino_pns.form_pns_equipment.etLed2.AlarmActive','zodino_pns.zodino_pns_20.alm_block_di1_not_answer');
INSERT INTO property VALUES('zodino_pns.form_pns_equipment.etLed3.AlarmActive','zodino_pns.form_pns_equipment','zodino_pns.form_pns_equipment.etLed3','AlarmActive','begin
  return := $zodino_pns.zodino_pns_20.alm_power$; 
end.');
INSERT INTO property_cell VALUES('zodino_pns.form_pns_equipment.etLed3.AlarmActive','zodino_pns.zodino_pns_20.alm_power');
INSERT INTO property VALUES('zodino_pns.form_pns_equipment.etLed4.AlarmActive','zodino_pns.form_pns_equipment','zodino_pns.form_pns_equipment.etLed4','AlarmActive','begin
  return := $zodino_pns.zodino_pns_20.alm_block_di2_not_answer$; 
end.');
INSERT INTO property_cell VALUES('zodino_pns.form_pns_equipment.etLed4.AlarmActive','zodino_pns.zodino_pns_20.alm_block_di2_not_answer');
INSERT INTO property VALUES('zodino_pns.form_pns_equipment.etLed5.AlarmActive','zodino_pns.form_pns_equipment','zodino_pns.form_pns_equipment.etLed5','AlarmActive','begin
  return := $zodino_pns.zodino_pns_20.alm_block_do1_not_answer$; 
end.');
INSERT INTO property_cell VALUES('zodino_pns.form_pns_equipment.etLed5.AlarmActive','zodino_pns.zodino_pns_20.alm_block_do1_not_answer');
INSERT INTO property VALUES('zodino_pns.form_pns_equipment.etLed6.AlarmActive','zodino_pns.form_pns_equipment','zodino_pns.form_pns_equipment.etLed6','AlarmActive','begin
  return := $zodino_pns.zodino_pns_20.alm_block_rs485_1_not_answer$; 
end.');
INSERT INTO property_cell VALUES('zodino_pns.form_pns_equipment.etLed6.AlarmActive','zodino_pns.zodino_pns_20.alm_block_rs485_1_not_answer');

/* event, jmp_event, cmd_event */

INSERT INTO event VALUES('zodino_pns.form_pns_zodino_20.AILed.equipment','zodino_pns.form_pns_zodino_20','zodino_pns.form_pns_zodino_20.AILed','jmp','OnClick');
INSERT INTO jmp_event VALUES('zodino_pns.form_pns_zodino_20.AILed.equipment','zodino_pns.form_pns_equipment');
INSERT INTO event VALUES('zodino_pns.form_pns_zodino_20.BtnAlm.alarm','zodino_pns.form_pns_zodino_20','zodino_pns.form_pns_zodino_20.BtnAlm','cmd','OnClick');
INSERT INTO cmd_event VALUES('zodino_pns.form_pns_zodino_20.BtnAlm.alarm','zodino_pns.zodino_pns_20.gsm.restart_counter_sms_gsm','');
INSERT INTO event VALUES('zodino_pns.form_pns_zodino_20.BtnGetStat.get_stat','zodino_pns.form_pns_zodino_20','zodino_pns.form_pns_zodino_20.BtnGetStat','cmd','OnClick');
INSERT INTO cmd_event VALUES('zodino_pns.form_pns_zodino_20.BtnGetStat.get_stat','zodino_pns.zodino_pns_20.zodino_pns_20.get_count_block_stat','count_block_stat=100');
INSERT INTO cmd_event VALUES('zodino_pns.form_pns_zodino_20.BtnGetStat.get_stat','zodino_pns.zodino_pns_20.zodino_pns_20.del_count_block_stat','count_block_stat=100');
INSERT INTO event VALUES('zodino_pns.form_pns_zodino_20.BtnGetState.get_state','zodino_pns.form_pns_zodino_20','zodino_pns.form_pns_zodino_20.BtnGetState','cmd','OnClick');
INSERT INTO cmd_event VALUES('zodino_pns.form_pns_zodino_20.BtnGetState.get_state','zodino_pns.zodino_pns_20.zodino_pns_20.get_state','');
INSERT INTO event VALUES('zodino_pns.form_pns_zodino_20.BtnSinhroTime.set_time','zodino_pns.form_pns_zodino_20','zodino_pns.form_pns_zodino_20.BtnSinhroTime','cmd','OnClick');
INSERT INTO cmd_event VALUES('zodino_pns.form_pns_zodino_20.BtnSinhroTime.set_time','zodino_pns.zodino_pns_20.zodino_pns_20.set_date_time','date_time=[etDeltaTimer1.Current]');
INSERT INTO event VALUES('zodino_pns.form_pns_zodino_20.etCompressor1.p1','zodino_pns.form_pns_zodino_20','zodino_pns.form_pns_zodino_20.etCompressor1','jmp','OnClick');
INSERT INTO jmp_event VALUES('zodino_pns.form_pns_zodino_20.etCompressor1.p1','zodino_pns.form_pns_fc_abb_p1');
INSERT INTO event VALUES('zodino_pns.form_pns_zodino_20.etCompressor2.p2','zodino_pns.form_pns_zodino_20','zodino_pns.form_pns_zodino_20.etCompressor2','jmp','OnClick');
INSERT INTO jmp_event VALUES('zodino_pns.form_pns_zodino_20.etCompressor2.p2','zodino_pns.form_pns_fc_abb_p2');
INSERT INTO event VALUES('zodino_pns.form_pns_zodino_20.etCompressor3.p3','zodino_pns.form_pns_zodino_20','zodino_pns.form_pns_zodino_20.etCompressor3','jmp','OnClick');
INSERT INTO jmp_event VALUES('zodino_pns.form_pns_zodino_20.etCompressor3.p3','zodino_pns.form_pns_fc_abb_p3');
INSERT INTO event VALUES('zodino_pns.form_pns_zodino_20.etCompressor4.p4','zodino_pns.form_pns_zodino_20','zodino_pns.form_pns_zodino_20.etCompressor4','jmp','OnClick');
INSERT INTO jmp_event VALUES('zodino_pns.form_pns_zodino_20.etCompressor4.p4','zodino_pns.form_pns_fc_abb_p4');
INSERT INTO event VALUES('zodino_pns.form_pns_zodino_20.etCompressor5.p5','zodino_pns.form_pns_zodino_20','zodino_pns.form_pns_zodino_20.etCompressor5','jmp','OnClick');
INSERT INTO jmp_event VALUES('zodino_pns.form_pns_zodino_20.etCompressor5.p5','zodino_pns.form_pns_fc_abb_p5');
INSERT INTO event VALUES('zodino_pns.form_pns_zodino_20.etSign1.ps2','zodino_pns.form_pns_zodino_20','zodino_pns.form_pns_zodino_20.etSign1','jmp','OnClick');
INSERT INTO jmp_event VALUES('zodino_pns.form_pns_zodino_20.etSign1.ps2','zodino_pns.form_pns_ps2');
INSERT INTO event VALUES('zodino_pns.form_pns_zodino_20.etSign3.cs1','zodino_pns.form_pns_zodino_20','zodino_pns.form_pns_zodino_20.etSign3','jmp','OnClick');
INSERT INTO jmp_event VALUES('zodino_pns.form_pns_zodino_20.etSign3.cs1','zodino_pns.form_pns_cs');
INSERT INTO event VALUES('zodino_pns.form_pns_zodino_20.RzButton1.gg','zodino_pns.form_pns_zodino_20','zodino_pns.form_pns_zodino_20.RzButton1','cmd','OnClick');
INSERT INTO cmd_event VALUES('zodino_pns.form_pns_zodino_20.RzButton1.gg','zodino_pns.zodino_pns_20.gsm.get_state_gsm','');
INSERT INTO cmd_event VALUES('zodino_pns.form_pns_zodino_20.RzButton1.gg','zodino_pns.zodino_pns_20.gprs.get_apn_srv_gprs','');
INSERT INTO cmd_event VALUES('zodino_pns.form_pns_zodino_20.RzButton1.gg','zodino_pns.zodino_pns_20.gprs.get_apn_user_gprs','');
INSERT INTO cmd_event VALUES('zodino_pns.form_pns_zodino_20.RzButton1.gg','zodino_pns.zodino_pns_20.gprs.get_apn_pass_gprs','');
INSERT INTO cmd_event VALUES('zodino_pns.form_pns_zodino_20.RzButton1.gg','zodino_pns.zodino_pns_20.gprs.get_tcp_srv_gprs','');
INSERT INTO cmd_event VALUES('zodino_pns.form_pns_zodino_20.RzButton1.gg','zodino_pns.zodino_pns_20.gprs.get_tcp_port_gprs','');
INSERT INTO cmd_event VALUES('zodino_pns.form_pns_zodino_20.RzButton1.gg','zodino_pns.zodino_pns_20.gprs.get_name_object_autorization_gprs','');
INSERT INTO cmd_event VALUES('zodino_pns.form_pns_zodino_20.RzButton1.gg','zodino_pns.zodino_pns_20.gprs.get_name_user_autorization_gprs','');
INSERT INTO cmd_event VALUES('zodino_pns.form_pns_zodino_20.RzButton1.gg','zodino_pns.zodino_pns_20.gprs.get_pass_autorization_gprs','');
INSERT INTO event VALUES('zodino_pns.form_pns_zodino_20.SignPsi.ps1','zodino_pns.form_pns_zodino_20','zodino_pns.form_pns_zodino_20.SignPsi','jmp','OnClick');
INSERT INTO jmp_event VALUES('zodino_pns.form_pns_zodino_20.SignPsi.ps1','zodino_pns.form_pns_ps1');
INSERT INTO event VALUES('zodino_pns.form_pns_fc_abb_p1.BtnOff.p_off','zodino_pns.form_pns_fc_abb_p1','zodino_pns.form_pns_fc_abb_p1.BtnOff','cmd','OnClick');
INSERT INTO cmd_event VALUES('zodino_pns.form_pns_fc_abb_p1.BtnOff.p_off','zodino_pns.zodino_pns_20.p1.on_off_pump','p1_on=false');
INSERT INTO event VALUES('zodino_pns.form_pns_fc_abb_p1.BtnOn.p_on','zodino_pns.form_pns_fc_abb_p1','zodino_pns.form_pns_fc_abb_p1.BtnOn','cmd','OnClick');
INSERT INTO cmd_event VALUES('zodino_pns.form_pns_fc_abb_p1.BtnOn.p_on','zodino_pns.zodino_pns_20.p1.on_off_pump','p1_on=true');
INSERT INTO event VALUES('zodino_pns.form_pns_fc_abb_p2.BtnOff.p_off','zodino_pns.form_pns_fc_abb_p2','zodino_pns.form_pns_fc_abb_p2.BtnOff','cmd','OnClick');
INSERT INTO cmd_event VALUES('zodino_pns.form_pns_fc_abb_p2.BtnOff.p_off','zodino_pns.zodino_pns_20.p2.on_off_pump','p2_on=false');
INSERT INTO event VALUES('zodino_pns.form_pns_fc_abb_p2.BtnOn.p_on','zodino_pns.form_pns_fc_abb_p2','zodino_pns.form_pns_fc_abb_p2.BtnOn','cmd','OnClick');
INSERT INTO cmd_event VALUES('zodino_pns.form_pns_fc_abb_p2.BtnOn.p_on','zodino_pns.zodino_pns_20.p2.on_off_pump','p2_on=true');
INSERT INTO event VALUES('zodino_pns.form_pns_fc_abb_p3.BtnOff.p_off','zodino_pns.form_pns_fc_abb_p3','zodino_pns.form_pns_fc_abb_p3.BtnOff','cmd','OnClick');
INSERT INTO cmd_event VALUES('zodino_pns.form_pns_fc_abb_p3.BtnOff.p_off','zodino_pns.zodino_pns_20.p3.on_off_pump','p3_on=false');
INSERT INTO event VALUES('zodino_pns.form_pns_fc_abb_p3.BtnOn.p_on','zodino_pns.form_pns_fc_abb_p3','zodino_pns.form_pns_fc_abb_p3.BtnOn','cmd','OnClick');
INSERT INTO cmd_event VALUES('zodino_pns.form_pns_fc_abb_p3.BtnOn.p_on','zodino_pns.zodino_pns_20.p3.on_off_pump','p3_on=true');
INSERT INTO event VALUES('zodino_pns.form_pns_fc_abb_p4.BtnOff.p_off','zodino_pns.form_pns_fc_abb_p4','zodino_pns.form_pns_fc_abb_p4.BtnOff','cmd','OnClick');
INSERT INTO cmd_event VALUES('zodino_pns.form_pns_fc_abb_p4.BtnOff.p_off','zodino_pns.zodino_pns_20.p4.on_off_pump','p4_on=false');
INSERT INTO event VALUES('zodino_pns.form_pns_fc_abb_p4.BtnOn.p_on','zodino_pns.form_pns_fc_abb_p4','zodino_pns.form_pns_fc_abb_p4.BtnOn','cmd','OnClick');
INSERT INTO cmd_event VALUES('zodino_pns.form_pns_fc_abb_p4.BtnOn.p_on','zodino_pns.zodino_pns_20.p4.on_off_pump','p4_on=true');
INSERT INTO event VALUES('zodino_pns.form_pns_fc_abb_p5.BtnOff.p_off','zodino_pns.form_pns_fc_abb_p5','zodino_pns.form_pns_fc_abb_p5.BtnOff','cmd','OnClick');
INSERT INTO cmd_event VALUES('zodino_pns.form_pns_fc_abb_p5.BtnOff.p_off','zodino_pns.zodino_pns_20.p5.on_off_pump','p5_on=false');
INSERT INTO event VALUES('zodino_pns.form_pns_fc_abb_p5.BtnOn.p_on','zodino_pns.form_pns_fc_abb_p5','zodino_pns.form_pns_fc_abb_p5.BtnOn','cmd','OnClick');
INSERT INTO cmd_event VALUES('zodino_pns.form_pns_fc_abb_p5.BtnOn.p_on','zodino_pns.zodino_pns_20.p5.on_off_pump','p5_on=true');
INSERT INTO event VALUES('zodino_pns.form_pns_equipment.Form_2.equipment','zodino_pns.form_pns_equipment','zodino_pns.form_pns_equipment.Form_2','jmp','OnClick');

/* menu */

INSERT INTO menu VALUES('zodino_pns.000',NULL,'zodino_pns','zodino_pns.form_pns_zodino_20','wnd','Жодино ПНС №20');
